Synonym;Kategorie;Gate;Gate-aktiv-bei;Basis;Beschreibung;Typ;Registertyp lesen;Registertyp schreiben;rw;Adresse;Register;Multiplikator;Unit;Min;Max;Inc;0;1;2;3;4;5;6;7;8;9;10;11;12;13;14;15;16;17;18;19;20
ZK;kessel;D4;1;1;Kesselzustand PK;DAQ-ANA;3;;r;11588;11589;0,1;;;;;Initialisierung;Aus;SR Init;Start;Zündung Einschub;Zündung Pause;Leistungsbrand Start;Leistungsbrand;Gluterhaltung;Ausbrand;Entaschung Rost;Entaschung Nachlauf;Reinigung;Füllen Start;Füllen;Handbetrieb;Aschebox Warten;Verbrennungsassistent;ABS;STB;
O2soll;kessel;D4;1;;O2-Soll;DAQ-ANA;3;;r;11592;11593;0,1;%;;;;;;;;;;;;;;;;;;;;;;;;
TK;kessel;D4;1;1;Kesseltemperatur;DAQ-ANA;3;;r;10082;10083;0,1;°C;;;;;;;;;;;;;;;;;;;;;;;;
TKsoll;kessel;D4;1;;Kessel-Solltemperatur;DAQ-ANA;3;;r;11538;11539;0,1;°C;;;;;;;;;;;;;;;;;;;;;;;;
TRL;system;;;;Rücklauftemperatur;DAQ-ANA;3;;r;11514;11515;0,1;°C;;;;;;;;;;;;;;;;;;;;;;;;
TRLsoll;system;;;;Rücklauf-Solltemperatur;DAQ-ANA;3;;r;11610;11611;0,1;°C;;;;;;;;;;;;;;;;;;;;;;;;
Spreizung;system;;;;Spreizung Rücklauf;DAQ-ANA;3;;r;11684;11685;0,1;°C;;;;;;;;;;;;;;;;;;;;;;;;
TRG;kessel;D4;1;1;Rauchgastemperatur;DAQ-ANA;3;;r;11512;11513;0,1;°C;;;;;;;;;;;;;;;;;;;;;;;;
TPo;zentralpuffer;C2;1,2,3,4,5;1;Puffertemperatur oben;DAQ-ANA;3;;r;10122;10123;0,1;°C;;;;;;;;;;;;;;;;;;;;;;;;
TPm;zentralpuffer;C2;1,2,3,4,5;1;Puffertemperatur Mitte;DAQ-ANA;3;;r;10254;10255;0,1;°C;;;;;;;;;;;;;;;;;;;;;;;;
TPu;zentralpuffer;C2;1,2,3,4,5;1;Puffertemperatur unten;DAQ-ANA;3;;r;10124;10125;0,1;°C;;;;;;;;;;;;;;;;;;;;;;;;
Puff Füllgrad;zentralpuffer;C2;1,2,3,4,5;1;Pufferfüllgrad Zentralpuffer;DAQ-ANA;3;;r;11342;11343;0,1;%;;;;;;;;;;;;;;;;;;;;;;;;
Puffer_soll oben;zentralpuffer;C2;1,2,3,4,5;;Puffer oben Sollwert;DAQ-ANA;3;;r;11344;11345;0,1;°C;;;;;;;;;;;;;;;;;;;;;;;;
Puffer_soll unten;zentralpuffer;C2;1,2,3,4,5;;Puffer unten Sollwert;DAQ-ANA;3;;r;11346;11347;0,1;°C;;;;;;;;;;;;;;;;;;;;;;;;
PuffZustand;zentralpuffer;C2;1,2,3,4,5;1;Zustand Zentralpuffer;DAQ-ANA;3;6;rw;10202;10203;0,1;;;;;Aus;Restwärme;Ein;Laden;Handbetrieb;Rauchfangkehrer;;;;;;;;;;;;;;;
Max Anf Kessel;kessel;D4;1;;höchste Anforderung Kessel;DAQ-ANA;3;;r;11678;11679;0,1;;;;;;;;;;;;;;;;;;;;;;;;;
TFW;fremdwaerme;C9;1,2;;Fremdwärmetemperatur;DAQ-ANA;3;;rw;11500;11501;0,1;°C;;;;;;;;;;;;;;;;;;;;;;;;
Leistung;kessel;D4;1;1;Kesselleistung;DAQ-ANA;3;;r;11536;11537;0,1;%;;;;;;;;;;;;;;;;;;;;;;;;
Programm;kessel;D4;1;1;Programmwahlschalter;DAQ-ANA;3;6;rw;11336;11337;0,1;;;;;Hand;Aus;Boiler;Auto;Feuerung aus;;;;;;;;;;;;;;;;
Störungs Nr;kessel;D4;1;1;aktuelle Störungsnummer;DAQ-ANA;3;;r;11530;11531;0,1;;;;;;;;;;;;;;;;;;;;;;;;;
Max Anf ZenPuf;zentralpuffer;C2;1,2,3,4,5;;höchste Anforderung Zentralpuffer;DAQ-ANA;3;;r;13246;13247;0,1;°C;;;;;;;;;;;;;;;;;;;;;;;;
I Es;kessel;D4;1;;Strom Einschubschnecke;DAQ-ANA;3;;r;11628;11629;0,1;mA;;;;;;;;;;;;;;;;;;;;;;;;
I Ra;kessel;D4;1;;Strom Raumaustragung;DAQ-ANA;3;;r;11630;11631;0,1;mA;;;;;;;;;;;;;;;;;;;;;;;;
I Aa;kessel;D4;1;;Strom Ascheaustragung;DAQ-ANA;3;;r;11632;11633;0,1;mA;;;;;;;;;;;;;;;;;;;;;;;;
I Sr;kessel;D4;1;;Strom Schieberost;DAQ-ANA;3;;r;11836;11837;0,1;mA;;;;;;;;;;;;;;;;;;;;;;;;
I Rein;kessel;D4;1;;Strom Putzeinrichtung;DAQ-ANA;3;;r;11838;11839;0,1;mA;;;;;;;;;;;;;;;;;;;;;;;;
LZ ES seit Füll.;kessel;D4;1;;Einschub seit letztem Füllen;DAQ-ANA;3;;r;11676;11677;0,1;Min;;;;;;;;;;;;;;;;;;;;;;;;
LZ LB seit Ent.;kessel;D4;1;;Einschub seit letzter Entaschung;DAQ-ANA;3;;r;11850;11851;0,1;Min;;;;;;;;;;;;;;;;;;;;;;;;
Anzahl Entasch.;kessel;D4;1;;Anzahl Entaschungen;DAQ-ANA;3;;r;11852;11853;0,1;;;;;;;;;;;;;;;;;;;;;;;;;
Anzahl SR Beweg.;kessel;D4;1;;Anzahl Bewegungen Schieberost;DAQ-ANA;3;;r;11854;11855;0,1;;;;;;;;;;;;;;;;;;;;;;;;;
Lagerstand;kessel;D4;1;1;Lagerstand Brennstoff;DAQ-ANA;3;;r;11534;11535;0,1;kg;;;;;;;;;;;;;;;;;;;;;;;;
Verbrauchszähler;kessel;D4;1;1;Verbrauch Pellets;DAQ-ANA;3;;r;11858;11859;0,1;kg;;;;;;;;;;;;;;;;;;;;;;;;
U Netzteil;kessel;D4;1;;Spannung Netzteil;DAQ-ANA;3;;r;11862;11863;0,1;mV;;;;;;;;;;;;;;;;;;;;;;;;
T Spülung;kessel;D4;1;1;Temperatur Nano-PK Plus;DAQ-ANA;3;;r;11860;11861;0,1;°C;;;;;;;;;;;;;;;;;;;;;;;;
Tplat;kessel;D4;1;;Temperatur Platine;DAQ-ANA;3;;r;11682;11683;0,1;°C;;;;;;;;;;;;;;;;;;;;;;;;
TVG;fernleitung;;;;Vorlauftemperatur geregelte Fernleitung;DAQ-ANA;3;;r;11278;11279;0,1;°C;;;;;;;;;;;;;;;;;;;;;;;;
TVG2;fernleitung;;;;Vorlauftemperatur geregelte Fernleitung 2;DAQ-ANA;3;;r;11942;11943;0,1;°C;;;;;;;;;;;;;;;;;;;;;;;;
AIN17;system;;;;AIN 17;DAQ-ANA;3;;r;11856;11857;0,1;V;;;;;;;;;;;;;;;;;;;;;;;;
Taus;witterung;;;1;Außentemperatur;DAQ-ANA;3;;rw;10008;10009;0,1;°C;;;;;;;;;;;;;;;;;;;;;;;;
TA Gem.;witterung;;;1;Außentemperatur gemittelt;DAQ-ANA;3;;r;10006;10007;0,1;°C;;;;;;;;;;;;;;;;;;;;;;;;
Puffer_soll;zentralpuffer;C2;1,2,3,4,5;;Puffer-Solltemperatur;DAQ-ANA;3;;r;11260;11261;0,1;°C;;;;;;;;;;;;;;;;;;;;;;;;
TPmo;zentralpuffer;C2;1,2,3,4,5;1;Puffertemperatur Mitte oben;DAQ-ANA;3;;r;11504;11505;0,1;°C;;;;;;;;;;;;;;;;;;;;;;;;
TPmu;zentralpuffer;C2;1,2,3,4,5;1;Puffertemperatur Mitte unten;DAQ-ANA;3;;r;11506;11507;0,1;°C;;;;;;;;;;;;;;;;;;;;;;;;
Programm HKM1;kessel;D4;1;;Programmwahlschalter HKM1;DAQ-ANA;3;;r;11338;11339;0,1;;;;;Hand;Aus;Boiler;Auto;;;;;;;;;;;;;;;;;
Programm HKM2;kessel;D4;1;;Programmwahlschalter HKM2;DAQ-ANA;3;;r;11340;11341;0,1;;;;;;;;;;;;;;;;;;;;;;;;;
ExtHK Spg;system;;;;Anf. externer HK Spannung;DAQ-ANA;3;;r;11300;11301;0,1;V;;;;Hand;Aus;Boiler;Auto;;;;;;;;;;;;;;;;;
ExtHK Solltmp.;system;;;;Solltemperatur externer Heizkreis;DAQ-ANA;3;;r;11296;11297;0,1;°C;;;;;;;;;;;;;;;;;;;;;;;;
ExtHK_2 Solltmp.;heizkreis_2;A11;1,2,3,4;;Solltemperatur externer Heizkreis 2;DAQ-ANA;3;;r;11292;11293;0,1;°C;;;;;;;;;;;;;;;;;;;;;;;;
ExtHK_3 Solltmp.;heizkreis_3;A21;1,2,3,4;;Solltemperatur externer Heizkreis 3;DAQ-ANA;3;;r;11294;11295;0,1;°C;;;;;;;;;;;;;;;;;;;;;;;;
TVL_A;heizkreis_a;A61;1,2,3,4;;Vorlauftemperatur Heizkreis A;DAQ-ANA;3;;r;10244;10245;0,1;°C;;;;;;;;;;;;;;;;;;;;;;;;
TVLs_A;heizkreis_a;A61;1,2,3,4;;Vorlauf-Solltemperatur Heizkreis A;DAQ-ANA;3;;r;10246;10247;0,1;°C;;;;;;;;;;;;;;;;;;;;;;;;
TRA_A;heizkreis_a;A61;1,2,3,4;;Raumfühler Heizkreis A;DAQ-ANA;3;;r;10052;10053;0,1;°C;;;;;;;;;;;;;;;;;;;;;;;;
TRs_A;heizkreis_a;A61;1,2,3,4;;Raum-Solltemperatur Heizkreis A;DAQ-ANA;3;;r;11226;11227;0,1;°C;;;;;;;;;;;;;;;;;;;;;;;;
HKZustand_A;heizkreis_a;A61;1,2,3,4;;Zustand Heizkreis A;DAQ-ANA;3;;r;10248;10249;0,1;;;;;Aus;Heizen;Rampe Absenken;Absenken;Tag/Nacht Abschaltung;Sommerabschaltung;Frostschutz;Estrich;Handbetrieb;Restwärme;Solarheizen;;;;;;;;;;
FRA Zustand;heizkreis_a;A61;1,2,3,4;;Raumfernbedienung Zustand Heizkreis A;DAQ-ANA;3;;r;11542;11543;0,1;;;;;Keine;Auto;Nacht;Tag;Aus;Party;Frostschutz;;;;;;;;;;;;;;
KNX Raumtemp HKA;heizkreis_a;A61;1,2,3,4;;Vorgabe Raumtemp. HKA;DAQ-ANA;3;;rw;11000;11001;0,1;°C;;;;;;;;;;;;;;;;;;;;;;;;
TVL_1;heizkreis_1;A1;1,2,3,4;;Vorlauftemperatur Heizkreis 1;DAQ-ANA;3;;r;10144;10145;0,1;°C;;;;;;;;;;;;;;;;;;;;;;;;
TVLs_1;heizkreis_1;A1;1,2,3,4;;Vorlauf-Solltemperatur Heizkreis 1;DAQ-ANA;3;;r;10146;10147;0,1;°C;;;;;;;;;;;;;;;;;;;;;;;;
TRA_1;heizkreis_1;A1;1,2,3,4;;Raumfühler Heizkreis 1;DAQ-ANA;3;;r;10040;10041;0,1;°C;;;;;;;;;;;;;;;;;;;;;;;;
TRs_1;heizkreis_1;A1;1,2,3,4;;Raum-Solltemperatur Heizkreis 1;DAQ-ANA;3;;r;11228;11229;0,1;°C;;;;;;;;;;;;;;;;;;;;;;;;
HKZustand_1;heizkreis_1;A1;1,2,3,4;;Zustand Heizkreis 1;DAQ-ANA;3;;r;10178;10179;0,1;;;;;Aus;Heizen;Rampe Absenken;Absenken;Tag/Nacht Abschaltung;Sommerabschaltung;Frostschutz;Estrich;Handbetrieb;Restwärme;Solarheizen;;;;;;;;;;
FR1 Zustand;heizkreis_1;A1;1,2,3,4;;Raumfernbedienung Zustand Heizkreis 1;DAQ-ANA;3;;r;11544;11545;0,1;;;;;Keine;Auto;Nacht;Tag;Aus;Party;Frostschutz;;;;;;;;;;;;;;
KNX Raumtemp HK1;heizkreis_1;A1;1,2,3,4;;Vorgabe Raumtemp. HK1;DAQ-ANA;3;;rw;11002;11003;0,1;°C;;;;;;;;;;;;;;;;;;;;;;;;
TVL_2;heizkreis_2;A11;1,2,3,4;;Vorlauftemperatur Heizkreis 2;DAQ-ANA;3;;r;10148;10149;0,1;°C;;;;;;;;;;;;;;;;;;;;;;;;
TVLs_2;heizkreis_2;A11;1,2,3,4;;Vorlauf-Solltemperatur Heizkreis 2;DAQ-ANA;3;;r;10150;10151;0,1;°C;;;;;;;;;;;;;;;;;;;;;;;;
TRA_2;heizkreis_2;A11;1,2,3,4;;Raumfühler Heizkreis 2;DAQ-ANA;3;;r;10042;10043;0,1;°C;;;;;;;;;;;;;;;;;;;;;;;;
TRs_2;heizkreis_2;A11;1,2,3,4;;Raum-Solltemperatur Heizkreis 2;DAQ-ANA;3;;r;11230;11231;0,1;°C;;;;;;;;;;;;;;;;;;;;;;;;
HKZustand_2;heizkreis_2;A11;1,2,3,4;;Zustand Heizkreis 2;DAQ-ANA;3;;r;10180;10181;0,1;;;;;Aus;Heizen;Rampe Absenken;Absenken;Tag/Nacht Abschaltung;Sommerabschaltung;Frostschutz;Estrich;Handbetrieb;Restwärme;Solarheizen;;;;;;;;;;
FR2 Zustand;heizkreis_2;A11;1,2,3,4;;Raumfernbedienung Zustand Heizkreis 2;DAQ-ANA;3;;r;11546;11547;0,1;;;;;Keine;Auto;Nacht;Tag;Aus;Party;Frostschutz;;;;;;;;;;;;;;
KNX Raumtemp HK2;heizkreis_2;A11;1,2,3,4;;Vorgabe Raumtemp. HK2;DAQ-ANA;3;;rw;11004;11005;0,1;°C;;;;;;;;;;;;;;;;;;;;;;;;
TVL_3;heizkreis_3;A21;1,2,3,4;;Vorlauftemperatur Heizkreis 3;DAQ-ANA;3;;r;10152;10153;0,1;°C;;;;;;;;;;;;;;;;;;;;;;;;
TVLs_3;heizkreis_3;A21;1,2,3,4;;Vorlauf-Solltemperatur Heizkreis 3;DAQ-ANA;3;;r;10154;10155;0,1;°C;;;;;;;;;;;;;;;;;;;;;;;;
TRA_3;heizkreis_3;A21;1,2,3,4;;Raumfühler Heizkreis 3;DAQ-ANA;3;;r;10044;10045;0,1;°C;;;;;;;;;;;;;;;;;;;;;;;;
TRs_3;heizkreis_3;A21;1,2,3,4;;Raum-Solltemperatur Heizkreis 3;DAQ-ANA;3;;r;11232;11233;0,1;°C;;;;;;;;;;;;;;;;;;;;;;;;
HKZustand_3;heizkreis_3;A21;1,2,3,4;;Zustand Heizkreis 3;DAQ-ANA;3;;r;10182;10183;0,1;;;;;Aus;Heizen;Rampe Absenken;Absenken;Tag/Nacht Abschaltung;Sommerabschaltung;Frostschutz;Estrich;Handbetrieb;Restwärme;Solarheizen;;;;;;;;;;
FR3 Zustand;heizkreis_3;A21;1,2,3,4;;Raumfernbedienung Zustand Heizkreis 3;DAQ-ANA;3;;r;11548;11549;0,1;;;;;Keine;Auto;Nacht;Tag;Aus;Party;Frostschutz;;;;;;;;;;;;;;
KNX Raumtemp HK3;heizkreis_3;A21;1,2,3,4;;Vorgabe Raumtemp. HK3;DAQ-ANA;3;;rw;11006;11007;0,1;°C;;;;;;;;;;;;;;;;;;;;;;;;
TVL_4;heizkreis_4;A31;1,2,3,4;;Vorlauftemperatur Heizkreis 4;DAQ-ANA;3;;r;10156;10157;0,1;°C;;;;;;;;;;;;;;;;;;;;;;;;
TVLs_4;heizkreis_4;A31;1,2,3,4;;Vorlauf-Solltemperatur Heizkreis 4;DAQ-ANA;3;;r;10158;10159;0,1;°C;;;;;;;;;;;;;;;;;;;;;;;;
TRA_4;heizkreis_4;A31;1,2,3,4;;Raumfühler Heizkreis 4;DAQ-ANA;3;;r;10046;10047;0,1;°C;;;;;;;;;;;;;;;;;;;;;;;;
TRs_4;heizkreis_4;A31;1,2,3,4;;Raum-Solltemperatur Heizkreis 4;DAQ-ANA;3;;r;11234;11235;0,1;°C;;;;;;;;;;;;;;;;;;;;;;;;
HKZustand_4;heizkreis_4;A31;1,2,3,4;;Zustand Heizkreis 4;DAQ-ANA;3;;r;10184;10185;0,1;;;;;Aus;Heizen;Rampe Absenken;Absenken;Tag/Nacht Abschaltung;Sommerabschaltung;Frostschutz;Estrich;Handbetrieb;Restwärme;Solarheizen;;;;;;;;;;
FR4 Zustand;heizkreis_4;A31;1,2,3,4;;Raumfernbedienung Zustand Heizkreis 4;DAQ-ANA;3;;r;11550;11551;0,1;;;;;Keine;Auto;Nacht;Tag;Aus;Party;Frostschutz;;;;;;;;;;;;;;
KNX Raumtemp HK4;heizkreis_4;A31;1,2,3,4;;Vorgabe Raumtemp. HK4;DAQ-ANA;3;;rw;11008;11009;0,1;°C;;;;;;;;;;;;;;;;;;;;;;;;
TVL_5;heizkreis_5;A41;1,2,3,4;;Vorlauftemperatur Heizkreis 5;DAQ-ANA;3;;r;10160;10161;0,1;°C;;;;;;;;;;;;;;;;;;;;;;;;
TVLs_5;heizkreis_5;A41;1,2,3,4;;Vorlauf-Solltemperatur Heizkreis 5;DAQ-ANA;3;;r;10162;10163;0,1;°C;;;;;;;;;;;;;;;;;;;;;;;;
TRA_5;heizkreis_5;A41;1,2,3,4;;Raumfühler Heizkreis 5;DAQ-ANA;3;;r;10048;10049;0,1;°C;;;;;;;;;;;;;;;;;;;;;;;;
TRs_5;heizkreis_5;A41;1,2,3,4;;Raum-Solltemperatur Heizkreis 5;DAQ-ANA;3;;r;11236;11237;0,1;°C;;;;;;;;;;;;;;;;;;;;;;;;
HKZustand_5;heizkreis_5;A41;1,2,3,4;;Zustand Heizkreis 5;DAQ-ANA;3;;r;10186;10187;0,1;;;;;Aus;Heizen;Rampe Absenken;Absenken;Tag/Nacht Abschaltung;Sommerabschaltung;Frostschutz;Estrich;Handbetrieb;Restwärme;Solarheizen;;;;;;;;;;
FR5 Zustand;heizkreis_5;A41;1,2,3,4;;Raumfernbedienung Zustand Heizkreis 5;DAQ-ANA;3;;r;11552;11553;0,1;;;;;Keine;Auto;Nacht;Tag;Aus;Party;Frostschutz;;;;;;;;;;;;;;
KNX Raumtemp HK5;heizkreis_5;A41;1,2,3,4;;Vorgabe Raumtemp. HK5;DAQ-ANA;3;;rw;11010;11011;0,1;°C;;;;;;;;;;;;;;;;;;;;;;;;
TVL_6;heizkreis_6;A51;1,2,3,4;;Vorlauftemperatur Heizkreis 6;DAQ-ANA;3;;r;10164;10165;0,1;°C;;;;;;;;;;;;;;;;;;;;;;;;
TVLs_6;heizkreis_6;A51;1,2,3,4;;Vorlauf-Solltemperatur Heizkreis 6;DAQ-ANA;3;;r;10166;10167;0,1;°C;;;;;;;;;;;;;;;;;;;;;;;;
TRA_6;heizkreis_6;A51;1,2,3,4;;Raumfühler Heizkreis 6;DAQ-ANA;3;;r;10050;10051;0,1;°C;;;;;;;;;;;;;;;;;;;;;;;;
TRs_6;heizkreis_6;A51;1,2,3,4;;Raum-Solltemperatur Heizkreis 6;DAQ-ANA;3;;r;11238;11239;0,1;°C;;;;;;;;;;;;;;;;;;;;;;;;
HKZustand_6;heizkreis_6;A51;1,2,3,4;;Zustand Heizkreis 6;DAQ-ANA;3;;r;10188;10189;0,1;;;;;Aus;Heizen;Rampe Absenken;Absenken;Tag/Nacht Abschaltung;Sommerabschaltung;Frostschutz;Estrich;Handbetrieb;Restwärme;Solarheizen;;;;;;;;;;
FR6 Zustand;heizkreis_6;A51;1,2,3,4;;Raumfernbedienung Zustand Heizkreis 6;DAQ-ANA;3;;r;11554;11555;0,1;;;;;Keine;Auto;Nacht;Tag;Aus;Party;Frostschutz;;;;;;;;;;;;;;
KNX Raumtemp HK6;heizkreis_6;A51;1,2,3,4;;Vorgabe Raumtemp. HK6;DAQ-ANA;3;;rw;11012;11013;0,1;°C;;;;;;;;;;;;;;;;;;;;;;;;
TVL_B;heizkreis_b;A71;1,2,3,4;;Vorlauftemperatur Heizkreis B;DAQ-ANA;3;;r;10300;10301;0,1;°C;;;;;;;;;;;;;;;;;;;;;;;;
TVLs_B;heizkreis_b;A71;1,2,3,4;;Vorlauf-Solltemperatur Heizkreis B;DAQ-ANA;3;;r;10302;10303;0,1;°C;;;;;;;;;;;;;;;;;;;;;;;;
TRA_B;heizkreis_b;A71;1,2,3,4;;Raumfühler Heizkreis B;DAQ-ANA;3;;r;10296;10297;0,1;°C;;;;;;;;;;;;;;;;;;;;;;;;
TRs_B;heizkreis_b;A71;1,2,3,4;;Raum-Solltemperatur Heizkreis B;DAQ-ANA;3;;r;11302;11303;0,1;°C;;;;;;;;;;;;;;;;;;;;;;;;
HKZustand_B;heizkreis_b;A71;1,2,3,4;;Zustand Heizkreis B;DAQ-ANA;3;;r;10304;10305;0,1;;;;;Aus;Heizen;Rampe Absenken;Absenken;Tag/Nacht Abschaltung;Sommerabschaltung;Frostschutz;Estrich;Handbetrieb;Restwärme;Solarheizen;;;;;;;;;;
FRB Zustand;heizkreis_b;A71;1,2,3,4;;Raumfernbedienung Zustand Heizkreis B;DAQ-ANA;3;;r;11556;11557;0,1;;;;;Keine;Auto;Nacht;Tag;Aus;Party;Frostschutz;;;;;;;;;;;;;;
KNX Raumtemp HKB;heizkreis_b;A71;1,2,3,4;;Vorgabe Raumtemp. HKB;DAQ-ANA;3;;rw;11014;11015;0,1;°C;;;;;;;;;;;;;;;;;;;;;;;;
TBA;boiler_a;B31;1,2;;Temperatur Boiler A;DAQ-ANA;3;;r;10016;10017;0,1;°C;;;;;;;;;;;;;;;;;;;;;;;;
TBs_A;boiler_a;B31;1,2;;Solltemperatur Boiler A;DAQ-ANA;3;;r;11252;11253;0,1;°C;;;;;;;;;;;;;;;;;;;;;;;;
BoiZustand_A;boiler_a;B31;1,2;;Zustand Boiler A;DAQ-ANA;3;;r;10196;10197;0,1;;;;;Aus;Laden;Restwärme;Übertemperatur;Handbetrieb;ABS;;;;;;;;;;;;;;;
TB1;boiler_1;B1;1,2;;Temperatur Boiler 1;DAQ-ANA;3;;r;10010;10011;0,1;°C;;;;;;;;;;;;;;;;;;;;;;;;
TBs_1;boiler_1;B1;1,2;;Solltemperatur Boiler 1;DAQ-ANA;3;;r;11254;11255;0,1;°C;;;;;;;;;;;;;;;;;;;;;;;;
BoiZustand_1;boiler_1;B1;1,2;;Zustand Boiler 1;DAQ-ANA;3;;r;10190;10191;0,1;;;;;Aus;Laden;Restwärme;Übertemperatur;Handbetrieb;ABS;;;;;;;;;;;;;;;
TB2;boiler_2;B11;1,2;;Temperatur Boiler 2;DAQ-ANA;3;;r;10012;10013;0,1;°C;;;;;;;;;;;;;;;;;;;;;;;;
TBs_2;boiler_2;B11;1,2;;Solltemperatur Boiler 2;DAQ-ANA;3;;r;11256;11257;0,1;°C;;;;;;;;;;;;;;;;;;;;;;;;
BoiZustand_2;boiler_2;B11;1,2;;Zustand Boiler 2;DAQ-ANA;3;;r;10192;10193;0,1;;;;;Aus;Laden;Restwärme;Übertemperatur;Handbetrieb;ABS;;;;;;;;;;;;;;;
TB3;boiler_3;B21;1,2;;Temperatur Boiler 3;DAQ-ANA;3;;r;10014;10015;0,1;°C;;;;;;;;;;;;;;;;;;;;;;;;
TBs_3;boiler_3;B21;1,2;;Solltemperatur Boiler 3;DAQ-ANA;3;;r;11258;11259;0,1;°C;;;;;;;;;;;;;;;;;;;;;;;;
BoiZustand_3;boiler_3;B21;1,2;;Zustand Boiler 3;DAQ-ANA;3;;r;10194;10195;0,1;;;;;Aus;Laden;Restwärme;Übertemperatur;Handbetrieb;ABS;;;;;;;;;;;;;;;
TBB;boiler_b;B41;1,2;;Temperatur Boiler B;DAQ-ANA;3;;r;10294;10295;0,1;°C;;;;;;;;;;;;;;;;;;;;;;;;
TBs_B;boiler_b;B41;1,2;;Solltemperatur Boiler B;DAQ-ANA;3;;r;11298;11299;0,1;°C;;;;;;;;;;;;;;;;;;;;;;;;
BoiZustand_B;boiler_b;B41;1,2;;Zustand Boiler B;DAQ-ANA;3;;r;10306;10307;0,1;;;;;Aus;Laden;Restwärme;Übertemperatur;Handbetrieb;ABS;;;;;;;;;;;;;;;
HKR Anf;system;;;;höchste Anforderung aller Heizkreisregler;DAQ-ANA;3;;r;11680;11681;0,1;°C;;;;;;;;;;;;;;;;;;;;;;;;
Anf. HKR0;system;;;;Anforderung Heizkreisregler 0;DAQ-ANA;3;;r;11304;11305;0,1;°C;;;;;;;;;;;;;;;;;;;;;;;;
Anf. HKR1;system;;;;Anforderung Heizkreisregler 1;DAQ-ANA;3;;r;11306;11307;0,1;°C;;;;;;;;;;;;;;;;;;;;;;;;
Anf. HKR2;system;;;;Anforderung Heizkreisregler 2;DAQ-ANA;3;;r;11308;11309;0,1;°C;;;;;;;;;;;;;;;;;;;;;;;;
Anf. HKR3;system;;;;Anforderung Heizkreisregler 3;DAQ-ANA;3;;r;11310;11311;0,1;°C;;;;;;;;;;;;;;;;;;;;;;;;
Anf. HKR4;system;;;;Anforderung Heizkreisregler 4;DAQ-ANA;3;;r;11312;11313;0,1;°C;;;;;;;;;;;;;;;;;;;;;;;;
Anf. HKR5;system;;;;Anforderung Heizkreisregler 5;DAQ-ANA;3;;r;11314;11315;0,1;°C;;;;;;;;;;;;;;;;;;;;;;;;
Anf. HKR6;system;;;;Anforderung Heizkreisregler 6;DAQ-ANA;3;;r;11316;11317;0,1;°C;;;;;;;;;;;;;;;;;;;;;;;;
Anf. HKR7;system;;;;Anforderung Heizkreisregler 7;DAQ-ANA;3;;r;11318;11319;0,1;°C;;;;;;;;;;;;;;;;;;;;;;;;
Anf. HKR8;system;;;;Anforderung Heizkreisregler 8;DAQ-ANA;3;;r;11320;11321;0,1;°C;;;;;;;;;;;;;;;;;;;;;;;;
Anf. HKR9;system;;;;Anforderung Heizkreisregler 9;DAQ-ANA;3;;r;11322;11323;0,1;°C;;;;;;;;;;;;;;;;;;;;;;;;
Anf. HKR10;system;;;;Anforderung Heizkreisregler 10;DAQ-ANA;3;;r;11324;11325;0,1;°C;;;;;;;;;;;;;;;;;;;;;;;;
Anf. HKR11;system;;;;Anforderung Heizkreisregler 11;DAQ-ANA;3;;r;11326;11327;0,1;°C;;;;;;;;;;;;;;;;;;;;;;;;
Anf. HKR12;system;;;;Anforderung Heizkreisregler 12;DAQ-ANA;3;;r;11328;11329;0,1;°C;;;;;;;;;;;;;;;;;;;;;;;;
Anf. HKR13;system;;;;Anforderung Heizkreisregler 13;DAQ-ANA;3;;r;11330;11331;0,1;°C;;;;;;;;;;;;;;;;;;;;;;;;
Anf. HKR14;system;;;;Anforderung Heizkreisregler 14;DAQ-ANA;3;;r;11332;11333;0,1;°C;;;;;;;;;;;;;;;;;;;;;;;;
Anf. HKR15;system;;;;Anforderung Heizkreisregler 15;DAQ-ANA;3;;r;11334;11335;0,1;°C;;;;;;;;;;;;;;;;;;;;;;;;
SP1_AI_1;sensorplatine;;;;Sensorplatine 1 Analog 1;DAQ-ANA;3;;r;11432;11433;0,1;V;;;;;;;;;;;;;;;;;;;;;;;;
SP1_AI_2;sensorplatine;;;;Sensorplatine 1 Analog 2;DAQ-ANA;3;;r;11434;11435;0,1;V;;;;;;;;;;;;;;;;;;;;;;;;
SP1_AI_3;sensorplatine;;;;Sensorplatine 1 Analog 3;DAQ-ANA;3;;r;11436;11437;0,1;V;;;;;;;;;;;;;;;;;;;;;;;;
SP1_AI_4;sensorplatine;;;;Sensorplatine 1 Analog 4;DAQ-ANA;3;;r;11438;11439;0,1;V;;;;;;;;;;;;;;;;;;;;;;;;
SP1_AI_5;sensorplatine;;;;Sensorplatine 1 Analog 5;DAQ-ANA;3;;r;11440;11441;0,1;V;;;;;;;;;;;;;;;;;;;;;;;;
SP1_AI_6;sensorplatine;;;;Sensorplatine 1 Analog 6;DAQ-ANA;3;;r;11442;11443;0,1;V;;;;;;;;;;;;;;;;;;;;;;;;
SP1_AI_7;sensorplatine;;;;Sensorplatine 1 Analog 7;DAQ-ANA;3;;r;11444;11445;0,1;V;;;;;;;;;;;;;;;;;;;;;;;;
SP1_AI_8;sensorplatine;;;;Sensorplatine 1 Analog 8;DAQ-ANA;3;;r;11446;11447;0,1;V;;;;;;;;;;;;;;;;;;;;;;;;
SP1_PT1k_1;sensorplatine;;;;Sensorplatine 1 PT1000 1;DAQ-ANA;3;;r;11448;11449;0,1;°C;;;;;;;;;;;;;;;;;;;;;;;;
SP1_PT1k_2;sensorplatine;;;;Sensorplatine 1 PT1000 2;DAQ-ANA;3;;r;11450;11451;0,1;°C;;;;;;;;;;;;;;;;;;;;;;;;
SP1_PT1k_3;sensorplatine;;;;Sensorplatine 1 PT1000 3;DAQ-ANA;3;;r;11452;11453;0,1;°C;;;;;;;;;;;;;;;;;;;;;;;;
SP1_PT1k_4;sensorplatine;;;;Sensorplatine 1 PT1000 4;DAQ-ANA;3;;r;11454;11455;0,1;°C;;;;;;;;;;;;;;;;;;;;;;;;
SP1_TypeK_1;sensorplatine;;;;Sensorplatine 1 Type-K 1;DAQ-ANA;3;;r;11456;11457;0,1;°C;;;;;;;;;;;;;;;;;;;;;;;;
SP1_TypeK_2;sensorplatine;;;;Sensorplatine 1 Type-K 2;DAQ-ANA;3;;r;11458;11459;0,1;°C;;;;;;;;;;;;;;;;;;;;;;;;
SP1_TypeK_3;sensorplatine;;;;Sensorplatine 1 Type-K 3;DAQ-ANA;3;;r;11460;11461;0,1;°C;;;;;;;;;;;;;;;;;;;;;;;;
SP1_TypeK_4;sensorplatine;;;;Sensorplatine 1 Type-K 4;DAQ-ANA;3;;r;11462;11463;0,1;°C;;;;;;;;;;;;;;;;;;;;;;;;
SP2_AI_1;sensorplatine;;;;Sensorplatine 2 Analog 1;DAQ-ANA;3;;r;11464;11465;0,1;V;;;;;;;;;;;;;;;;;;;;;;;;
SP2_AI_2;sensorplatine;;;;Sensorplatine 2 Analog 2;DAQ-ANA;3;;r;11466;11467;0,1;V;;;;;;;;;;;;;;;;;;;;;;;;
SP2_AI_3;sensorplatine;;;;Sensorplatine 2 Analog 3;DAQ-ANA;3;;r;11468;11469;0,1;V;;;;;;;;;;;;;;;;;;;;;;;;
SP2_AI_4;sensorplatine;;;;Sensorplatine 2 Analog 4;DAQ-ANA;3;;r;11470;11471;0,1;V;;;;;;;;;;;;;;;;;;;;;;;;
SP2_AI_5;sensorplatine;;;;Sensorplatine 2 Analog 5;DAQ-ANA;3;;r;11472;11473;0,1;V;;;;;;;;;;;;;;;;;;;;;;;;
SP2_AI_6;sensorplatine;;;;Sensorplatine 2 Analog 6;DAQ-ANA;3;;r;11474;11475;0,1;V;;;;;;;;;;;;;;;;;;;;;;;;
SP2_AI_7;sensorplatine;;;;Sensorplatine 2 Analog 7;DAQ-ANA;3;;r;11476;11477;0,1;V;;;;;;;;;;;;;;;;;;;;;;;;
SP2_AI_8;sensorplatine;;;;Sensorplatine 2 Analog 8;DAQ-ANA;3;;r;11478;11479;0,1;V;;;;;;;;;;;;;;;;;;;;;;;;
SP2_PT1k_1;sensorplatine;;;;Sensorplatine 2 PT1000 1;DAQ-ANA;3;;r;11480;11481;0,1;°C;;;;;;;;;;;;;;;;;;;;;;;;
SP2_PT1k_2;sensorplatine;;;;Sensorplatine 2 PT1000 2;DAQ-ANA;3;;r;11482;11483;0,1;°C;;;;;;;;;;;;;;;;;;;;;;;;
SP2_PT1k_3;sensorplatine;;;;Sensorplatine 2 PT1000 3;DAQ-ANA;3;;r;11484;11485;0,1;°C;;;;;;;;;;;;;;;;;;;;;;;;
SP2_PT1k_4;sensorplatine;;;;Sensorplatine 2 PT1000 4;DAQ-ANA;3;;r;11486;11487;0,1;°C;;;;;;;;;;;;;;;;;;;;;;;;
SP2_TypeK_1;sensorplatine;;;;Sensorplatine 2 Type-K 1;DAQ-ANA;3;;r;11488;11489;0,1;°C;;;;;;;;;;;;;;;;;;;;;;;;
SP2_TypeK_2;sensorplatine;;;;Sensorplatine 2 Type-K 2;DAQ-ANA;3;;r;11490;11491;0,1;°C;;;;;;;;;;;;;;;;;;;;;;;;
SP2_TypeK_3;sensorplatine;;;;Sensorplatine 2 Type-K 3;DAQ-ANA;3;;r;11492;11493;0,1;°C;;;;;;;;;;;;;;;;;;;;;;;;
SP2_TypeK_4;sensorplatine;;;;Sensorplatine 2 Type-K 4;DAQ-ANA;3;;r;11494;11495;0,1;°C;;;;;;;;;;;;;;;;;;;;;;;;
SP2_ICapt_1;sensorplatine;;;;Sensorplatine 2 Input-Capture 1;DAQ-ANA;3;;r;11496;11497;0,1;Hz;;;;;;;;;;;;;;;;;;;;;;;;
SP2_ICapt_2;sensorplatine;;;;Sensorplatine 2 Input-Capture 2;DAQ-ANA;3;;r;11498;11499;0,1;Hz;;;;;;;;;;;;;;;;;;;;;;;;
WMZ_1_TVL;mbus_wmz;;;;MBUS Kanal 1 Vorlauftemperatur;DAQ-ANA;3;;r;11016;11017;0,1;°C;;;;;;;;;;;;;;;;;;;;;;;;
WMZ_1_TRL;mbus_wmz;;;;MBUS Kanal 1 Rücklauftemperatur;DAQ-ANA;3;;r;11018;11019;0,1;°C;;;;;;;;;;;;;;;;;;;;;;;;
WMZ_1_PWR;mbus_wmz;;;;MBUS Kanal 1 Leistung;DAQ-ANA;3;;r;11020;11021;0,1;kW;;;;;;;;;;;;;;;;;;;;;;;;
WMZ_1_FLOW;mbus_wmz;;;;MBUS Kanal 1 Durchfluss;DAQ-ANA;3;;r;11022;11023;0,1;l/h;;;;;;;;;;;;;;;;;;;;;;;;
WMZ_1_ENR;mbus_wmz;;;;MBUS Kanal 1 Energie;DAQ-ANA;3;;r;11024;11025;0,1;kWh;;;;;;;;;;;;;;;;;;;;;;;;
WMZ_2_TVL;mbus_wmz;;;;MBUS Kanal 2 Vorlauftemperatur;DAQ-ANA;3;;r;11026;11027;0,1;°C;;;;;;;;;;;;;;;;;;;;;;;;
WMZ_2_TRL;mbus_wmz;;;;MBUS Kanal 2 Rücklauftemperatur;DAQ-ANA;3;;r;11028;11029;0,1;°C;;;;;;;;;;;;;;;;;;;;;;;;
WMZ_2_PWR;mbus_wmz;;;;MBUS Kanal 2 Leistung;DAQ-ANA;3;;r;11030;11031;0,1;kW;;;;;;;;;;;;;;;;;;;;;;;;
WMZ_2_FLOW;mbus_wmz;;;;MBUS Kanal 2 Durchfluss;DAQ-ANA;3;;r;11032;11033;0,1;l/h;;;;;;;;;;;;;;;;;;;;;;;;
WMZ_2_ENR;mbus_wmz;;;;MBUS Kanal 2 Energie;DAQ-ANA;3;;r;11034;11035;0,1;kWh;;;;;;;;;;;;;;;;;;;;;;;;
WMZ_3_TVL;mbus_wmz;;;;MBUS Kanal 3 Vorlauftemperatur;DAQ-ANA;3;;r;11036;11037;0,1;°C;;;;;;;;;;;;;;;;;;;;;;;;
WMZ_3_TRL;mbus_wmz;;;;MBUS Kanal 3 Rücklauftemperatur;DAQ-ANA;3;;r;11038;11039;0,1;°C;;;;;;;;;;;;;;;;;;;;;;;;
WMZ_3_PWR;mbus_wmz;;;;MBUS Kanal 3 Leistung;DAQ-ANA;3;;r;11040;11041;0,1;kW;;;;;;;;;;;;;;;;;;;;;;;;
WMZ_3_FLOW;mbus_wmz;;;;MBUS Kanal 3 Durchfluss;DAQ-ANA;3;;r;11042;11043;0,1;l/h;;;;;;;;;;;;;;;;;;;;;;;;
WMZ_3_ENR;mbus_wmz;;;;MBUS Kanal 3 Energie;DAQ-ANA;3;;r;11044;11045;0,1;kWh;;;;;;;;;;;;;;;;;;;;;;;;
WMZ_4_TVL;mbus_wmz;;;;MBUS Kanal 4 Vorlauftemperatur;DAQ-ANA;3;;r;11046;11047;0,1;°C;;;;;;;;;;;;;;;;;;;;;;;;
WMZ_4_TRL;mbus_wmz;;;;MBUS Kanal 4 Rücklauftemperatur;DAQ-ANA;3;;r;11048;11049;0,1;°C;;;;;;;;;;;;;;;;;;;;;;;;
WMZ_4_PWR;mbus_wmz;;;;MBUS Kanal 4 Leistung;DAQ-ANA;3;;r;11050;11051;0,1;kW;;;;;;;;;;;;;;;;;;;;;;;;
WMZ_4_FLOW;mbus_wmz;;;;MBUS Kanal 4 Durchfluss;DAQ-ANA;3;;r;11052;11053;0,1;l/h;;;;;;;;;;;;;;;;;;;;;;;;
WMZ_4_ENR;mbus_wmz;;;;MBUS Kanal 4 Energie;DAQ-ANA;3;;r;11054;11055;0,1;kWh;;;;;;;;;;;;;;;;;;;;;;;;
WMZ_5_TVL;mbus_wmz;;;;MBUS Kanal 5 Vorlauftemperatur;DAQ-ANA;3;;r;11056;11057;0,1;°C;;;;;;;;;;;;;;;;;;;;;;;;
WMZ_5_TRL;mbus_wmz;;;;MBUS Kanal 5 Rücklauftemperatur;DAQ-ANA;3;;r;11058;11059;0,1;°C;;;;;;;;;;;;;;;;;;;;;;;;
WMZ_5_PWR;mbus_wmz;;;;MBUS Kanal 5 Leistung;DAQ-ANA;3;;r;11060;11061;0,1;kW;;;;;;;;;;;;;;;;;;;;;;;;
WMZ_5_FLOW;mbus_wmz;;;;MBUS Kanal 5 Durchfluss;DAQ-ANA;3;;r;11062;11063;0,1;l/h;;;;;;;;;;;;;;;;;;;;;;;;
WMZ_5_ENR;mbus_wmz;;;;MBUS Kanal 5 Energie;DAQ-ANA;3;;r;11064;11065;0,1;kWh;;;;;;;;;;;;;;;;;;;;;;;;
WMZ_6_TVL;mbus_wmz;;;;MBUS Kanal 6 Vorlauftemperatur;DAQ-ANA;3;;r;11066;11067;0,1;°C;;;;;;;;;;;;;;;;;;;;;;;;
WMZ_6_TRL;mbus_wmz;;;;MBUS Kanal 6 Rücklauftemperatur;DAQ-ANA;3;;r;11068;11069;0,1;°C;;;;;;;;;;;;;;;;;;;;;;;;
WMZ_6_PWR;mbus_wmz;;;;MBUS Kanal 6 Leistung;DAQ-ANA;3;;r;11070;11071;0,1;kW;;;;;;;;;;;;;;;;;;;;;;;;
WMZ_6_FLOW;mbus_wmz;;;;MBUS Kanal 6 Durchfluss;DAQ-ANA;3;;r;11072;11073;0,1;l/h;;;;;;;;;;;;;;;;;;;;;;;;
WMZ_6_ENR;mbus_wmz;;;;MBUS Kanal 6 Energie;DAQ-ANA;3;;r;11074;11075;0,1;kWh;;;;;;;;;;;;;;;;;;;;;;;;
WMZ_7_TVL;mbus_wmz;;;;MBUS Kanal 7 Vorlauftemperatur;DAQ-ANA;3;;r;11076;11077;0,1;°C;;;;;;;;;;;;;;;;;;;;;;;;
WMZ_7_TRL;mbus_wmz;;;;MBUS Kanal 7 Rücklauftemperatur;DAQ-ANA;3;;r;11078;11079;0,1;°C;;;;;;;;;;;;;;;;;;;;;;;;
WMZ_7_PWR;mbus_wmz;;;;MBUS Kanal 7 Leistung;DAQ-ANA;3;;r;11080;11081;0,1;kW;;;;;;;;;;;;;;;;;;;;;;;;
WMZ_7_FLOW;mbus_wmz;;;;MBUS Kanal 7 Durchfluss;DAQ-ANA;3;;r;11082;11083;0,1;l/h;;;;;;;;;;;;;;;;;;;;;;;;
WMZ_7_ENR;mbus_wmz;;;;MBUS Kanal 7 Energie;DAQ-ANA;3;;r;11084;11085;0,1;kWh;;;;;;;;;;;;;;;;;;;;;;;;
WMZ_8_TVL;mbus_wmz;;;;MBUS Kanal 8 Vorlauftemperatur;DAQ-ANA;3;;r;11086;11087;0,1;°C;;;;;;;;;;;;;;;;;;;;;;;;
WMZ_8_TRL;mbus_wmz;;;;MBUS Kanal 8 Rücklauftemperatur;DAQ-ANA;3;;r;11088;11089;0,1;°C;;;;;;;;;;;;;;;;;;;;;;;;
WMZ_8_PWR;mbus_wmz;;;;MBUS Kanal 8 Leistung;DAQ-ANA;3;;r;11090;11091;0,1;kW;;;;;;;;;;;;;;;;;;;;;;;;
WMZ_8_FLOW;mbus_wmz;;;;MBUS Kanal 8 Durchfluss;DAQ-ANA;3;;r;11092;11093;0,1;l/h;;;;;;;;;;;;;;;;;;;;;;;;
WMZ_8_ENR;mbus_wmz;;;;MBUS Kanal 8 Energie;DAQ-ANA;3;;r;11094;11095;0,1;kWh;;;;;;;;;;;;;;;;;;;;;;;;
WMZ_9_TVL;mbus_wmz;;;;MBUS Kanal 9 Vorlauftemperatur;DAQ-ANA;3;;r;11096;11097;0,1;°C;;;;;;;;;;;;;;;;;;;;;;;;
WMZ_9_TRL;mbus_wmz;;;;MBUS Kanal 9 Rücklauftemperatur;DAQ-ANA;3;;r;11098;11099;0,1;°C;;;;;;;;;;;;;;;;;;;;;;;;
WMZ_9_PWR;mbus_wmz;;;;MBUS Kanal 9 Leistung;DAQ-ANA;3;;r;11100;11101;0,1;kW;;;;;;;;;;;;;;;;;;;;;;;;
WMZ_9_FLOW;mbus_wmz;;;;MBUS Kanal 9 Durchfluss;DAQ-ANA;3;;r;11102;11103;0,1;l/h;;;;;;;;;;;;;;;;;;;;;;;;
WMZ_9_ENR;mbus_wmz;;;;MBUS Kanal 9 Energie;DAQ-ANA;3;;r;11104;11105;0,1;kWh;;;;;;;;;;;;;;;;;;;;;;;;
WMZ_10_TVL;mbus_wmz;;;;MBUS Kanal 10 Vorlauftemperatur;DAQ-ANA;3;;r;11106;11107;0,1;°C;;;;;;;;;;;;;;;;;;;;;;;;
WMZ_10_TRL;mbus_wmz;;;;MBUS Kanal 10 Rücklauftemperatur;DAQ-ANA;3;;r;11108;11109;0,1;°C;;;;;;;;;;;;;;;;;;;;;;;;
WMZ_10_PWR;mbus_wmz;;;;MBUS Kanal 10 Leistung;DAQ-ANA;3;;r;11110;11111;0,1;kW;;;;;;;;;;;;;;;;;;;;;;;;
WMZ_10_FLOW;mbus_wmz;;;;MBUS Kanal 10 Durchfluss;DAQ-ANA;3;;r;11112;11113;0,1;l/h;;;;;;;;;;;;;;;;;;;;;;;;
WMZ_10_ENR;mbus_wmz;;;;MBUS Kanal 10 Energie;DAQ-ANA;3;;r;11114;11115;0,1;kWh;;;;;;;;;;;;;;;;;;;;;;;;
WMZ_11_TVL;mbus_wmz;;;;MBUS Kanal 11 Vorlauftemperatur;DAQ-ANA;3;;r;11116;11117;0,1;°C;;;;;;;;;;;;;;;;;;;;;;;;
WMZ_11_TRL;mbus_wmz;;;;MBUS Kanal 11 Rücklauftemperatur;DAQ-ANA;3;;r;11118;11119;0,1;°C;;;;;;;;;;;;;;;;;;;;;;;;
WMZ_11_PWR;mbus_wmz;;;;MBUS Kanal 11 Leistung;DAQ-ANA;3;;r;11120;11121;0,1;kW;;;;;;;;;;;;;;;;;;;;;;;;
WMZ_11_FLOW;mbus_wmz;;;;MBUS Kanal 11 Durchfluss;DAQ-ANA;3;;r;11122;11123;0,1;l/h;;;;;;;;;;;;;;;;;;;;;;;;
WMZ_11_ENR;mbus_wmz;;;;MBUS Kanal 11 Energie;DAQ-ANA;3;;r;11124;11125;0,1;kWh;;;;;;;;;;;;;;;;;;;;;;;;
WMZ_12_TVL;mbus_wmz;;;;MBUS Kanal 12 Vorlauftemperatur;DAQ-ANA;3;;r;11126;11127;0,1;°C;;;;;;;;;;;;;;;;;;;;;;;;
WMZ_12_TRL;mbus_wmz;;;;MBUS Kanal 12 Rücklauftemperatur;DAQ-ANA;3;;r;11128;11129;0,1;°C;;;;;;;;;;;;;;;;;;;;;;;;
WMZ_12_PWR;mbus_wmz;;;;MBUS Kanal 12 Leistung;DAQ-ANA;3;;r;11130;11131;0,1;kW;;;;;;;;;;;;;;;;;;;;;;;;
WMZ_12_FLOW;mbus_wmz;;;;MBUS Kanal 12 Durchfluss;DAQ-ANA;3;;r;11132;11133;0,1;l/h;;;;;;;;;;;;;;;;;;;;;;;;
WMZ_12_ENR;mbus_wmz;;;;MBUS Kanal 12 Energie;DAQ-ANA;3;;r;11134;11135;0,1;kWh;;;;;;;;;;;;;;;;;;;;;;;;
WMZ_13_TVL;mbus_wmz;;;;MBUS Kanal 13 Vorlauftemperatur;DAQ-ANA;3;;r;11136;11137;0,1;°C;;;;;;;;;;;;;;;;;;;;;;;;
WMZ_13_TRL;mbus_wmz;;;;MBUS Kanal 13 Rücklauftemperatur;DAQ-ANA;3;;r;11138;11139;0,1;°C;;;;;;;;;;;;;;;;;;;;;;;;
WMZ_13_PWR;mbus_wmz;;;;MBUS Kanal 13 Leistung;DAQ-ANA;3;;r;11140;11141;0,1;kW;;;;;;;;;;;;;;;;;;;;;;;;
WMZ_13_FLOW;mbus_wmz;;;;MBUS Kanal 13 Durchfluss;DAQ-ANA;3;;r;11142;11143;0,1;l/h;;;;;;;;;;;;;;;;;;;;;;;;
WMZ_13_ENR;mbus_wmz;;;;MBUS Kanal 13 Energie;DAQ-ANA;3;;r;11144;11145;0,1;kWh;;;;;;;;;;;;;;;;;;;;;;;;
WMZ_14_TVL;mbus_wmz;;;;MBUS Kanal 14 Vorlauftemperatur;DAQ-ANA;3;;r;11146;11147;0,1;°C;;;;;;;;;;;;;;;;;;;;;;;;
WMZ_14_TRL;mbus_wmz;;;;MBUS Kanal 14 Rücklauftemperatur;DAQ-ANA;3;;r;11148;11149;0,1;°C;;;;;;;;;;;;;;;;;;;;;;;;
WMZ_14_PWR;mbus_wmz;;;;MBUS Kanal 14 Leistung;DAQ-ANA;3;;r;11150;11151;0,1;kW;;;;;;;;;;;;;;;;;;;;;;;;
WMZ_14_FLOW;mbus_wmz;;;;MBUS Kanal 14 Durchfluss;DAQ-ANA;3;;r;11152;11153;0,1;l/h;;;;;;;;;;;;;;;;;;;;;;;;
WMZ_14_ENR;mbus_wmz;;;;MBUS Kanal 14 Energie;DAQ-ANA;3;;r;11154;11155;0,1;kWh;;;;;;;;;;;;;;;;;;;;;;;;
WMZ_15_TVL;mbus_wmz;;;;MBUS Kanal 15 Vorlauftemperatur;DAQ-ANA;3;;r;11156;11157;0,1;°C;;;;;;;;;;;;;;;;;;;;;;;;
WMZ_15_TRL;mbus_wmz;;;;MBUS Kanal 15 Rücklauftemperatur;DAQ-ANA;3;;r;11158;11159;0,1;°C;;;;;;;;;;;;;;;;;;;;;;;;
WMZ_15_PWR;mbus_wmz;;;;MBUS Kanal 15 Leistung;DAQ-ANA;3;;r;11160;11161;0,1;kW;;;;;;;;;;;;;;;;;;;;;;;;
WMZ_15_FLOW;mbus_wmz;;;;MBUS Kanal 15 Durchfluss;DAQ-ANA;3;;r;11162;11163;0,1;l/h;;;;;;;;;;;;;;;;;;;;;;;;
WMZ_15_ENR;mbus_wmz;;;;MBUS Kanal 15 Energie;DAQ-ANA;3;;r;11164;11165;0,1;kWh;;;;;;;;;;;;;;;;;;;;;;;;
WMZ_16_TVL;mbus_wmz;;;;MBUS Kanal 16 Vorlauftemperatur;DAQ-ANA;3;;r;11166;11167;0,1;°C;;;;;;;;;;;;;;;;;;;;;;;;
WMZ_16_TRL;mbus_wmz;;;;MBUS Kanal 16 Rücklauftemperatur;DAQ-ANA;3;;r;11168;11169;0,1;°C;;;;;;;;;;;;;;;;;;;;;;;;
WMZ_16_PWR;mbus_wmz;;;;MBUS Kanal 16 Leistung;DAQ-ANA;3;;r;11170;11171;0,1;kW;;;;;;;;;;;;;;;;;;;;;;;;
WMZ_16_FLOW;mbus_wmz;;;;MBUS Kanal 16 Durchfluss;DAQ-ANA;3;;r;11172;11173;0,1;l/h;;;;;;;;;;;;;;;;;;;;;;;;
WMZ_16_ENR;mbus_wmz;;;;MBUS Kanal 16 Energie;DAQ-ANA;3;;r;11174;11175;0,1;kWh;;;;;;;;;;;;;;;;;;;;;;;;
WMZ_17_TVL;mbus_wmz;;;;MBUS Kanal 17 Vorlauftemperatur;DAQ-ANA;3;;r;11176;11177;0,1;°C;;;;;;;;;;;;;;;;;;;;;;;;
WMZ_17_TRL;mbus_wmz;;;;MBUS Kanal 17 Rücklauftemperatur;DAQ-ANA;3;;r;11178;11179;0,1;°C;;;;;;;;;;;;;;;;;;;;;;;;
WMZ_17_PWR;mbus_wmz;;;;MBUS Kanal 17 Leistung;DAQ-ANA;3;;r;11180;11181;0,1;kW;;;;;;;;;;;;;;;;;;;;;;;;
WMZ_17_FLOW;mbus_wmz;;;;MBUS Kanal 17 Durchfluss;DAQ-ANA;3;;r;11182;11183;0,1;l/h;;;;;;;;;;;;;;;;;;;;;;;;
WMZ_17_ENR;mbus_wmz;;;;MBUS Kanal 17 Energie;DAQ-ANA;3;;r;11184;11185;0,1;kWh;;;;;;;;;;;;;;;;;;;;;;;;
WMZ_18_TVL;mbus_wmz;;;;MBUS Kanal 18 Vorlauftemperatur;DAQ-ANA;3;;r;11186;11187;0,1;°C;;;;;;;;;;;;;;;;;;;;;;;;
WMZ_18_TRL;mbus_wmz;;;;MBUS Kanal 18 Rücklauftemperatur;DAQ-ANA;3;;r;11188;11189;0,1;°C;;;;;;;;;;;;;;;;;;;;;;;;
WMZ_18_PWR;mbus_wmz;;;;MBUS Kanal 18 Leistung;DAQ-ANA;3;;r;11190;11191;0,1;kW;;;;;;;;;;;;;;;;;;;;;;;;
WMZ_18_FLOW;mbus_wmz;;;;MBUS Kanal 18 Durchfluss;DAQ-ANA;3;;r;11192;11193;0,1;l/h;;;;;;;;;;;;;;;;;;;;;;;;
WMZ_18_ENR;mbus_wmz;;;;MBUS Kanal 18 Energie;DAQ-ANA;3;;r;11194;11195;0,1;kWh;;;;;;;;;;;;;;;;;;;;;;;;
WMZ_19_TVL;mbus_wmz;;;;MBUS Kanal 19 Vorlauftemperatur;DAQ-ANA;3;;r;11196;11197;0,1;°C;;;;;;;;;;;;;;;;;;;;;;;;
WMZ_19_TRL;mbus_wmz;;;;MBUS Kanal 19 Rücklauftemperatur;DAQ-ANA;3;;r;11198;11199;0,1;°C;;;;;;;;;;;;;;;;;;;;;;;;
WMZ_19_PWR;mbus_wmz;;;;MBUS Kanal 19 Leistung;DAQ-ANA;3;;r;11200;11201;0,1;kW;;;;;;;;;;;;;;;;;;;;;;;;
WMZ_19_FLOW;mbus_wmz;;;;MBUS Kanal 19 Durchfluss;DAQ-ANA;3;;r;11202;11203;0,1;l/h;;;;;;;;;;;;;;;;;;;;;;;;
WMZ_19_ENR;mbus_wmz;;;;MBUS Kanal 19 Energie;DAQ-ANA;3;;r;11204;11205;0,1;kWh;;;;;;;;;;;;;;;;;;;;;;;;
WMZ_20_TVL;mbus_wmz;;;;MBUS Kanal 20 Vorlauftemperatur;DAQ-ANA;3;;r;11206;11207;0,1;°C;;;;;;;;;;;;;;;;;;;;;;;;
WMZ_20_TRL;mbus_wmz;;;;MBUS Kanal 20 Rücklauftemperatur;DAQ-ANA;3;;r;11208;11209;0,1;°C;;;;;;;;;;;;;;;;;;;;;;;;
WMZ_20_PWR;mbus_wmz;;;;MBUS Kanal 20 Leistung;DAQ-ANA;3;;r;11210;11211;0,1;kW;;;;;;;;;;;;;;;;;;;;;;;;
WMZ_20_FLOW;mbus_wmz;;;;MBUS Kanal 20 Durchfluss;DAQ-ANA;3;;r;11212;11213;0,1;l/h;;;;;;;;;;;;;;;;;;;;;;;;
WMZ_20_ENR;mbus_wmz;;;;MBUS Kanal 20 Energie;DAQ-ANA;3;;r;11214;11215;0,1;kWh;;;;;;;;;;;;;;;;;;;;;;;;
WMZ_21_TVL;mbus_wmz;;;;MBUS Kanal 21 Vorlauftemperatur;DAQ-ANA;3;;r;11216;11217;0,1;°C;;;;;;;;;;;;;;;;;;;;;;;;
WMZ_21_TRL;mbus_wmz;;;;MBUS Kanal 21 Rücklauftemperatur;DAQ-ANA;3;;r;11218;11219;0,1;°C;;;;;;;;;;;;;;;;;;;;;;;;
WMZ_21_PWR;mbus_wmz;;;;MBUS Kanal 21 Leistung;DAQ-ANA;3;;r;11220;11221;0,1;kW;;;;;;;;;;;;;;;;;;;;;;;;
WMZ_21_FLOW;mbus_wmz;;;;MBUS Kanal 21 Durchfluss;DAQ-ANA;3;;r;11222;11223;0,1;l/h;;;;;;;;;;;;;;;;;;;;;;;;
WMZ_21_ENR;mbus_wmz;;;;MBUS Kanal 21 Energie;DAQ-ANA;3;;r;11224;11225;0,1;kWh;;;;;;;;;;;;;;;;;;;;;;;;
MWZ Vorl.;mbus_wmz;;;;Wärmemengenzähler Vorlauftemperatur;DAQ-ANA;3;;r;11756;11757;0,1;°C;;;;;;;;;;;;;;;;;;;;;;;;
MWZ Rueckl.;mbus_wmz;;;;Wärmemengenzähler Rücklauftemperatur;DAQ-ANA;3;;r;11758;11759;0,1;°C;;;;;;;;;;;;;;;;;;;;;;;;
MWZ Durchf.;mbus_wmz;;;;Wärmemengenzähler Durchfluss;DAQ-ANA;3;;r;11760;11761;0,1;;;;;;;;;;;;;;;;;;;;;;;;;
MWZ Leist.;mbus_wmz;;;;Wärmemengenzähler Leistung;DAQ-ANA;3;;r;11762;11763;0,1;KW;;;;;;;;;;;;;;;;;;;;;;;;
KaskSollTmp_1;kaskade;F1;1;;Kaskade Solltemperatur Kessel A;DAQ-ANA;3;;r;11558;11559;0,1;°C;;;;;;;;;;;;;;;;;;;;;;;;
KaskSollTmp_2;kaskade;F1;1;;Kaskade Solltemperatur Kessel B;DAQ-ANA;3;;r;11560;11561;0,1;°C;;;;;;;;;;;;;;;;;;;;;;;;
KaskSollTmp_3;kaskade;F1;1;;Kaskade Solltemperatur Kessel C;DAQ-ANA;3;;r;11562;11563;0,1;°C;;;;;;;;;;;;;;;;;;;;;;;;
KaskSollTmp_4;kaskade;F1;1;;Kaskade Solltemperatur Kessel D;DAQ-ANA;3;;r;11564;11565;0,1;°C;;;;;;;;;;;;;;;;;;;;;;;;
KaskIstTmp_1;kaskade;F1;1;;Kaskade Temperatur Kessel A;DAQ-ANA;3;;r;11570;11571;0,1;°C;;;;;;;;;;;;;;;;;;;;;;;;
KaskIstTmp_2;kaskade;F1;1;;Kaskade Temperatur Kessel B;DAQ-ANA;3;;r;11572;11573;0,1;°C;;;;;;;;;;;;;;;;;;;;;;;;
KaskIstTmp_3;kaskade;F1;1;;Kaskade Temperatur Kessel C;DAQ-ANA;3;;r;11574;11575;0,1;°C;;;;;;;;;;;;;;;;;;;;;;;;
KaskIstTmp_4;kaskade;F1;1;;Kaskade Temperatur Kessel D;DAQ-ANA;3;;r;11576;11577;0,1;°C;;;;;;;;;;;;;;;;;;;;;;;;
KaskLZLeisMin_1;kaskade;F1;1;;Laufzeit Kaskade Leistung-Min Kessel A;DAQ-ANA;3;;r;11692;11693;0,1;Min;;;;;;;;;;;;;;;;;;;;;;;;
KaskLZLeisMin_2;kaskade;F1;1;;Laufzeit Kaskade Leistung-Min Kessel B;DAQ-ANA;3;;r;11694;11695;0,1;Min;;;;;;;;;;;;;;;;;;;;;;;;
KaskLZLeisMin_3;kaskade;F1;1;;Laufzeit Kaskade Leistung-Min Kessel C;DAQ-ANA;3;;r;11696;11697;0,1;Min;;;;;;;;;;;;;;;;;;;;;;;;
KaskLZLeisMin_4;kaskade;F1;1;;Laufzeit Kaskade Leistung-Min Kessel D;DAQ-ANA;3;;r;11698;11699;0,1;Min;;;;;;;;;;;;;;;;;;;;;;;;
KaskLZLeisMax_1;kaskade;F1;1;;Laufzeit Kaskade Leistung-Max Kessel A;DAQ-ANA;3;;r;11704;11705;0,1;Min;;;;;;;;;;;;;;;;;;;;;;;;
KaskLZLeisMax_2;kaskade;F1;1;;Laufzeit Kaskade Leistung-Max Kessel B;DAQ-ANA;3;;r;11706;11707;0,1;Min;;;;;;;;;;;;;;;;;;;;;;;;
KaskLZLeisMax_3;kaskade;F1;1;;Laufzeit Kaskade Leistung-Max Kessel C;DAQ-ANA;3;;r;11708;11709;0,1;Min;;;;;;;;;;;;;;;;;;;;;;;;
KaskLZLeisMax_4;kaskade;F1;1;;Laufzeit Kaskade Leistung-Max Kessel D;DAQ-ANA;3;;r;11710;11711;0,1;Min;;;;;;;;;;;;;;;;;;;;;;;;
KaskLZLeisMax_KWK;kaskade;F1;1;;Laufzeit Kaskade Leistung-Max KWK;DAQ-ANA;3;;r;11716;11717;0,1;Min;;;;;;;;;;;;;;;;;;;;;;;;
KaskLZLeisMax_FW;fremdwaerme;C9;1,2;;Laufzeit Kaskade Leistung-Max Fremdwärme;DAQ-ANA;3;;r;11718;11719;0,1;Min;;;;;;;;;;;;;;;;;;;;;;;;
Kask LZLeist_1;kaskade;F1;1;;Kaskade Laufzeit Kessel A;DAQ-ANA;3;;r;11720;11721;0,1;h;;;;;;;;;;;;;;;;;;;;;;;;
Kask LZLeist_2;kaskade;F1;1;;Kaskade Laufzeit Kessel B;DAQ-ANA;3;;r;11722;11723;0,1;h;;;;;;;;;;;;;;;;;;;;;;;;
Kask LZLeist_3;kaskade;F1;1;;Kaskade Laufzeit Kessel C;DAQ-ANA;3;;r;11724;11725;0,1;h;;;;;;;;;;;;;;;;;;;;;;;;
Kask LZLeist_4;kaskade;F1;1;;Kaskade Laufzeit Kessel D;DAQ-ANA;3;;r;11726;11727;0,1;h;;;;;;;;;;;;;;;;;;;;;;;;
Kask LZLeist_KWK;kaskade;F1;1;;Kaskade Laufzeit KWK;DAQ-ANA;3;;r;11732;11733;0,1;h;;;;;;;;;;;;;;;;;;;;;;;;
Kask LZLeist_FW;fremdwaerme;C9;1,2;;Kaskade Laufzeit Fremdwärme;DAQ-ANA;3;;r;11734;11735;0,1;h;;;;;;;;;;;;;;;;;;;;;;;;
DReg Wq;differenzregler;G1;1,2,3;;Differenzregler Wärmequellentemperatur;DAQ-ANA;3;;r;10312;10313;0,1;°C;;;;;;;;;;;;;;;;;;;;;;;;
DReg K1;differenzregler;G1;1,2,3;;Differenzregler Kreis 1 aktiv;DAQ-ANA;3;;r;11390;11391;0,1;;;;;;;;;;;;;;;;;;;;;;;;;
DReg K2;differenzregler;G1;1,2,3;;Differenzregler Kreis 2 aktiv;DAQ-ANA;3;;r;11392;11393;0,1;;;;;;;;;;;;;;;;;;;;;;;;;
DiffReg TK1;differenzregler;G1;1,2,3;;Differenzregler Temperatur Kreis 1;DAQ-ANA;3;;r;11394;11395;0,1;°C;;;;;;;;;;;;;;;;;;;;;;;;
DiffReg TK2;differenzregler;G1;1,2,3;;Differenzregler Temperatur Kreis 2;DAQ-ANA;3;;r;11396;11397;0,1;°C;;;;;;;;;;;;;;;;;;;;;;;;
DReg WMZ_Ges;differenzregler;G1;1,2,3;;Differenzregler WMZ Gesamtwert;DAQ-ANA;3;;r;11830;11831;0,1;kWh;;;;;;;;;;;;;;;;;;;;;;;;
DReg WMZ_Tag;differenzregler;G1;1,2,3;;Differenzregler WMZ Tageswert;DAQ-ANA;3;;r;11832;11833;0,1;kWh;;;;;;;;;;;;;;;;;;;;;;;;
DReg WMZ_Moment;differenzregler;G1;1,2,3;;Differenzregler WMZ Aktuell;DAQ-ANA;3;;r;11834;11835;0,1;kW;;;;;;;;;;;;;;;;;;;;;;;;
FwReg Wq;fremdwaerme;C9;1,2;;Fremdwärmeregler Wärmequellentemperatur;DAQ-ANA;3;;r;10316;10317;0,1;°C;;;;;;;;;;;;;;;;;;;;;;;;
FwReg K1;fremdwaerme;C9;1,2;;Fremdwärmeregler Kreis 1 aktiv;DAQ-ANA;3;;r;11398;11399;0,1;;;;;;;;;;;;;;;;;;;;;;;;;
FwReg TK1;fremdwaerme;C9;1,2;;Fremdwärmeregler Kreis 1 aktiv;DAQ-ANA;3;;r;11400;11401;0,1;°C;;;;;;;;;;;;;;;;;;;;;;;;
FwReg TK2;fremdwaerme;C9;1,2;;Fremdwärmeregler Kreis 2 aktiv;DAQ-ANA;3;;r;11402;11403;0,1;°C;;;;;;;;;;;;;;;;;;;;;;;;
DiffR3TWq;differenzregler;G1;1,2,3;;Differenzregler PWM Wärmequellentemperatur;DAQ-ANA;3;;r;11404;11405;0,1;°C;;;;;;;;;;;;;;;;;;;;;;;;
DiffR3 K1;differenzregler;G1;1,2,3;;Differenzregler PWM Kreis 1 aktiv;DAQ-ANA;3;;r;11406;11407;0,1;;;;;;;;;;;;;;;;;;;;;;;;;
DiffR3 K2;differenzregler;G1;1,2,3;;Differenzregler PWM Kreis 2 aktiv;DAQ-ANA;3;;r;11408;11409;0,1;;;;;;;;;;;;;;;;;;;;;;;;;
DiffR3TDiff1;differenzregler;G1;1,2,3;;Differenzregler PWM Temperatur Kreis 1;DAQ-ANA;3;;r;11410;11411;0,1;°C;;;;;;;;;;;;;;;;;;;;;;;;
DiffR3TDiff2;differenzregler;G1;1,2,3;;Differenzregler PWM Temperatur Kreis 2;DAQ-ANA;3;;r;11412;11413;0,1;°C;;;;;;;;;;;;;;;;;;;;;;;;
DiffR3 P1;differenzregler;G1;1,2,3;;Differenzregler PWM P1;DAQ-ANA;3;;r;11414;11415;0,1;%;;;;;;;;;;;;;;;;;;;;;;;;
DiffR3 P2;differenzregler;G1;1,2,3;;Differenzregler PWM P2;DAQ-ANA;3;;r;11416;11417;0,1;%;;;;;;;;;;;;;;;;;;;;;;;;
DiffR3 P3;differenzregler;G1;1,2,3;;Differenzregler PWM P3;DAQ-ANA;3;;r;11418;11419;0,1;%;;;;;;;;;;;;;;;;;;;;;;;;
DiffR3 WMZ_Ges;differenzregler;G1;1,2,3;;Differenzregler PWM WMZ Gesamtwert;DAQ-ANA;3;;r;11420;11421;0,1;kWh;;;;;;;;;;;;;;;;;;;;;;;;
DiffR3 WMZ_Tag;differenzregler;G1;1,2,3;;Differenzregler PWM WMZ Tageswert;DAQ-ANA;3;;r;11422;11423;0,1;kWh;;;;;;;;;;;;;;;;;;;;;;;;
DiffR3 WMZ_Moment;differenzregler;G1;1,2,3;;Differenzregler PWM WMZ Aktuell;DAQ-ANA;3;;r;11424;11425;0,1;kW;;;;;;;;;;;;;;;;;;;;;;;;
DiffR3 CAN1;differenzregler;G1;1,2,3;;Differenzregler PWM P1 CAN Value;DAQ-ANA;3;;r;11426;11427;0,1;;;;;;;;;;;;;;;;;;;;;;;;;
DiffR3 CAN2;differenzregler;G1;1,2,3;;Differenzregler PWM P2 CAN Value;DAQ-ANA;3;;r;11428;11429;0,1;;;;;;;;;;;;;;;;;;;;;;;;;
DiffR3 CAN3;differenzregler;G1;1,2,3;;Differenzregler PWM P3 CAN Value;DAQ-ANA;3;;r;11430;11431;0,1;;;;;;;;;;;;;;;;;;;;;;;;;
FWS1 Puffertemp.;frischwasser_1;B106;1;;FWS 1 Puffertemperatur;DAQ-ANA;3;;r;10320;10321;0,1;°C;;;;;;;;;;;;;;;;;;;;;;;;
FWS1 Wq;frischwasser_1;B106;1;;FWS 1 Vorlauftemperatur;DAQ-ANA;3;;r;11990;11991;0,1;°C;;;;;;;;;;;;;;;;;;;;;;;;
FWS1 Auslaufsoll;frischwasser_1;B106;1;;FWS 1 Solltemperatur;DAQ-ANA;3;;r;10322;10323;0,1;°C;;;;;;;;;;;;;;;;;;;;;;;;
FWS1 Auslaufist;frischwasser_1;B106;1;;FWS 1 Isttemperatur;DAQ-ANA;3;;r;10324;10325;0,1;°C;;;;;;;;;;;;;;;;;;;;;;;;
FWS1 Durchfluss;frischwasser_1;B106;1;;FWS 1 Durchfluss;DAQ-ANA;3;;r;11350;11351;0,1;l/min;;;;;;;;;;;;;;;;;;;;;;;;
FWS1 Leistung;frischwasser_1;B106;1;;FWS 1 Leistung;DAQ-ANA;3;;r;11348;11349;0,1;kW;;;;;;;;;;;;;;;;;;;;;;;;
FWS1 Pumpe;frischwasser_1;B106;1;;FWS 1 Pumpenleistung;DAQ-ANA;3;;r;10326;10327;0,1;%;;;;;;;;;;;;;;;;;;;;;;;;
FWS1 Tagesm.;frischwasser_1;B106;1;;FWS 1 Tagesmenge;DAQ-ANA;3;;r;12060;12061;0,1;l;;;;;;;;;;;;;;;;;;;;;;;;
FWS1 Gesamtm.;frischwasser_1;B106;1;;FWS 1 Gesamtmenge;DAQ-ANA;3;;r;12068;12069;0,1;l;;;;;;;;;;;;;;;;;;;;;;;;
FWS2 Puffertemp.;frischwasser_2;B109;1;;FWS 2 Puffertemperatur;DAQ-ANA;3;;r;13196;13197;0,1;°C;;;;;;;;;;;;;;;;;;;;;;;;
FWS2 Wq;frischwasser_2;B109;1;;FWS 2 Vorlauftemperatur;DAQ-ANA;3;;r;11992;11993;0,1;°C;;;;;;;;;;;;;;;;;;;;;;;;
FWS2 Auslaufsoll;frischwasser_2;B109;1;;FWS 2 Solltemperatur;DAQ-ANA;3;;r;10332;10333;0,1;°C;;;;;;;;;;;;;;;;;;;;;;;;
FWS2 Auslaufist;frischwasser_2;B109;1;;FWS 2 Isttemperatur;DAQ-ANA;3;;r;10334;10335;0,1;°C;;;;;;;;;;;;;;;;;;;;;;;;
FWS2 Durchfluss;frischwasser_2;B109;1;;FWS 2 Durchfluss;DAQ-ANA;3;;r;11360;11361;0,1;l/min;;;;;;;;;;;;;;;;;;;;;;;;
FWS2 Leistung;frischwasser_2;B109;1;;FWS 2 Leistung;DAQ-ANA;3;;r;11358;11359;0,1;kW;;;;;;;;;;;;;;;;;;;;;;;;
FWS2 Pumpe;frischwasser_2;B109;1;;FWS 2 Pumpenleistung;DAQ-ANA;3;;r;10336;10337;0,1;%;;;;;;;;;;;;;;;;;;;;;;;;
FWS2 Tagesm.;frischwasser_2;B109;1;;FWS 2 Tagesmenge;DAQ-ANA;3;;r;12062;12063;0,1;l;;;;;;;;;;;;;;;;;;;;;;;;
FWS2 Gesamtm.;frischwasser_2;B109;1;;FWS 2 Gesamtmenge;DAQ-ANA;3;;r;12070;12071;0,1;l;;;;;;;;;;;;;;;;;;;;;;;;
FWS3 Puffertemp.;frischwasser_3;B112;1;;FWS 3 Puffertemperatur;DAQ-ANA;3;;r;13198;13199;0,1;°C;;;;;;;;;;;;;;;;;;;;;;;;
FWS3 Wq;frischwasser_3;B112;1;;FWS 3 Vorlauftemperatur;DAQ-ANA;3;;r;11994;11995;0,1;°C;;;;;;;;;;;;;;;;;;;;;;;;
FWS3 Auslaufsoll;frischwasser_3;B112;1;;FWS 3 Solltemperatur;DAQ-ANA;3;;r;10342;10343;0,1;°C;;;;;;;;;;;;;;;;;;;;;;;;
FWS3 Auslaufist;frischwasser_3;B112;1;;FWS 3 Isttemperatur;DAQ-ANA;3;;r;10344;10345;0,1;°C;;;;;;;;;;;;;;;;;;;;;;;;
FWS3 Durchfluss;frischwasser_3;B112;1;;FWS 3 Durchfluss;DAQ-ANA;3;;r;11370;11371;0,1;l/min;;;;;;;;;;;;;;;;;;;;;;;;
FWS3 Leistung;frischwasser_3;B112;1;;FWS 3 Leistung;DAQ-ANA;3;;r;11368;11369;0,1;kW;;;;;;;;;;;;;;;;;;;;;;;;
FWS3 Pumpe;frischwasser_3;B112;1;;FWS 3 Pumpenleistung;DAQ-ANA;3;;r;10346;10347;0,1;%;;;;;;;;;;;;;;;;;;;;;;;;
FWS3 Tagesm.;frischwasser_3;B112;1;;FWS 3 Tagesmenge;DAQ-ANA;3;;r;12064;12065;0,1;l;;;;;;;;;;;;;;;;;;;;;;;;
FWS3 Gesamtm.;frischwasser_3;B112;1;;FWS 3 Gesamtmenge;DAQ-ANA;3;;r;12072;12073;0,1;l;;;;;;;;;;;;;;;;;;;;;;;;
FWS4 Puffertemp.;frischwasser_4;B115;1;;FWS 4 Puffertemperatur;DAQ-ANA;3;;r;13200;13201;0,1;°C;;;;;;;;;;;;;;;;;;;;;;;;
FWS4 Wq;frischwasser_4;B115;1;;FWS 4 Vorlauftemperatur;DAQ-ANA;3;;r;11996;11997;0,1;°C;;;;;;;;;;;;;;;;;;;;;;;;
FWS4 Auslaufsoll;frischwasser_4;B115;1;;FWS 4 Solltemperatur;DAQ-ANA;3;;r;10352;10353;0,1;°C;;;;;;;;;;;;;;;;;;;;;;;;
FWS4 Auslaufist;frischwasser_4;B115;1;;FWS 4 Isttemperatur;DAQ-ANA;3;;r;10354;10355;0,1;°C;;;;;;;;;;;;;;;;;;;;;;;;
FWS4 Durchfluss;frischwasser_4;B115;1;;FWS 4 Durchfluss;DAQ-ANA;3;;r;11380;11381;0,1;l/min;;;;;;;;;;;;;;;;;;;;;;;;
FWS4 Leistung;frischwasser_4;B115;1;;FWS 4 Leistung;DAQ-ANA;3;;r;11378;11379;0,1;kW;;;;;;;;;;;;;;;;;;;;;;;;
FWS4 Pumpe;frischwasser_4;B115;1;;FWS 4 Pumpenleistung;DAQ-ANA;3;;r;10356;10357;0,1;%;;;;;;;;;;;;;;;;;;;;;;;;
FWS4 Tagesm.;frischwasser_4;B115;1;;FWS 4 Tagesmenge;DAQ-ANA;3;;r;12066;12067;0,1;l;;;;;;;;;;;;;;;;;;;;;;;;
FWS4 Gesamtm.;frischwasser_4;B115;1;;FWS 4 Gesamtmenge;DAQ-ANA;3;;r;12074;12075;0,1;l;;;;;;;;;;;;;;;;;;;;;;;;
FWS PWR KASK;frischwasser;;;;FWS Kaskade Leistung;DAQ-ANA;3;;r;11388;11389;0,1;%;;;;;;;;;;;;;;;;;;;;;;;;
SMART ZK;kessel;D4;1;;Zustand Smart Kessel;DAQ-ANA;3;;r;11864;11865;0,1;;;;;;;;;;;;;;;;;;;;;;;;;
SMART ANF;kessel;D4;1;;Anforderung Smart Kessel;DAQ-ANA;3;;r;11866;11867;0,1;°C;;;;;;;;;;;;;;;;;;;;;;;;
SMART Flags;kessel;D4;1;;Flags Smart Kessel;DAQ-ANA;3;;r;11868;11869;0,1;;;;;;;;;;;;;;;;;;;;;;;;;
SMART Pk Lock;kessel;D4;1;;Smart Kessel gesperrt;DAQ-ANA;3;;r;11870;11871;0,1;;;;;;;;;;;;;;;;;;;;;;;;;
UsePos;umschalteinheit;D1a;1,2,3,4,5;;Position Umschalteinheit;DAQ-ANA;3;;r;11524;11525;0,1;;;;;;;;;;;;;;;;;;;;;;;;;
UseMotSoll;umschalteinheit;D1a;1,2,3,4,5;;Sollposition Motor Umschalteinheit;DAQ-ANA;3;;r;11526;11527;0,1;mm;;;;;;;;;;;;;;;;;;;;;;;;
UseMotIst;umschalteinheit;D1a;1,2,3,4,5;;Position Motor Umschalteinheit;DAQ-ANA;3;;r;11522;11523;0,1;mm;;;;;;;;;;;;;;;;;;;;;;;;
AUPSoll;umschalteinheit;D1a;1,2,3,4,5;;Sollposition AUP;DAQ-ANA;3;;r;11582;11583;0,1;mm;;;;;;;;;;;;;;;;;;;;;;;;
AUPIst;umschalteinheit;D1a;1,2,3,4,5;;Position AUP;DAQ-ANA;3;;r;11584;11585;0,1;mm;;;;;;;;;;;;;;;;;;;;;;;;
AUPStrom;umschalteinheit;D1a;1,2,3,4,5;;Stromaufnahme AUP;DAQ-ANA;3;;r;11586;11587;0,1;mA;;;;;;;;;;;;;;;;;;;;;;;;
TPO_ZusPuf1;zusatzpuffer_hkm1;C30;1,2,3,4,5;;Zusatzpuffer-Temperatur oben (HKM1);DAQ-ANA;3;;rw;13178;13179;0,1;°C;;;;;;;;;;;;;;;;;;;;;;;;
TPM_ZusPuf1;zusatzpuffer_hkm1;C30;1,2,3,4,5;;Zusatzpuffer-Temperatur Mitte (HKM1);DAQ-ANA;3;;rw;13180;13181;0,1;°C;;;;;;;;;;;;;;;;;;;;;;;;
TPU_ZusPuf1;zusatzpuffer_hkm1;C30;1,2,3,4,5;;Zusatzpuffer-Temperatur unten (HKM1);DAQ-ANA;3;;rw;13182;13183;0,1;°C;;;;;;;;;;;;;;;;;;;;;;;;
Pfg_ZusPuf1;zusatzpuffer_hkm1;C30;1,2,3,4,5;;Pufferfüllgrad Zusatzpuffer (HKM1);DAQ-ANA;3;;r;13192;13193;0,1;%;;;;;;;;;;;;;;;;;;;;;;;;
Pumpe_ZusPuf1;zusatzpuffer_hkm1;C30;1,2,3,4,5;;Pufferpumpe Zusatzpuffer (HKM1);DAQ-ANA;3;;r;13210;13211;0,1;;;;;;;;;;;;;;;;;;;;;;;;;
ZusPuf1_soll oben;zusatzpuffer_hkm1;C30;1,2,3,4,5;;Solltemperatur oben Zusatzpuffer (HKM1);DAQ-ANA;3;;r;13212;13213;0,1;°C;;;;;;;;;;;;;;;;;;;;;;;;
ZusPuf1_soll unten;zusatzpuffer_hkm1;C30;1,2,3,4,5;;Solltemperatur unten Zusatzpuffer (HKM1);DAQ-ANA;3;;r;13214;13215;0,1;°C;;;;;;;;;;;;;;;;;;;;;;;;
ZusPuf1 Zustand;zusatzpuffer_hkm1;C30;1,2,3,4,5;;Zustand Zusatzpuffer (HKM1);DAQ-ANA;3;;r;13216;13217;0,1;;;;;Aus;Restwärme;Ein;Laden;Handbetrieb;Rauchfangkehrer;;;;;;;;;;;;;;;
Max Anf ZusPuf1;zusatzpuffer_hkm1;C30;1,2,3,4,5;;höchste Anforderung Zusatzpuffer HKM1;DAQ-ANA;3;;r;13250;13251;0,1;°C;;;;;;;;;;;;;;;;;;;;;;;;
TPO_ZusPuf2;zusatzpuffer_hkm2;C40;1,2,3,4,5;;Zusatzpuffer-Temperatur oben (HKM2);DAQ-ANA;3;;rw;13184;13185;0,1;°C;;;;;;;;;;;;;;;;;;;;;;;;
TPM_ZusPuf2;zusatzpuffer_hkm2;C40;1,2,3,4,5;;Zusatzpuffer-Temperatur Mitte (HKM2);DAQ-ANA;3;;rw;13186;13187;0,1;°C;;;;;;;;;;;;;;;;;;;;;;;;
TPU_ZusPuf2;zusatzpuffer_hkm2;C40;1,2,3,4,5;;Zusatzpuffer-Temperatur unten (HKM2);DAQ-ANA;3;;rw;13188;13189;0,1;°C;;;;;;;;;;;;;;;;;;;;;;;;
Pfg_ZusPuf2;zusatzpuffer_hkm2;C40;1,2,3,4,5;;Pufferfüllgrad Zusatzpuffer (HKM2);DAQ-ANA;3;;r;13194;13195;0,1;%;;;;;;;;;;;;;;;;;;;;;;;;
Pumpe_ZusPuf2;zusatzpuffer_hkm2;C40;1,2,3,4,5;;Pufferpumpe Zusatzpuffer (HKM2);DAQ-ANA;3;;r;13218;13219;0,1;;;;;;;;;;;;;;;;;;;;;;;;;
ZusPuf2_soll oben;zusatzpuffer_hkm2;C40;1,2,3,4,5;;Solltemperatur oben Zusatzpuffer (HKM2);DAQ-ANA;3;;r;13220;13221;0,1;°C;;;;;;;;;;;;;;;;;;;;;;;;
ZusPuf2_soll unten;zusatzpuffer_hkm2;C40;1,2,3,4,5;;Solltemperatur unten Zusatzpuffer (HKM2);DAQ-ANA;3;;r;13222;13223;0,1;°C;;;;;;;;;;;;;;;;;;;;;;;;
ZusPuf2 Zustand;zusatzpuffer_hkm2;C40;1,2,3,4,5;;Zustand Zusatzpuffer (HKM2);DAQ-ANA;3;;r;13224;13225;0,1;;;;;Aus;Restwärme;Ein;Laden;Handbetrieb;Rauchfangkehrer;;;;;;;;;;;;;;;
Max Anf ZusPuf2;zusatzpuffer_hkm2;C40;1,2,3,4,5;;höchste Anforderung Zusatzpuffer HKM2;DAQ-ANA;3;;r;13252;13253;0,1;°C;;;;;;;;;;;;;;;;;;;;;;;;
eCleaner U-HVs;kessel;D4;1;;eCleaner Hochspannung Soll;DAQ-ANA;3;;r;13244;13245;0,1;kV;;;;;;;;;;;;;;;;;;;;;;;;
Wasserdruck;system;;;;Wasserdrucksensor;DAQ-ANA;3;;r;11686;11687;0,1;bar;;;;;;;;;;;;;;;;;;;;;;;;
Störung;kessel;D4;1;1;Störung;DAQ-DIG;3;;r;16036;16037;1;;;;;;;;;;;;;;;;;;;;;;;;;
Stb;system;;;;Sicherheitstemperaturbegrenzer;DAQ-DIG;3;;r;16072;16073;1;;;;;;;;;;;;;;;;;;;;;;;;;
Fuellstand;kessel;D4;1;1;Füllstand Pellets;DAQ-DIG;3;;r;16093;16094;1;;;;;;;;;;;;;;;;;;;;;;;;;
RLP/PuffP;zentralpuffer;C2;1,2,3,4,5;1;Pumpe Rücklauf/Puffer;DAQ-DIG;3;;r;16024;16025;1;;;;;;;;;;;;;;;;;;;;;;;;;
RLm_auf;system;;;;Rücklaufmischer Auf;DAQ-DIG;3;;r;16096;16097;1;;;;;;;;;;;;;;;;;;;;;;;;;
RLm_zu;system;;;;Rücklaufmischer Zu;DAQ-DIG;3;;r;16097;16098;1;;;;;;;;;;;;;;;;;;;;;;;;;
WS freig.;kessel;D4;1;1;Aktivität am Kessel;DAQ-DIG;3;;r;16069;16070;1;;;;;;;;;;;;;;;;;;;;;;;;;
Akt. Code;system;;;;Aktiver Servicecode/Mastercode;DAQ-DIG;3;;r;16070;16071;1;;;;;;;;;;;;;;;;;;;;;;;;;
FW Freig.;fremdwaerme;C9;1,2;;Freigabe Fremdwärme;DAQ-DIG;3;;r;16054;16055;1;;;;;;;;;;;;;;;;;;;;;;;;;
gFlP;fernleitung;;;;Pumpe geregelte Fernleitung 1;DAQ-DIG;3;;r;16059;16060;1;;;;;;;;;;;;;;;;;;;;;;;;;
gFlM auf;fernleitung;;;;Mischer Auf geregelte Fernleitung 1;DAQ-DIG;3;;r;16060;16061;1;;;;;;;;;;;;;;;;;;;;;;;;;
gFlM zu;fernleitung;;;;Mischer Zu geregelte Fernleitung 1;DAQ-DIG;3;;r;16061;16062;1;;;;;;;;;;;;;;;;;;;;;;;;;
gFl2P;fernleitung;;;;Pumpe geregelte Fernleitung 2;DAQ-DIG;3;;r;16190;16191;1;;;;;;;;;;;;;;;;;;;;;;;;;
gFl2M auf;fernleitung;;;;Mischer Auf geregelte Fernleitung 2;DAQ-DIG;3;;r;16191;16192;1;;;;;;;;;;;;;;;;;;;;;;;;;
gFl2M zu;fernleitung;;;;Mischer Zu geregelte Fernleitung 2;DAQ-DIG;3;;r;16192;16193;1;;;;;;;;;;;;;;;;;;;;;;;;;
L Heiz.;kessel;D4;1;;Heizung Lambdasonde;DAQ-DIG;3;;r;16078;16079;1;;;;;;;;;;;;;;;;;;;;;;;;;
Z Heiz.;kessel;D4;1;;Heizung Zündung;DAQ-DIG;3;;r;16079;16080;1;;;;;;;;;;;;;;;;;;;;;;;;;
Z Geb.;kessel;D4;1;;Gebläse Zündung;DAQ-DIG;3;;r;16080;16081;1;;;;;;;;;;;;;;;;;;;;;;;;;
AA Run;kessel;D4;1;;Ascheaustragung aktiv;DAQ-DIG;3;;r;16081;16082;1;;;;;;;;;;;;;;;;;;;;;;;;;
AA Dir;kessel;D4;1;;Richtung Ascheaustragung;DAQ-DIG;3;;r;16082;16083;1;;;;;;;;;;;;;;;;;;;;;;;;;
ES Run;kessel;D4;1;1;Einschubschnecke aktiv;DAQ-DIG;3;;r;16084;16085;1;;;;;;;;;;;;;;;;;;;;;;;;;
ES Dir;kessel;D4;1;;Richtung Einschubschnecke;DAQ-DIG;3;;r;16085;16086;1;;;;;;;;;;;;;;;;;;;;;;;;;
AS Saug;kessel;D4;1;1;Raumaustragung Sauger aktiv;DAQ-DIG;3;;r;16077;16078;1;;;;;;;;;;;;;;;;;;;;;;;;;
AS RA Run;kessel;D4;1;1;Raumaustragung aktiv;DAQ-DIG;3;;r;16086;16087;1;;;;;;;;;;;;;;;;;;;;;;;;;
AS RA Dir;kessel;D4;1;;Richtung Raumaustragung;DAQ-DIG;3;;r;16087;16088;1;;;;;;;;;;;;;;;;;;;;;;;;;
Rein En;kessel;D4;1;;Reinigung freigegeben;DAQ-DIG;3;;r;16188;16189;1;;;;;;;;;;;;;;;;;;;;;;;;;
Rein Run;kessel;D4;1;;Reinigung aktiv;DAQ-DIG;3;;r;16189;16190;1;;;;;;;;;;;;;;;;;;;;;;;;;
Es Rein Endl;kessel;D4;1;;Reinigung in Endlage;DAQ-DIG;3;;r;16161;16162;1;;;;;;;;;;;;;;;;;;;;;;;;;
sAS Anf Füll;kessel;D4;1;;Anforderung Füllen;DAQ-DIG;3;;r;16164;16165;1;;;;;;;;;;;;;;;;;;;;;;;;;
HKPA;heizkreis_a;A61;1,2,3,4;;Pumpe Heizkreis A;DAQ-DIG;3;;r;16028;16029;1;;;;;;;;;;;;;;;;;;;;;;;;;
MAA;heizkreis_a;A61;1,2,3,4;;Mischer Auf Heizkreis A;DAQ-DIG;3;;r;16008;16009;1;;;;;;;;;;;;;;;;;;;;;;;;;
MAZ;heizkreis_a;A61;1,2,3,4;;Mischer Zu Heizkreis A;DAQ-DIG;3;;r;16009;16010;1;;;;;;;;;;;;;;;;;;;;;;;;;
HKP1;heizkreis_1;A1;1,2,3,4;;Pumpe Heizkreis 1;DAQ-DIG;3;;r;16029;16030;1;;;;;;;;;;;;;;;;;;;;;;;;;
M1A;heizkreis_1;A1;1,2,3,4;;Mischer Auf Heizkreis 1;DAQ-DIG;3;;r;16010;16011;1;;;;;;;;;;;;;;;;;;;;;;;;;
M1Z;heizkreis_1;A1;1,2,3,4;;Mischer Zu Heizkreis 1;DAQ-DIG;3;;r;16011;16012;1;;;;;;;;;;;;;;;;;;;;;;;;;
HKP2;heizkreis_2;A11;1,2,3,4;;Pumpe Heizkreis 2;DAQ-DIG;3;;r;16030;16031;1;;;;;;;;;;;;;;;;;;;;;;;;;
M2A;heizkreis_2;A11;1,2,3,4;;Mischer Auf Heizkreis 2;DAQ-DIG;3;;r;16012;16013;1;;;;;;;;;;;;;;;;;;;;;;;;;
M2Z;heizkreis_2;A11;1,2,3,4;;Mischer Zu Heizkreis 2;DAQ-DIG;3;;r;16013;16014;1;;;;;;;;;;;;;;;;;;;;;;;;;
HKP3;heizkreis_3;A21;1,2,3,4;;Pumpe Heizkreis 3;DAQ-DIG;3;;r;16031;16032;1;;;;;;;;;;;;;;;;;;;;;;;;;
M3A;heizkreis_3;A21;1,2,3,4;;Mischer Auf Heizkreis 3;DAQ-DIG;3;;r;16014;16015;1;;;;;;;;;;;;;;;;;;;;;;;;;
M3Z;heizkreis_3;A21;1,2,3,4;;Mischer Zu Heizkreis 3;DAQ-DIG;3;;r;16015;16016;1;;;;;;;;;;;;;;;;;;;;;;;;;
HKP4;heizkreis_4;A31;1,2,3,4;;Pumpe Heizkreis 4;DAQ-DIG;3;;r;16032;16033;1;;;;;;;;;;;;;;;;;;;;;;;;;
M4A;heizkreis_4;A31;1,2,3,4;;Mischer Auf Heizkreis 4;DAQ-DIG;3;;r;16016;16017;1;;;;;;;;;;;;;;;;;;;;;;;;;
M4Z;heizkreis_4;A31;1,2,3,4;;Mischer Zu Heizkreis 4;DAQ-DIG;3;;r;16017;16018;1;;;;;;;;;;;;;;;;;;;;;;;;;
HKP5;heizkreis_5;A41;1,2,3,4;;Pumpe Heizkreis 5;DAQ-DIG;3;;r;16033;16034;1;;;;;;;;;;;;;;;;;;;;;;;;;
M5A;heizkreis_5;A41;1,2,3,4;;Mischer Auf Heizkreis 5;DAQ-DIG;3;;r;16018;16019;1;;;;;;;;;;;;;;;;;;;;;;;;;
M5Z;heizkreis_5;A41;1,2,3,4;;Mischer Zu Heizkreis 5;DAQ-DIG;3;;r;16019;16020;1;;;;;;;;;;;;;;;;;;;;;;;;;
HKP6;heizkreis_6;A51;1,2,3,4;;Pumpe Heizkreis 6;DAQ-DIG;3;;r;16034;16035;1;;;;;;;;;;;;;;;;;;;;;;;;;
M6A;heizkreis_6;A51;1,2,3,4;;Mischer Auf Heizkreis 6;DAQ-DIG;3;;r;16020;16021;1;;;;;;;;;;;;;;;;;;;;;;;;;
M6Z;heizkreis_6;A51;1,2,3,4;;Mischer Zu Heizkreis 6;DAQ-DIG;3;;r;16021;16022;1;;;;;;;;;;;;;;;;;;;;;;;;;
HKPB;heizkreis_b;A71;1,2,3,4;;Pumpe Heizkreis B;DAQ-DIG;3;;r;16035;16036;1;;;;;;;;;;;;;;;;;;;;;;;;;
MBA;heizkreis_b;A71;1,2,3,4;;Mischer Auf Heizkreis B;DAQ-DIG;3;;r;16022;16023;1;;;;;;;;;;;;;;;;;;;;;;;;;
MBZ;heizkreis_b;A71;1,2,3,4;;Mischer Zu Heizkreis B;DAQ-DIG;3;;r;16023;16024;1;;;;;;;;;;;;;;;;;;;;;;;;;
BPA;boiler_a;B31;1,2;;Pumpe Boiler A;DAQ-DIG;3;;r;16002;16003;1;;;;;;;;;;;;;;;;;;;;;;;;;
BP1;boiler_1;B1;1,2;;Pumpe Boiler 1;DAQ-DIG;3;;r;16003;16004;1;;;;;;;;;;;;;;;;;;;;;;;;;
BP2;boiler_2;B11;1,2;;Pumpe Boiler 2;DAQ-DIG;3;;r;16004;16005;1;;;;;;;;;;;;;;;;;;;;;;;;;
BP3;boiler_3;B21;1,2;;Pumpe Boiler 3;DAQ-DIG;3;;r;16005;16006;1;;;;;;;;;;;;;;;;;;;;;;;;;
BPB;boiler_b;B41;1,2;;Pumpe Boiler B;DAQ-DIG;3;;r;16006;16007;1;;;;;;;;;;;;;;;;;;;;;;;;;
BZPA;boiler_a;B31;1,2;;Zirkulationspumpe Boiler A;DAQ-DIG;3;;r;16049;16050;1;;;;;;;;;;;;;;;;;;;;;;;;;
BZP1;boiler_1;B1;1,2;;Zirkulationspumpe Boiler 1;DAQ-DIG;3;;r;16050;16051;1;;;;;;;;;;;;;;;;;;;;;;;;;
BZP2;boiler_2;B11;1,2;;Zirkulationspumpe Boiler 2;DAQ-DIG;3;;r;16051;16052;1;;;;;;;;;;;;;;;;;;;;;;;;;
BZP3;boiler_3;B21;1,2;;Zirkulationspumpe Boiler 3;DAQ-DIG;3;;r;16052;16053;1;;;;;;;;;;;;;;;;;;;;;;;;;
BZPB;boiler_b;B41;1,2;;Zirkulationspumpe Boiler B;DAQ-DIG;3;;r;16053;16054;1;;;;;;;;;;;;;;;;;;;;;;;;;
Aschebox;kessel;D4;1;1;Sicherheitsschalter Aschebox;DAQ-DIG;3;;r;16098;16099;1;;;;;;;;;;;;;;;;;;;;;;;;;
Netztrafo;system;;;;Netztrafo aktiv;DAQ-DIG;3;;r;16165;16166;1;;;;;;;;;;;;;;;;;;;;;;;;;
Netzrelais;system;;;;Netzrelais aktiv;DAQ-DIG;3;;r;16166;16167;1;;;;;;;;;;;;;;;;;;;;;;;;;
Lagerraum;system;;;;Sicherheitsschalter Lager;DAQ-DIG;3;;r;16101;16102;1;;;;;;;;;;;;;;;;;;;;;;;;;
FLP;fernleitung;;;;Pumpe Fernleitung 1;DAQ-DIG;3;;r;16107;16108;1;;;;;;;;;;;;;;;;;;;;;;;;;
ATW;system;;;;Abgastemperaturwächter;DAQ-DIG;3;;r;16113;16114;1;;;;;;;;;;;;;;;;;;;;;;;;;
Entasch gesp.;kessel;D4;1;1;Entaschung gesperrt;DAQ-DIG;3;;r;16112;16113;1;;;;;;;;;;;;;;;;;;;;;;;;;
HKV;system;;;;Heizkreisventil;DAQ-DIG;3;;r;16055;16056;1;;;;;;;;;;;;;;;;;;;;;;;;;
Spülung Aktiv;kessel;D4;1;1;Spülung aktiv Nano-PK Plus;DAQ-DIG;3;;r;16167;16168;1;;;;;;;;;;;;;;;;;;;;;;;;;
ExtHK vorh;system;;;;Externer Heizkreis vorhanden;DAQ-DIG;3;;r;16540;16541;1;;;;;;;;;;;;;;;;;;;;;;;;;
ExtHK_2 vorh;heizkreis_2;A11;1,2,3,4;;Externer Heizkreis 2 vorhanden;DAQ-DIG;3;;r;16542;16543;1;;;;;;;;;;;;;;;;;;;;;;;;;
ExtHK_3 vorh;heizkreis_3;A21;1,2,3,4;;Externer Heizkreis 3 vorhanden;DAQ-DIG;3;;r;16543;16544;1;;;;;;;;;;;;;;;;;;;;;;;;;
ExtHK Anf;system;;;;Anforderung externer Heizkreis;DAQ-DIG;3;;r;15999;16000;1;;;;;;;;;;;;;;;;;;;;;;;;;
ExtHK_2 Anf;heizkreis_2;A11;1,2,3,4;;Anforderung externer Heizkreis 2;DAQ-DIG;3;;r;16001;16002;1;;;;;;;;;;;;;;;;;;;;;;;;;
ExtHK_3 Anf;heizkreis_3;A21;1,2,3,4;;Anforderung externer Heizkreis 3;DAQ-DIG;3;;r;16115;16116;1;;;;;;;;;;;;;;;;;;;;;;;;;
ExtHK Pumpe;heizkreis_1;A1;1,2,3,4;;Pumpe externer Heizkreis 1;DAQ-DIG;3;;r;16025;16026;1;;;;;;;;;;;;;;;;;;;;;;;;;
ExtHK_2 Pumpe;heizkreis_2;A11;1,2,3,4;;Pumpe externer Heizkreis 2;DAQ-DIG;3;;r;16027;16028;1;;;;;;;;;;;;;;;;;;;;;;;;;
ExtHK_3 Pumpe;heizkreis_3;A21;1,2,3,4;;Pumpe externer Heizkreis 3;DAQ-DIG;3;;r;16106;16107;1;;;;;;;;;;;;;;;;;;;;;;;;;
KASK1 MinLeist;kaskade;F1;1;;Kaskade minimale Leistung Kessel A;DAQ-DIG;3;;r;16120;16121;1;;;;;;;;;;;;;;;;;;;;;;;;;
KASK2 MinLeist;kaskade;F1;1;;Kaskade minimale Leistung Kessel B;DAQ-DIG;3;;r;16121;16122;1;;;;;;;;;;;;;;;;;;;;;;;;;
KASK3 MinLeist;kaskade;F1;1;;Kaskade minimale Leistung Kessel C;DAQ-DIG;3;;r;16122;16123;1;;;;;;;;;;;;;;;;;;;;;;;;;
KASK4 MinLeist;kaskade;F1;1;;Kaskade minimale Leistung Kessel D;DAQ-DIG;3;;r;16123;16124;1;;;;;;;;;;;;;;;;;;;;;;;;;
KASK1 MaxLeist;kaskade;F1;1;;Kaskade maximale Leistung Kessel A;DAQ-DIG;3;;r;16126;16127;1;;;;;;;;;;;;;;;;;;;;;;;;;
KASK2 MaxLeist;kaskade;F1;1;;Kaskade maximale Leistung Kessel B;DAQ-DIG;3;;r;16127;16128;1;;;;;;;;;;;;;;;;;;;;;;;;;
KASK3 MaxLeist;kaskade;F1;1;;Kaskade maximale Leistung Kessel C;DAQ-DIG;3;;r;16128;16129;1;;;;;;;;;;;;;;;;;;;;;;;;;
KASK4 MaxLeist;kaskade;F1;1;;Kaskade maximale Leistung Kessel D;DAQ-DIG;3;;r;16129;16130;1;;;;;;;;;;;;;;;;;;;;;;;;;
KASK1 Run;kaskade;F1;1;;Kaskade Kessel A aktiv;DAQ-DIG;3;;r;16132;16133;1;;;;;;;;;;;;;;;;;;;;;;;;;
KASK2 Run;kaskade;F1;1;;Kaskade Kessel B aktiv;DAQ-DIG;3;;r;16133;16134;1;;;;;;;;;;;;;;;;;;;;;;;;;
KASK3 Run;kaskade;F1;1;;Kaskade Kessel C aktiv;DAQ-DIG;3;;r;16134;16135;1;;;;;;;;;;;;;;;;;;;;;;;;;
KASK4 Run;kaskade;F1;1;;Kaskade Kessel D aktiv;DAQ-DIG;3;;r;16135;16136;1;;;;;;;;;;;;;;;;;;;;;;;;;
KASK1 OK;kaskade;F1;1;;Kaskade Kessel A Startbereit;DAQ-DIG;3;;r;16138;16139;1;;;;;;;;;;;;;;;;;;;;;;;;;
KASK2 OK;kaskade;F1;1;;Kaskade Kessel B Startbereit;DAQ-DIG;3;;r;16139;16140;1;;;;;;;;;;;;;;;;;;;;;;;;;
KASK3 OK;kaskade;F1;1;;Kaskade Kessel C Startbereit;DAQ-DIG;3;;r;16140;16141;1;;;;;;;;;;;;;;;;;;;;;;;;;
KASK4 OK;kaskade;F1;1;;Kaskade Kessel D Startbereit;DAQ-DIG;3;;r;16141;16142;1;;;;;;;;;;;;;;;;;;;;;;;;;
Kask KWK Out;kaskade;F1;1;;Kaskade KWK Out;DAQ-DIG;3;;r;16168;16169;1;;;;;;;;;;;;;;;;;;;;;;;;;
Kask FW Out;kessel;D4;1;;Ausgang Ölkessel;DAQ-DIG;3;;r;16157;16158;1;;;;;;;;;;;;;;;;;;;;;;;;;
KASK KWK OK;kaskade;F1;1;;Kaskade KWK ok;DAQ-DIG;3;;r;16162;16163;1;;;;;;;;;;;;;;;;;;;;;;;;;
KASK FW OK;kaskade;F1;1;;Kaskade FW ok;DAQ-DIG;3;;r;16163;16164;1;;;;;;;;;;;;;;;;;;;;;;;;;
DReg P2;differenzregler;G1;1,2,3;;Differenzregler Pumpe 2;DAQ-DIG;3;;r;16037;16038;1;;;;;;;;;;;;;;;;;;;;;;;;;
DReg P3;differenzregler;G1;1,2,3;;Differenzregler Pumpe 3;DAQ-DIG;3;;r;16038;16039;1;;;;;;;;;;;;;;;;;;;;;;;;;
DReg Mi auf;differenzregler;G1;1,2,3;;Differenzregler Mischer/Ventil Auf;DAQ-DIG;3;;r;16039;16040;1;;;;;;;;;;;;;;;;;;;;;;;;;
DReg Mi zu;differenzregler;G1;1,2,3;;Differenzregler Mischer Zu;DAQ-DIG;3;;r;16040;16041;1;;;;;;;;;;;;;;;;;;;;;;;;;
DReg2 P2;fremdwaerme;C9;1,2;;Fremdwärmeregler Pumpe 2;DAQ-DIG;3;;r;16041;16042;1;;;;;;;;;;;;;;;;;;;;;;;;;
DReg2 Mi auf;fremdwaerme;C9;1,2;;Fremdwärmeregler Mischer/Ventil Auf;DAQ-DIG;3;;r;16043;16044;1;;;;;;;;;;;;;;;;;;;;;;;;;
DReg2 Mi zu;fremdwaerme;C9;1,2;;Fremdwärmeregler Mischer Zu;DAQ-DIG;3;;r;16044;16045;1;;;;;;;;;;;;;;;;;;;;;;;;;
DReg3 P2;differenzregler;G1;1,2,3;;Differenzregler 3 Pumpe 2;DAQ-DIG;3;;r;16045;16046;1;;;;;;;;;;;;;;;;;;;;;;;;;
DReg3 P3;differenzregler;G1;1,2,3;;Differenzregler 3 Pumpe 3;DAQ-DIG;3;;r;16046;16047;1;;;;;;;;;;;;;;;;;;;;;;;;;
DReg3 Mi auf;differenzregler;G1;1,2,3;;Differenzregler 3 Mischer/Ventil Auf;DAQ-DIG;3;;r;16047;16048;1;;;;;;;;;;;;;;;;;;;;;;;;;
DReg3 Mi zu;differenzregler;G1;1,2,3;;Differenzregler 3 Mischer Zu;DAQ-DIG;3;;r;16048;16049;1;;;;;;;;;;;;;;;;;;;;;;;;;
PR010;heizkreis_a;A61;1,2,3,4;;Heizkreis A Modus;WAHL;3;6;rw;19999;20000;1;;;;;Aus;Auto;Absenken;Heizen;1x Heizen;Kühlen;;;;;;;;;;;;;;;
PR011;heizkreis_1;A1;1,2,3,4;;Heizkreis 1 Modus;WAHL;3;6;rw;20000;20001;1;;;;;Aus;Auto;Absenken;Heizen;1x Heizen;Kühlen;;;;;;;;;;;;;;;
PR012;heizkreis_2;A11;1,2,3,4;;Heizkreis 2 Modus;WAHL;3;6;rw;20001;20002;1;;;;;Aus;Auto;Absenken;Heizen;1x Heizen;Kühlen;;;;;;;;;;;;;;;
PR013;heizkreis_3;A21;1,2,3,4;;Heizkreis 3 Modus;WAHL;3;6;rw;20002;20003;1;;;;;Aus;Auto;Absenken;Heizen;1x Heizen;Kühlen;;;;;;;;;;;;;;;
PR014;heizkreis_4;A31;1,2,3,4;;Heizkreis 4 Modus;WAHL;3;6;rw;20003;20004;1;;;;;Aus;Auto;Absenken;Heizen;1x Heizen;Kühlen;;;;;;;;;;;;;;;
PR015;heizkreis_5;A41;1,2,3,4;;Heizkreis 5 Modus;WAHL;3;6;rw;20004;20005;1;;;;;Aus;Auto;Absenken;Heizen;1x Heizen;Kühlen;;;;;;;;;;;;;;;
PR016;heizkreis_6;A51;1,2,3,4;;Heizkreis 6 Modus;WAHL;3;6;rw;20005;20006;1;;;;;Aus;Auto;Absenken;Heizen;1x Heizen;Kühlen;;;;;;;;;;;;;;;
PR017;heizkreis_b;A71;1,2,3,4;;Heizkreis B Modus;WAHL;3;6;rw;20006;20007;1;;;;;Aus;Auto;Absenken;Heizen;1x Heizen;Kühlen;;;;;;;;;;;;;;;
PR030;knx;;;;Auswahl Wochenprogramm KNX;WAHL;3;6;rw;20007;20008;1;;;;;0;1;2;3;4;5;6;;;;;;;;;;;;;;
PR040;zentralpuffer;C2;1,2,3,4,5;1;Zentralpuffer Ladung starten;WAHL;3;6;rw;20929;20930;1;;;;;Nein;Ja;;;;;;;;;;;;;;;;;;;
PR041;boiler_a;B31;1,2;;Boiler A Ladung starten;WAHL;3;6;rw;20930;20931;1;;;;;Nein;Ja;;;;;;;;;;;;;;;;;;;
PR042;boiler_1;B1;1,2;;Boiler 1 Ladung starten;WAHL;3;6;rw;20931;20932;1;;;;;Nein;Ja;;;;;;;;;;;;;;;;;;;
PR043;boiler_2;B11;1,2;;Boiler 2 Ladung starten;WAHL;3;6;rw;20932;20933;1;;;;;Nein;Ja;;;;;;;;;;;;;;;;;;;
PR044;boiler_3;B21;1,2;;Boiler 3 Ladung starten;WAHL;3;6;rw;20933;20934;1;;;;;Nein;Ja;;;;;;;;;;;;;;;;;;;
PR045;boiler_b;B41;1,2;;Boiler B Ladung starten;WAHL;3;6;rw;20934;20935;1;;;;;Nein;Ja;;;;;;;;;;;;;;;;;;;
PR051;zusatzpuffer_hkm1;C30;1,2,3,4,5;;Zusatzpuffer HKM1 Ladung starten;WAHL;3;;rw;23981;23982;1;;;;;Nein;Ja;;;;;;;;;;;;;;;;;;;
PR052;zusatzpuffer_hkm2;C40;1,2,3,4,5;;Zusatzpuffer HKM2 Ladung starten;WAHL;3;;rw;23982;23983;1;;;;;Nein;Ja;;;;;;;;;;;;;;;;;;;
1;boiler_1;B1;1,2;;Boiler 1 Tagesuhr Mo-So;TPROG;3;16;rw;20099;20100;1;;;;;;;;;;;;;;;;;;;;;;;;;
1a;boiler_1;B1;1,2;;Boiler 1 Wochenuhr;WPROG;3;16;rw;20103;20104;1;;;;;;;;;;;;;;;;;;;;;;;;;
1b;boiler_1;B1;1,2;;Boiler 1 Wochenuhr;WPROG;3;16;rw;20108;20109;1;;;;;;;;;;;;;;;;;;;;;;;;;
1c;boiler_1;B1;1,2;;Boiler 1 Wochenuhr;WPROG;3;16;rw;20113;20114;1;;;;;;;;;;;;;;;;;;;;;;;;;
1d;boiler_1;B1;1,2;;Boiler 1 Wochenuhr;WPROG;3;16;rw;20118;20119;1;;;;;;;;;;;;;;;;;;;;;;;;;
1e;boiler_1;B1;1,2;;Boiler 1 Wochenuhr;WPROG;3;16;rw;20123;20124;1;;;;;;;;;;;;;;;;;;;;;;;;;
1f;boiler_1;B1;1,2;;Boiler 1 Wochenuhr;WPROG;3;16;rw;20128;20129;1;;;;;;;;;;;;;;;;;;;;;;;;;
1g;boiler_1;B1;1,2;;Boiler 1 Wochenuhr;WPROG;3;16;rw;20133;20134;1;;;;;;;;;;;;;;;;;;;;;;;;;
2;boiler_1;B1;1,2;;Boiler 1 Solltemperatur;INT;3;;rw;20138;20139;1;°C;10;84;1;;;;;;;;;;;;;;;;;;;;;
2a;boiler_1;B1;1,2;;Boiler 1 Zirkulationspumpe;TPROG;3;16;rw;20139;20140;1;;;;;;;;;;;;;;;;;;;;;;;;;
3;heizkreis_1;A1;1,2,3,4;;Heizkreis 1 Tagesuhr Mo-So;TPROG;3;16;rw;20143;20144;1;;;;;;;;;;;;;;;;;;;;;;;;;
3a;heizkreis_1;A1;1,2,3,4;;Heizkreis 1 Wochenuhr;WPROG;3;16;rw;20147;20148;1;;;;;;;;;;;;;;;;;;;;;;;;;
3b;heizkreis_1;A1;1,2,3,4;;Heizkreis 1 Wochenuhr;WPROG;3;16;rw;20152;20153;1;;;;;;;;;;;;;;;;;;;;;;;;;
3c;heizkreis_1;A1;1,2,3,4;;Heizkreis 1 Wochenuhr;WPROG;3;16;rw;20157;20158;1;;;;;;;;;;;;;;;;;;;;;;;;;
3d;heizkreis_1;A1;1,2,3,4;;Heizkreis 1 Wochenuhr;WPROG;3;16;rw;20162;20163;1;;;;;;;;;;;;;;;;;;;;;;;;;
3e;heizkreis_1;A1;1,2,3,4;;Heizkreis 1 Wochenuhr;WPROG;3;16;rw;20167;20168;1;;;;;;;;;;;;;;;;;;;;;;;;;
3f;heizkreis_1;A1;1,2,3,4;;Heizkreis 1 Wochenuhr;WPROG;3;16;rw;20172;20173;1;;;;;;;;;;;;;;;;;;;;;;;;;
3g;heizkreis_1;A1;1,2,3,4;;Heizkreis 1 Wochenuhr;WPROG;3;16;rw;20177;20178;1;;;;;;;;;;;;;;;;;;;;;;;;;
4;heizkreis_1;A1;1,2,3,4;;Heizkreis 1 Tages-Raumtemperatur;FLOAT;3;;rw;20182;20183;1;°C;14.00;26.00;0.50;;;;;;;;;;;;;;;;;;;;;
5;heizkreis_1;A1;1,2,3,4;;Heizkreis 1 Absenk-Raumtemperatur;FLOAT;3;;rw;20184;20185;1;°C;8.00;24.00;0.50;;;;;;;;;;;;;;;;;;;;;
6;heizkreis_2;A11;1,2,3,4;;Heizkreis 2 Tagesuhr Mo-So;TPROG;3;16;rw;20186;20187;1;;;;;;;;;;;;;;;;;;;;;;;;;
6a;heizkreis_2;A11;1,2,3,4;;Heizkreis 2 Wochenuhr;WPROG;3;16;rw;20190;20191;1;;;;;;;;;;;;;;;;;;;;;;;;;
6b;heizkreis_2;A11;1,2,3,4;;Heizkreis 2 Wochenuhr;WPROG;3;16;rw;20195;20196;1;;;;;;;;;;;;;;;;;;;;;;;;;
6c;heizkreis_2;A11;1,2,3,4;;Heizkreis 2 Wochenuhr;WPROG;3;16;rw;20200;20201;1;;;;;;;;;;;;;;;;;;;;;;;;;
6d;heizkreis_2;A11;1,2,3,4;;Heizkreis 2 Wochenuhr;WPROG;3;16;rw;20205;20206;1;;;;;;;;;;;;;;;;;;;;;;;;;
6e;heizkreis_2;A11;1,2,3,4;;Heizkreis 2 Wochenuhr;WPROG;3;16;rw;20210;20211;1;;;;;;;;;;;;;;;;;;;;;;;;;
6f;heizkreis_2;A11;1,2,3,4;;Heizkreis 2 Wochenuhr;WPROG;3;16;rw;20215;20216;1;;;;;;;;;;;;;;;;;;;;;;;;;
6g;heizkreis_2;A11;1,2,3,4;;Heizkreis 2 Wochenuhr;WPROG;3;16;rw;20220;20221;1;;;;;;;;;;;;;;;;;;;;;;;;;
7;heizkreis_2;A11;1,2,3,4;;Heizkreis 2 Tages-Raumtemperatur;FLOAT;3;;rw;20225;20226;1;°C;14.00;26.00;0.50;;;;;;;;;;;;;;;;;;;;;
8;heizkreis_2;A11;1,2,3,4;;Heizkreis 2 Absenk-Raumtemperatur;FLOAT;3;;rw;20227;20228;1;°C;8.00;24.00;0.50;;;;;;;;;;;;;;;;;;;;;
HP1;boiler_a;B31;1,2;;Boiler A Tagesuhr Mo-So;TPROG;3;16;rw;20008;20009;1;;;;;;;;;;;;;;;;;;;;;;;;;
HP1a;boiler_a;B31;1,2;;Boiler A Wochenuhr;WPROG;3;16;rw;20012;20013;1;;;;;;;;;;;;;;;;;;;;;;;;;
HP1b;boiler_a;B31;1,2;;Boiler A Wochenuhr;WPROG;3;16;rw;20017;20018;1;;;;;;;;;;;;;;;;;;;;;;;;;
HP1c;boiler_a;B31;1,2;;Boiler A Wochenuhr;WPROG;3;16;rw;20022;20023;1;;;;;;;;;;;;;;;;;;;;;;;;;
HP1d;boiler_a;B31;1,2;;Boiler A Wochenuhr;WPROG;3;16;rw;20027;20028;1;;;;;;;;;;;;;;;;;;;;;;;;;
HP1e;boiler_a;B31;1,2;;Boiler A Wochenuhr;WPROG;3;16;rw;20032;20033;1;;;;;;;;;;;;;;;;;;;;;;;;;
HP1f;boiler_a;B31;1,2;;Boiler A Wochenuhr;WPROG;3;16;rw;20037;20038;1;;;;;;;;;;;;;;;;;;;;;;;;;
HP1g;boiler_a;B31;1,2;;Boiler A Wochenuhr;WPROG;3;16;rw;20042;20043;1;;;;;;;;;;;;;;;;;;;;;;;;;
HP2;boiler_a;B31;1,2;;Boiler A Solltemperatur;INT;3;;rw;20047;20048;1;°C;10;84;1;;;;;;;;;;;;;;;;;;;;;
HP2a;boiler_a;B31;1,2;;Boiler A Zirkulationspumpe;TPROG;3;16;rw;20052;20053;1;;;;;;;;;;;;;;;;;;;;;;;;;
HP3;heizkreis_a;A61;1,2,3,4;;Heizkreis A Tagesuhr Mo-So;TPROG;3;16;rw;20056;20057;1;;;;;;;;;;;;;;;;;;;;;;;;;
HP3a;heizkreis_a;A61;1,2,3,4;;Heizkreis A Wochenuhr;WPROG;3;16;rw;20060;20061;1;;;;;;;;;;;;;;;;;;;;;;;;;
HP3b;heizkreis_a;A61;1,2,3,4;;Heizkreis A Wochenuhr;WPROG;3;16;rw;20065;20066;1;;;;;;;;;;;;;;;;;;;;;;;;;
HP3c;heizkreis_a;A61;1,2,3,4;;Heizkreis A Wochenuhr;WPROG;3;16;rw;20070;20071;1;;;;;;;;;;;;;;;;;;;;;;;;;
HP3d;heizkreis_a;A61;1,2,3,4;;Heizkreis A Wochenuhr;WPROG;3;16;rw;20075;20076;1;;;;;;;;;;;;;;;;;;;;;;;;;
HP3e;heizkreis_a;A61;1,2,3,4;;Heizkreis A Wochenuhr;WPROG;3;16;rw;20080;20081;1;;;;;;;;;;;;;;;;;;;;;;;;;
HP3f;heizkreis_a;A61;1,2,3,4;;Heizkreis A Wochenuhr;WPROG;3;16;rw;20085;20086;1;;;;;;;;;;;;;;;;;;;;;;;;;
HP3g;heizkreis_a;A61;1,2,3,4;;Heizkreis A Wochenuhr;WPROG;3;16;rw;20090;20091;1;;;;;;;;;;;;;;;;;;;;;;;;;
HP4;heizkreis_a;A61;1,2,3,4;;Heizkreis A Tages-Raumtemperatur;FLOAT;3;;rw;20095;20096;1;°C;14.00;26.00;0.50;;;;;;;;;;;;;;;;;;;;;
HP5;heizkreis_a;A61;1,2,3,4;;Heizkreis A Absenk-Raumtemperatur;FLOAT;3;;rw;20097;20098;1;°C;8.00;24.00;0.50;;;;;;;;;;;;;;;;;;;;;
H1;boiler_2;B11;1,2;;Boiler 2 Tagesuhr Mo-So;TPROG;3;16;rw;20229;20230;1;;;;;;;;;;;;;;;;;;;;;;;;;
H1a;boiler_2;B11;1,2;;Boiler 2 Wochenuhr;WPROG;3;16;rw;20233;20234;1;;;;;;;;;;;;;;;;;;;;;;;;;
H1b;boiler_2;B11;1,2;;Boiler 2 Wochenuhr;WPROG;3;16;rw;20238;20239;1;;;;;;;;;;;;;;;;;;;;;;;;;
H1c;boiler_2;B11;1,2;;Boiler 2 Wochenuhr;WPROG;3;16;rw;20243;20244;1;;;;;;;;;;;;;;;;;;;;;;;;;
H1d;boiler_2;B11;1,2;;Boiler 2 Wochenuhr;WPROG;3;16;rw;20248;20249;1;;;;;;;;;;;;;;;;;;;;;;;;;
H1e;boiler_2;B11;1,2;;Boiler 2 Wochenuhr;WPROG;3;16;rw;20253;20254;1;;;;;;;;;;;;;;;;;;;;;;;;;
H1f;boiler_2;B11;1,2;;Boiler 2 Wochenuhr;WPROG;3;16;rw;20258;20259;1;;;;;;;;;;;;;;;;;;;;;;;;;
H1g;boiler_2;B11;1,2;;Boiler 2 Wochenuhr;WPROG;3;16;rw;20263;20264;1;;;;;;;;;;;;;;;;;;;;;;;;;
H2;boiler_2;B11;1,2;;Boiler 2 Solltemperatur;INT;3;;rw;20268;20269;1;°C;10;84;1;;;;;;;;;;;;;;;;;;;;;
H2a;boiler_2;B11;1,2;;Boiler 2 Zirkulationspumpe;TPROG;3;16;rw;20269;20270;1;;;;;;;;;;;;;;;;;;;;;;;;;
H3;heizkreis_3;A21;1,2,3,4;;Heizkreis 3 Tagesuhr Mo-So;TPROG;3;16;rw;20327;20328;1;;;;;;;;;;;;;;;;;;;;;;;;;
H3a;heizkreis_3;A21;1,2,3,4;;Heizkreis 3 Wochenuhr;WPROG;3;16;rw;20331;20332;1;;;;;;;;;;;;;;;;;;;;;;;;;
H3b;heizkreis_3;A21;1,2,3,4;;Heizkreis 3 Wochenuhr;WPROG;3;16;rw;20336;20337;1;;;;;;;;;;;;;;;;;;;;;;;;;
H3c;heizkreis_3;A21;1,2,3,4;;Heizkreis 3 Wochenuhr;WPROG;3;16;rw;20341;20342;1;;;;;;;;;;;;;;;;;;;;;;;;;
H3d;heizkreis_3;A21;1,2,3,4;;Heizkreis 3 Wochenuhr;WPROG;3;16;rw;20346;20347;1;;;;;;;;;;;;;;;;;;;;;;;;;
H3e;heizkreis_3;A21;1,2,3,4;;Heizkreis 3 Wochenuhr;WPROG;3;16;rw;20351;20352;1;;;;;;;;;;;;;;;;;;;;;;;;;
H3f;heizkreis_3;A21;1,2,3,4;;Heizkreis 3 Wochenuhr;WPROG;3;16;rw;20356;20357;1;;;;;;;;;;;;;;;;;;;;;;;;;
H3g;heizkreis_3;A21;1,2,3,4;;Heizkreis 3 Wochenuhr;WPROG;3;16;rw;20361;20362;1;;;;;;;;;;;;;;;;;;;;;;;;;
H4;heizkreis_3;A21;1,2,3,4;;Heizkreis 3 Tages-Raumtemperatur;FLOAT;3;;rw;20366;20367;1;°C;14.00;26.00;0.50;;;;;;;;;;;;;;;;;;;;;
H5;heizkreis_3;A21;1,2,3,4;;Heizkreis 3 Absenk-Raumtemperatur;FLOAT;3;;rw;20368;20369;1;°C;8.00;24.00;0.50;;;;;;;;;;;;;;;;;;;;;
H6;heizkreis_4;A31;1,2,3,4;;Heizkreis 4 Tagesuhr Mo-So;TPROG;3;16;rw;20370;20371;1;;;;;;;;;;;;;;;;;;;;;;;;;
H6a;heizkreis_4;A31;1,2,3,4;;Heizkreis 4 Wochenuhr;WPROG;3;16;rw;20374;20375;1;;;;;;;;;;;;;;;;;;;;;;;;;
H6b;heizkreis_4;A31;1,2,3,4;;Heizkreis 4 Wochenuhr;WPROG;3;16;rw;20379;20380;1;;;;;;;;;;;;;;;;;;;;;;;;;
H6c;heizkreis_4;A31;1,2,3,4;;Heizkreis 4 Wochenuhr;WPROG;3;16;rw;20384;20385;1;;;;;;;;;;;;;;;;;;;;;;;;;
H6d;heizkreis_4;A31;1,2,3,4;;Heizkreis 4 Wochenuhr;WPROG;3;16;rw;20389;20390;1;;;;;;;;;;;;;;;;;;;;;;;;;
H6e;heizkreis_4;A31;1,2,3,4;;Heizkreis 4 Wochenuhr;WPROG;3;16;rw;20394;20395;1;;;;;;;;;;;;;;;;;;;;;;;;;
H6f;heizkreis_4;A31;1,2,3,4;;Heizkreis 4 Wochenuhr;WPROG;3;16;rw;20399;20400;1;;;;;;;;;;;;;;;;;;;;;;;;;
H6g;heizkreis_4;A31;1,2,3,4;;Heizkreis 4 Wochenuhr;WPROG;3;16;rw;20404;20405;1;;;;;;;;;;;;;;;;;;;;;;;;;
H7;heizkreis_4;A31;1,2,3,4;;Heizkreis 4 Tages-Raumtemperatur;FLOAT;3;;rw;20409;20410;1;°C;14.00;26.00;0.50;;;;;;;;;;;;;;;;;;;;;
H8;heizkreis_4;A31;1,2,3,4;;Heizkreis 4 Absenk-Raumtemperatur;FLOAT;3;;rw;20411;20412;1;°C;8.00;24.00;0.50;;;;;;;;;;;;;;;;;;;;;
H11;boiler_3;B21;1,2;;Boiler 3 Tagesuhr Mo-So;TPROG;3;16;rw;20283;20284;1;;;;;;;;;;;;;;;;;;;;;;;;;
H11a;boiler_3;B21;1,2;;Boiler 3 Wochenuhr;WPROG;3;16;rw;20287;20288;1;;;;;;;;;;;;;;;;;;;;;;;;;
H11b;boiler_3;B21;1,2;;Boiler 3 Wochenuhr;WPROG;3;16;rw;20292;20293;1;;;;;;;;;;;;;;;;;;;;;;;;;
H11c;boiler_3;B21;1,2;;Boiler 3 Wochenuhr;WPROG;3;16;rw;20297;20298;1;;;;;;;;;;;;;;;;;;;;;;;;;
H11d;boiler_3;B21;1,2;;Boiler 3 Wochenuhr;WPROG;3;16;rw;20302;20303;1;;;;;;;;;;;;;;;;;;;;;;;;;
H11e;boiler_3;B21;1,2;;Boiler 3 Wochenuhr;WPROG;3;16;rw;20307;20308;1;;;;;;;;;;;;;;;;;;;;;;;;;
H11f;boiler_3;B21;1,2;;Boiler 3 Wochenuhr;WPROG;3;16;rw;20312;20313;1;;;;;;;;;;;;;;;;;;;;;;;;;
H11g;boiler_3;B21;1,2;;Boiler 3 Wochenuhr;WPROG;3;16;rw;20317;20318;1;;;;;;;;;;;;;;;;;;;;;;;;;
H12;boiler_3;B21;1,2;;Boiler 3 Solltemperatur;INT;3;;rw;20322;20323;1;°C;10;84;1;;;;;;;;;;;;;;;;;;;;;
H12a;boiler_3;B21;1,2;;Boiler 3 Zirkulationspumpe;TPROG;3;16;rw;20323;20324;1;;;;;;;;;;;;;;;;;;;;;;;;;
H13;heizkreis_5;A41;1,2,3,4;;Heizkreis 5 Tagesuhr Mo-So;TPROG;3;16;rw;20413;20414;1;;;;;;;;;;;;;;;;;;;;;;;;;
H13a;heizkreis_5;A41;1,2,3,4;;Heizkreis 5 Wochenuhr;WPROG;3;16;rw;20417;20418;1;;;;;;;;;;;;;;;;;;;;;;;;;
H13b;heizkreis_5;A41;1,2,3,4;;Heizkreis 5 Wochenuhr;WPROG;3;16;rw;20422;20423;1;;;;;;;;;;;;;;;;;;;;;;;;;
H13c;heizkreis_5;A41;1,2,3,4;;Heizkreis 5 Wochenuhr;WPROG;3;16;rw;20427;20428;1;;;;;;;;;;;;;;;;;;;;;;;;;
H13d;heizkreis_5;A41;1,2,3,4;;Heizkreis 5 Wochenuhr;WPROG;3;16;rw;20432;20433;1;;;;;;;;;;;;;;;;;;;;;;;;;
H13e;heizkreis_5;A41;1,2,3,4;;Heizkreis 5 Wochenuhr;WPROG;3;16;rw;20437;20438;1;;;;;;;;;;;;;;;;;;;;;;;;;
H13f;heizkreis_5;A41;1,2,3,4;;Heizkreis 5 Wochenuhr;WPROG;3;16;rw;20442;20443;1;;;;;;;;;;;;;;;;;;;;;;;;;
H13g;heizkreis_5;A41;1,2,3,4;;Heizkreis 5 Wochenuhr;WPROG;3;16;rw;20447;20448;1;;;;;;;;;;;;;;;;;;;;;;;;;
H14;heizkreis_5;A41;1,2,3,4;;Heizkreis 5 Tages-Raumtemperatur;FLOAT;3;;rw;20452;20453;1;°C;14.00;26.00;0.50;;;;;;;;;;;;;;;;;;;;;
H15;heizkreis_5;A41;1,2,3,4;;Heizkreis 5 Absenk-Raumtemperatur;FLOAT;3;;rw;20454;20455;1;°C;8.00;24.00;0.50;;;;;;;;;;;;;;;;;;;;;
H16;heizkreis_6;A51;1,2,3,4;;Heizkreis 6 Tagesuhr Mo-So;TPROG;3;16;rw;20456;20457;1;;;;;;;;;;;;;;;;;;;;;;;;;
H16a;heizkreis_6;A51;1,2,3,4;;Heizkreis 6 Wochenuhr;WPROG;3;16;rw;20460;20461;1;;;;;;;;;;;;;;;;;;;;;;;;;
H16b;heizkreis_6;A51;1,2,3,4;;Heizkreis 6 Wochenuhr;WPROG;3;16;rw;20465;20466;1;;;;;;;;;;;;;;;;;;;;;;;;;
H16c;heizkreis_6;A51;1,2,3,4;;Heizkreis 6 Wochenuhr;WPROG;3;16;rw;20470;20471;1;;;;;;;;;;;;;;;;;;;;;;;;;
H16d;heizkreis_6;A51;1,2,3,4;;Heizkreis 6 Wochenuhr;WPROG;3;16;rw;20475;20476;1;;;;;;;;;;;;;;;;;;;;;;;;;
H16e;heizkreis_6;A51;1,2,3,4;;Heizkreis 6 Wochenuhr;WPROG;3;16;rw;20480;20481;1;;;;;;;;;;;;;;;;;;;;;;;;;
H16f;heizkreis_6;A51;1,2,3,4;;Heizkreis 6 Wochenuhr;WPROG;3;16;rw;20485;20486;1;;;;;;;;;;;;;;;;;;;;;;;;;
H16g;heizkreis_6;A51;1,2,3,4;;Heizkreis 6 Wochenuhr;WPROG;3;16;rw;20490;20491;1;;;;;;;;;;;;;;;;;;;;;;;;;
H17;heizkreis_6;A51;1,2,3,4;;Heizkreis 6 Tages-Raumtemperatur;FLOAT;3;;rw;20495;20496;1;°C;14.00;26.00;0.50;;;;;;;;;;;;;;;;;;;;;
H18;heizkreis_6;A51;1,2,3,4;;Heizkreis 6 Absenk-Raumtemperatur;FLOAT;3;;rw;20497;20498;1;°C;8.00;24.00;0.50;;;;;;;;;;;;;;;;;;;;;
H21;boiler_b;B41;1,2;;Boiler B Tagesuhr Mo-So;TPROG;3;16;rw;20499;20500;1;;;;;;;;;;;;;;;;;;;;;;;;;
H21a;boiler_b;B41;1,2;;Boiler B Wochenuhr;WPROG;3;16;rw;20503;20504;1;;;;;;;;;;;;;;;;;;;;;;;;;
H21b;boiler_b;B41;1,2;;Boiler B Wochenuhr;WPROG;3;16;rw;20508;20509;1;;;;;;;;;;;;;;;;;;;;;;;;;
H21c;boiler_b;B41;1,2;;Boiler B Wochenuhr;WPROG;3;16;rw;20513;20514;1;;;;;;;;;;;;;;;;;;;;;;;;;
H21d;boiler_b;B41;1,2;;Boiler B Wochenuhr;WPROG;3;16;rw;20518;20519;1;;;;;;;;;;;;;;;;;;;;;;;;;
H21e;boiler_b;B41;1,2;;Boiler B Wochenuhr;WPROG;3;16;rw;20523;20524;1;;;;;;;;;;;;;;;;;;;;;;;;;
H21f;boiler_b;B41;1,2;;Boiler B Wochenuhr;WPROG;3;16;rw;20528;20529;1;;;;;;;;;;;;;;;;;;;;;;;;;
H21g;boiler_b;B41;1,2;;Boiler B Wochenuhr;WPROG;3;16;rw;20533;20534;1;;;;;;;;;;;;;;;;;;;;;;;;;
H22;boiler_b;B41;1,2;;Boiler B Solltemperatur;INT;3;;rw;20538;20539;1;°C;10;84;1;;;;;;;;;;;;;;;;;;;;;
H22a;boiler_b;B41;1,2;;Boiler B Zirkulationspumpe;TPROG;3;16;rw;20539;20540;1;;;;;;;;;;;;;;;;;;;;;;;;;
H23;heizkreis_b;A71;1,2,3,4;;Heizkreis B Tagesuhr Mo-So;TPROG;3;16;rw;20543;20544;1;;;;;;;;;;;;;;;;;;;;;;;;;
H23a;heizkreis_b;A71;1,2,3,4;;Heizkreis B Wochenuhr;WPROG;3;16;rw;20547;20548;1;;;;;;;;;;;;;;;;;;;;;;;;;
H23b;heizkreis_b;A71;1,2,3,4;;Heizkreis B Wochenuhr;WPROG;3;16;rw;20552;20553;1;;;;;;;;;;;;;;;;;;;;;;;;;
H23c;heizkreis_b;A71;1,2,3,4;;Heizkreis B Wochenuhr;WPROG;3;16;rw;20557;20558;1;;;;;;;;;;;;;;;;;;;;;;;;;
H23d;heizkreis_b;A71;1,2,3,4;;Heizkreis B Wochenuhr;WPROG;3;16;rw;20562;20563;1;;;;;;;;;;;;;;;;;;;;;;;;;
H23e;heizkreis_b;A71;1,2,3,4;;Heizkreis B Wochenuhr;WPROG;3;16;rw;20567;20568;1;;;;;;;;;;;;;;;;;;;;;;;;;
H23f;heizkreis_b;A71;1,2,3,4;;Heizkreis B Wochenuhr;WPROG;3;16;rw;20572;20573;1;;;;;;;;;;;;;;;;;;;;;;;;;
H23g;heizkreis_b;A71;1,2,3,4;;Heizkreis B Wochenuhr;WPROG;3;16;rw;20577;20578;1;;;;;;;;;;;;;;;;;;;;;;;;;
H24;heizkreis_b;A71;1,2,3,4;;Heizkreis B Tages-Raumtemperatur;FLOAT;3;;rw;20582;20583;1;°C;14.00;26.00;0.50;;;;;;;;;;;;;;;;;;;;;
H25;heizkreis_b;A71;1,2,3,4;;Heizkreis B Absenk-Raumtemperatur;FLOAT;3;;rw;20584;20585;1;°C;8.00;24.00;0.50;;;;;;;;;;;;;;;;;;;;;
X1;frischwasser;;;;Tagesuhr Warmwasserbereitung FWS;TPROG;3;16;rw;20966;20967;1;;;;;;;;;;;;;;;;;;;;;;;;;
X1a;frischwasser;;;;Wochenuhr Warmwasserbereitung FWS;WPROG;3;16;rw;20970;20971;1;;;;;;;;;;;;;;;;;;;;;;;;;
X1b;frischwasser;;;;Wochenuhr Warmwasserbereitung FWS;WPROG;3;16;rw;20975;20976;1;;;;;;;;;;;;;;;;;;;;;;;;;
X1c;frischwasser;;;;Wochenuhr Warmwasserbereitung FWS;WPROG;3;16;rw;20980;20981;1;;;;;;;;;;;;;;;;;;;;;;;;;
X1d;frischwasser;;;;Wochenuhr Warmwasserbereitung FWS;WPROG;3;16;rw;20985;20986;1;;;;;;;;;;;;;;;;;;;;;;;;;
X1e;frischwasser;;;;Wochenuhr Warmwasserbereitung FWS;WPROG;3;16;rw;20990;20991;1;;;;;;;;;;;;;;;;;;;;;;;;;
X1f;frischwasser;;;;Wochenuhr Warmwasserbereitung FWS;WPROG;3;16;rw;20995;20996;1;;;;;;;;;;;;;;;;;;;;;;;;;
X1g;frischwasser;;;;Wochenuhr Warmwasserbereitung FWS;WPROG;3;16;rw;21000;21001;1;;;;;;;;;;;;;;;;;;;;;;;;;
X2;frischwasser;;;;Frischwasserstation Auslauf-Solltemperatur Kaskade;INT;3;;rw;21005;21006;1;°C;45;70;1;;;;;;;;;;;;;;;;;;;;;
X4;frischwasser_1;B106;1;;Frischwasserstation 1 Auslauf-Solltemperatur;INT;3;;rw;21006;21007;1;°C;45;70;1;;;;;;;;;;;;;;;;;;;;;
X4a;frischwasser_1;B107;1,2;;FWS 1 Zirkulationspumpe Zirkulationspumpe;TPROG;3;16;rw;21007;21008;1;;;;;;;;;;;;;;;;;;;;;;;;;
X5;frischwasser_2;B109;1;;Frischwasserstation 2 Auslauf-Solltemperatur;INT;3;;rw;21011;21012;1;°C;45;70;1;;;;;;;;;;;;;;;;;;;;;
X5a;frischwasser_2;B110;1,2;;FWS 2 Zirkulationspumpe Zirkulationspumpe;TPROG;3;16;rw;21012;21013;1;;;;;;;;;;;;;;;;;;;;;;;;;
X6;frischwasser_3;B112;1;;Frischwasserstation 3 Auslauf-Solltemperatur;INT;3;;rw;21016;21017;1;°C;45;70;1;;;;;;;;;;;;;;;;;;;;;
X6a;frischwasser_3;B113;1,2;;FWS 3 Zirkulationspumpe Zirkulationspumpe;TPROG;3;16;rw;21017;21018;1;;;;;;;;;;;;;;;;;;;;;;;;;
X7;frischwasser_4;B115;1;;Frischwasserstation 4 Auslauf-Solltemperatur;INT;3;;rw;21021;21022;1;°C;45;70;1;;;;;;;;;;;;;;;;;;;;;
X7a;frischwasser_4;B116;1,2;;FWS 4 Zirkulationspumpe Zirkulationspumpe;TPROG;3;16;rw;21022;21023;1;;;;;;;;;;;;;;;;;;;;;;;;;
11;witterung;;;;Alle Heizkreise Aus über Außentemperatur;INT;3;;rw;20586;20587;1;°C;0;50;1;;;;;;;;;;;;;;;;;;;;;
11a;heizkreis_1;A1;1,2,3,4;;Heizkreis 1 Heizung Aus über Außentemperatur;INT;3;;rw;20588;20589;1;°C;0;50;1;;;;;;;;;;;;;;;;;;;;;
11b;heizkreis_2;A11;1,2,3,4;;Heizkreis 2 Heizung Aus über Außentemperatur;INT;3;;rw;20590;20591;1;°C;0;50;1;;;;;;;;;;;;;;;;;;;;;
11c;heizkreis_3;A21;1,2,3,4;;Heizkreis 3 Heizung Aus über Außentemperatur;INT;3;;rw;20592;20593;1;°C;0;50;1;;;;;;;;;;;;;;;;;;;;;
11d;heizkreis_4;A31;1,2,3,4;;Heizkreis 4 Heizung Aus über Außentemperatur;INT;3;;rw;20594;20595;1;°C;0;50;1;;;;;;;;;;;;;;;;;;;;;
11e;heizkreis_5;A41;1,2,3,4;;Heizkreis 5 Heizung Aus über Außentemperatur;INT;3;;rw;20596;20597;1;°C;0;50;1;;;;;;;;;;;;;;;;;;;;;
11f;heizkreis_6;A51;1,2,3,4;;Heizkreis 6 Heizung Aus über Außentemperatur;INT;3;;rw;20598;20599;1;°C;0;50;1;;;;;;;;;;;;;;;;;;;;;
11g;witterung;;;;Externer HK Aus über Außentemperatur;INT;3;;rw;20600;20601;1;°C;-40;50;1;;;;;;;;;;;;;;;;;;;;;
11h;heizkreis_a;A61;1,2,3,4;;Heizkreis A Heizung Aus über Außentemperatur;INT;3;;rw;20601;20602;1;°C;0;50;1;;;;;;;;;;;;;;;;;;;;;
11i;heizkreis_b;A71;1,2,3,4;;Heizkreis B Heizung Aus über Außentemperatur;INT;3;;rw;20603;20604;1;°C;0;50;1;;;;;;;;;;;;;;;;;;;;;
12;system;;;;Alle Heizkreise Aus bei Tagabsenkung;INT;3;;rw;20605;20606;1;°C;-40;50;1;;;;;;;;;;;;;;;;;;;;;
12a;heizkreis_1;A1;1,2,3,4;;Heizkreis 1 Heizung Aus bei Tagabsenkung;INT;3;;rw;20607;20608;1;°C;-40;50;1;;;;;;;;;;;;;;;;;;;;;
12b;heizkreis_2;A11;1,2,3,4;;Heizkreis 2 Heizung Aus bei Tagabsenkung;INT;3;;rw;20609;20610;1;°C;-40;50;1;;;;;;;;;;;;;;;;;;;;;
12c;heizkreis_3;A21;1,2,3,4;;Heizkreis 3 Heizung Aus bei Tagabsenkung;INT;3;;rw;20611;20612;1;°C;-40;50;1;;;;;;;;;;;;;;;;;;;;;
12d;heizkreis_4;A31;1,2,3,4;;Heizkreis 4 Heizung Aus bei Tagabsenkung;INT;3;;rw;20613;20614;1;°C;-40;50;1;;;;;;;;;;;;;;;;;;;;;
12e;heizkreis_5;A41;1,2,3,4;;Heizkreis 5 Heizung Aus bei Tagabsenkung;INT;3;;rw;20615;20616;1;°C;-40;50;1;;;;;;;;;;;;;;;;;;;;;
12f;heizkreis_6;A51;1,2,3,4;;Heizkreis 6 Heizung Aus bei Tagabsenkung;INT;3;;rw;20617;20618;1;°C;-40;50;1;;;;;;;;;;;;;;;;;;;;;
12g;heizkreis_a;A61;1,2,3,4;;Heizkreis A Heizung Aus bei Tagabsenkung;INT;3;;rw;20619;20620;1;°C;-40;50;1;;;;;;;;;;;;;;;;;;;;;
12h;heizkreis_b;A71;1,2,3,4;;Heizkreis B Heizung Aus bei Tagabsenkung;INT;3;;rw;20621;20622;1;°C;-40;50;1;;;;;;;;;;;;;;;;;;;;;
13;system;;;;Alle Heizkreise Aus bei Nachtabsenkung;INT;3;;rw;20623;20624;1;°C;-40;50;1;;;;;;;;;;;;;;;;;;;;;
13a;heizkreis_1;A1;1,2,3,4;;Heizkreis 1 Heizung Aus bei Nachtabsenkung;INT;3;;rw;20625;20626;1;°C;-40;50;1;;;;;;;;;;;;;;;;;;;;;
13b;heizkreis_2;A11;1,2,3,4;;Heizkreis 2 Heizung Aus bei Nachtabsenkung;INT;3;;rw;20627;20628;1;°C;-40;50;1;;;;;;;;;;;;;;;;;;;;;
13c;heizkreis_3;A21;1,2,3,4;;Heizkreis 3 Heizung Aus bei Nachtabsenkung;INT;3;;rw;20629;20630;1;°C;-40;50;1;;;;;;;;;;;;;;;;;;;;;
13d;heizkreis_4;A31;1,2,3,4;;Heizkreis 4 Heizung Aus bei Nachtabsenkung;INT;3;;rw;20631;20632;1;°C;-40;50;1;;;;;;;;;;;;;;;;;;;;;
13e;heizkreis_5;A41;1,2,3,4;;Heizkreis 5 Heizung Aus bei Nachtabsenkung;INT;3;;rw;20633;20634;1;°C;-40;50;1;;;;;;;;;;;;;;;;;;;;;
13f;heizkreis_6;A51;1,2,3,4;;Heizkreis 6 Heizung Aus bei Nachtabsenkung;INT;3;;rw;20635;20636;1;°C;-40;50;1;;;;;;;;;;;;;;;;;;;;;
13g;heizkreis_a;A61;1,2,3,4;;Heizkreis A Heizung Aus bei Nachtabsenkung;INT;3;;rw;20637;20638;1;°C;-40;50;1;;;;;;;;;;;;;;;;;;;;;
13h;heizkreis_b;A71;1,2,3,4;;Heizkreis B Heizung Aus bei Nachtabsenkung;INT;3;;rw;20639;20640;1;°C;-40;50;1;;;;;;;;;;;;;;;;;;;;;
14;kessel;D4;1;;Füllen automatisch und bei Saugzeiten;TPROG;3;16;rw;21853;21854;1;;;;;;;;;;;;;;;;;;;;;;;;;
14a;kessel;D4;1;;Füllen automatisch und bei Saugzeiten;TPROG;3;16;rw;21857;21858;1;;;;;;;;;;;;;;;;;;;;;;;;;
14b;kessel;D4;1;;Füllen automatisch und bei Saugzeiten;TPROG;3;16;rw;21887;21888;1;;;;;;;;;;;;;;;;;;;;;;;;;
15;system;;;;Urlaubsschaltung;WAHL;3;;rw;20641;20642;1;;;;;Frostschutz;Inaktiv;Absenken;;;;;;;;;;;;;;;;;;
15a;heizkreis_1;A1;1,2,3,4;;Heizkreis 1 Urlaubsschaltung;WAHL;3;;rw;20642;20643;1;;;;;Frostschutz;Inaktiv;Absenken;;;;;;;;;;;;;;;;;;
15b;heizkreis_2;A11;1,2,3,4;;Heizkreis 2 Urlaubsschaltung;WAHL;3;;rw;20643;20644;1;;;;;Frostschutz;Inaktiv;Absenken;;;;;;;;;;;;;;;;;;
15c;heizkreis_3;A21;1,2,3,4;;Heizkreis 3 Urlaubsschaltung;WAHL;3;;rw;20644;20645;1;;;;;Frostschutz;Inaktiv;Absenken;;;;;;;;;;;;;;;;;;
15d;heizkreis_4;A31;1,2,3,4;;Heizkreis 4 Urlaubsschaltung;WAHL;3;;rw;20645;20646;1;;;;;Frostschutz;Inaktiv;Absenken;;;;;;;;;;;;;;;;;;
15e;heizkreis_5;A41;1,2,3,4;;Heizkreis 5 Urlaubsschaltung;WAHL;3;;rw;20646;20647;1;;;;;Frostschutz;Inaktiv;Absenken;;;;;;;;;;;;;;;;;;
15f;heizkreis_6;A51;1,2,3,4;;Heizkreis 6 Urlaubsschaltung;WAHL;3;;rw;20647;20648;1;;;;;Frostschutz;Inaktiv;Absenken;;;;;;;;;;;;;;;;;;
15g;heizkreis_a;A61;1,2,3,4;;Heizkreis A Urlaubsschaltung;WAHL;3;;rw;20648;20649;1;;;;;Frostschutz;Inaktiv;Absenken;;;;;;;;;;;;;;;;;;
15h;heizkreis_b;A71;1,2,3,4;;Heizkreis B Urlaubsschaltung;WAHL;3;;rw;20650;20651;1;;;;;Frostschutz;Inaktiv;Absenken;;;;;;;;;;;;;;;;;;
18a;kessel;D4;1;1;Entaschung Start;WAHL;3;;rw;21846;21847;1;;;;;Nein;Ja;Ja (mit Spülung);;;;;;;;;;;;;;;;;;
21;system;;;;Freigabe Fernwartung;WAHL;3;;rw;20651;20652;1;;;;;nicht freigegeben;freigegeben;;;;;;;;;;;;;;;;;;;
21a;system;;;;Automatisches Deakivieren der Freigabe;INT;3;;rw;20652;20653;1;h;0;48;1;;;;;;;;;;;;;;;;;;;;;
21b;system;;;;Freigabe Fernsteuerung;WAHL;3;;rw;21578;21579;1;;;;;Inaktiv;Aktiv;;;;;;;;;;;;;;;;;;;
21c;system;;;;Sperrdauer für Fernsteuerung Sperrdauer nach Interaktion am Display;INT;3;;rw;21579;21580;1;Min;1;1500;1;;;;;;;;;;;;;;;;;;;;;
31;kessel;D4;1;1;Verbrauchsanzeige Fassungsvermögen Pelletslager;INT32;3;;rw;21750;21751;1;kg;0;100000;50;;;;;;;;;;;;;;;;;;;;;
41;kaskade;F1;1;;geplante Entaschung Kaskade;TPROG;3;16;rw;21756;21757;1;;;;;;;;;;;;;;;;;;;;;;;;;
43;system;;;;Rauchfangkehrer Heizung weiter mit Auto-Funktion;INT;3;;rw;23307;23308;1;h;1;24;1;;;;;;;;;;;;;;;;;;;;;
A1;heizkreis_1;;;;Heizkreis 1;WAHL;3;;rw;20673;20674;1;;;;;Nicht vorhanden;Pumpe;Mischer Radiatoren;Loxone/Modbus;Mischer FBH;;;;;;;;;;;;;;;;
A1a;heizkreis_1;A1;1,2,3,4;;Fehlererkennung Heizkreispumpe 1 HKP. check;WAHL;3;;rw;21861;21862;1;;;;;Inaktiv;Aktiv;;;;;;;;;;;;;;;;;;;
A2;heizkreis_1;A1;1,2,3,4;;Heizkreis 1 Steilheit;FLOAT;3;;rw;20674;20675;1;;0.20;Mrz 50;0.05;;;;;;;;;;;;;;;;;;;;;
A2a;heizkreis_1;A1;1,2,3,4;;Heizkreis 1 Steilheit FBH;FLOAT;3;;rw;21037;21038;1;;0.20;Mrz 50;0.05;;;;;;;;;;;;;;;;;;;;;
A3;heizkreis_1;A1;1,2,3,4;;Heizkreis 1 Vorlauftemperatur Minimum;INT;3;;rw;20676;20677;1;°C;1;80;1;;;;;;;;;;;;;;;;;;;;;
A3a;heizkreis_1;A1;1,2,3,4;;Heizkreis 1 Vorlauftemperatur Minimum FBH;INT;3;;rw;21039;21040;1;°C;1;55;1;;;;;;;;;;;;;;;;;;;;;
A4;heizkreis_1;A1;1,2,3,4;;Heizkreis 1 Vorlauftemperatur Maximum;INT;3;;rw;20677;20678;1;°C;1;95;1;;;;;;;;;;;;;;;;;;;;;
A4a;heizkreis_1;A1;1,2,3,4;;Heizkreis 1 Vorlauftemperatur Maximum FBH;INT;3;;rw;21040;21041;1;°C;1;55;1;;;;;;;;;;;;;;;;;;;;;
A5;heizkreis_1;A1;1,2,3,4;;Heizkreis 1 Mischerlaufzeit;INT;3;;rw;20678;20679;1;Sek;10;300;5;;;;;;;;;;;;;;;;;;;;;
A6;heizkreis_1;A1;1,2,3,4;;Heizkreis 1 Fernbedienung;WAHL;3;;rw;20679;20680;1;;;;;Nicht vorhanden;FR25 (analog);FR35 (digital);FR40 (digital);ext. Schaltkontakt;KNX;Modbus;;;;;;;;;;;;;;
A6a;heizkreis_1;A6;1,2,3,4,5,6;;Heizkreis 1 Fernbedienung;WAHL;3;;rw;20680;20681;1;;;;;mit Raumfühler;ohne Raumfühler;;;;;;;;;;;;;;;;;;;
A6b;heizkreis_1;A6;1,2,3,4,5,6;;Heizkreis 1 Anzeige Fernbedienung;WAHL;3;;rw;20681;20682;1;;;;;Boiler A;Boiler 1;Boiler 2;Boiler 3;Zentralpuffer;Boiler B;Fühler FWS;Zusatzpuffer HKM1;Zusatzpuffer HKM2;;;;;;;;;;;;
A6c;heizkreis_1;A6;1,2,3,4,5,6;;Heizkreis 1 FR40-Ansicht;BITFIELD;3;;rw;21041;21042;1;;;;;;;;;;;;;;;;;;;;;;;;;
A6ca;heizkreis_1;A6;1,2,3,4,5,6;;Heizkreis 1 FR40-Ansicht;BITFIELD;3;;rw;23985;23986;1;;;;;;;;;;;;;;;;;;;;;;;;;
A6d;heizkreis_1;A6;1,2,3,4,5,6;;Heizkreis 1 Raumkorr. Fernbedienung;FLOAT;3;;rw;20682;20683;1;°C;-6.00;6.00;0.50;;;;;;;;;;;;;;;;;;;;;
A6e;heizkreis_1;A6;1,2,3,4,5,6;;Heizkreis 1 Pumpenabschaltung bei Überschreitung der Raumtemp. Raumregler;WAHL;3;;rw;21043;21044;1;;;;;Deaktiviert;Aktiviert;;;;;;;;;;;;;;;;;;;
A6f;heizkreis_1;A6;1,2,3,4,5,6;;Heizkreis 1 Eingang externer Kontakt FR25;WAHL;3;;rw;21044;21045;1;;;;;Öffner;Schließer;;;;;;;;;;;;;;;;;;;
A6g;heizkreis_1;A6;1,2,3,4,5,6;;Heizkreis 1 Raumkorrektur über App/Web;WAHL;3;;rw;23838;23839;1;;;;;Nein;Ja;;;;;;;;;;;;;;;;;;;
A7;heizkreis_1;A1;1,2,3,4;;Heizkreis 1 Fernleitungspumpe;WAHL;3;;rw;20684;20685;1;;;;;keine Fernleitung;mit Fernleitung 1;geregelte Fernleitung 1;geregelte Fernleitung 2;;;;;;;;;;;;;;;;;
A8;heizkreis_1;A1;1,2,3,4;;Heizkreis 1 Sommer-Badheizen;WAHL;3;;rw;20685;20686;1;;;;;Sommer-Badheizen Aus;Sommer-Badheizen Ein;Sommer-Badheizen Auto;;;;;;;;;;;;;;;;;;
A8a;heizkreis_1;A1;1,2,3,4;;Heizkreis 1 Sommer-Badheizen Puffer-Mindesttemperatur;INT;3;;rw;20686;20687;1;°C;20;100;1;;;;;;;;;;;;;;;;;;;;;
A8b;heizkreis_1;A1;1,2,3,4;;Heizkreis 1 Sommer-Badheizen Tagesuhr Mo-So;TPROG;3;16;rw;20687;20688;1;;;;;;;;;;;;;;;;;;;;;;;;;
A8c;heizkreis_1;A1;1,2,3,4;;Heizkreis 1 Sommer-Badheizen Vorlauf-Soll;INT;3;;rw;20691;20692;1;°C;20;100;1;;;;;;;;;;;;;;;;;;;;;
A8d;heizkreis_1;A1;1,2,3,4;;Heizkreis 1 Boilervorrang bei Sommer-Badheizen;WAHL;3;;rw;21045;21046;1;;;;;Inaktiv;Aktiv;;;;;;;;;;;;;;;;;;;
A8e;heizkreis_1;A1;1,2,3,4;;Heizkreis 1 Fühler Sommer- Badheizen Puffer- Mindesttemperatur;WAHL;3;;rw;24109;24110;1;;;;;Puffer unten;Puffer oben;Puffer Mitte oben;Puffer Mitte;Puffer Mitte unten;;;;;;;;;;;;;;;;
A9;estrich;;;;Heizkreis 1 Estrich;WAHL;3;;rw;20692;20693;1;;;;;Aus;Ein;;;;;;;;;;;;;;;;;;;
A9a;estrich;;;;Heizkreis 1 Estrich pausiert;WAHL;3;;rw;21046;21047;1;;;;;Nein;Ja;;;;;;;;;;;;;;;;;;;
A10;heizkreis_1;A1;1,2,3,4;;Heizkreis 1 Loxone Verbindungsausfall Notbetrieb Solltemperatur;INT;3;;rw;21047;21048;1;°C;1;90;1;;;;;;;;;;;;;;;;;;;;;
A11;heizkreis_2;;;;Heizkreis 2;WAHL;3;;rw;20693;20694;1;;;;;Nicht vorhanden;Pumpe;Mischer Radiatoren;Loxone/Modbus;Mischer FBH;;;;;;;;;;;;;;;;
A11a;heizkreis_2;A11;1,2,3,4;;Fehlererkennung Heizkreispumpe 2 HKP. check;WAHL;3;;rw;21862;21863;1;;;;;Inaktiv;Aktiv;;;;;;;;;;;;;;;;;;;
A12;heizkreis_2;A11;1,2,3,4;;Heizkreis 2 Steilheit;FLOAT;3;;rw;20694;20695;1;;0.20;Mrz 50;0.05;;;;;;;;;;;;;;;;;;;;;
A12a;heizkreis_2;A11;1,2,3,4;;Heizkreis 2 Steilheit FBH;FLOAT;3;;rw;21048;21049;1;;0.20;Mrz 50;0.05;;;;;;;;;;;;;;;;;;;;;
A13;heizkreis_2;A11;1,2,3,4;;Heizkreis 2 Vorlauftemperatur Minimum;INT;3;;rw;20696;20697;1;°C;1;80;1;;;;;;;;;;;;;;;;;;;;;
A13a;heizkreis_2;A11;1,2,3,4;;Heizkreis 2 Vorlauftemperatur Minimum FBH;INT;3;;rw;21050;21051;1;°C;1;55;1;;;;;;;;;;;;;;;;;;;;;
A14;heizkreis_2;A11;1,2,3,4;;Heizkreis 2 Vorlauftemperatur Maximum;INT;3;;rw;20697;20698;1;°C;1;95;1;;;;;;;;;;;;;;;;;;;;;
A14a;heizkreis_2;A11;1,2,3,4;;Heizkreis 2 Vorlauftemperatur Maximum FBH;INT;3;;rw;21051;21052;1;°C;1;55;1;;;;;;;;;;;;;;;;;;;;;
A15;heizkreis_2;A11;1,2,3,4;;Heizkreis 2 Mischerlaufzeit;INT;3;;rw;20698;20699;1;Sek;10;300;5;;;;;;;;;;;;;;;;;;;;;
A16;heizkreis_2;A11;1,2,3,4;;Heizkreis 2 Fernbedienung;WAHL;3;;rw;20699;20700;1;;;;;Nicht vorhanden;FR25 (analog);FR35 (digital);FR40 (digital);ext. Schaltkontakt;KNX;Modbus;;;;;;;;;;;;;;
A16a;heizkreis_2;A16;1,2,3,4,5,6;;Heizkreis 2 Fernbedienung;WAHL;3;;rw;20700;20701;1;;;;;mit Raumfühler;ohne Raumfühler;;;;;;;;;;;;;;;;;;;
A16b;heizkreis_2;A16;1,2,3,4,5,6;;Heizkreis 2 Anzeige Fernbedienung;WAHL;3;;rw;20701;20702;1;;;;;Boiler A;Boiler 1;Boiler 2;Boiler 3;Zentralpuffer;Boiler B;Fühler FWS;Zusatzpuffer HKM1;Zusatzpuffer HKM2;;;;;;;;;;;;
A16c;heizkreis_2;A16;1,2,3,4,5,6;;Heizkreis 2 FR40-Ansicht;BITFIELD;3;;rw;21052;21053;1;;;;;;;;;;;;;;;;;;;;;;;;;
A16ca;heizkreis_2;A16;1,2,3,4,5,6;;Heizkreis 2 FR40-Ansicht;BITFIELD;3;;rw;23987;23988;1;;;;;;;;;;;;;;;;;;;;;;;;;
A16d;heizkreis_2;A16;1,2,3,4,5,6;;Heizkreis 2 Raumkorr. Fernbedienung;FLOAT;3;;rw;20702;20703;1;°C;-6.00;6.00;0.50;;;;;;;;;;;;;;;;;;;;;
A16e;heizkreis_2;A16;1,2,3,4,5,6;;Heizkreis 2 Pumpenabschaltung bei Überschreitung der Raumtemp. Raumregler;WAHL;3;;rw;21054;21055;1;;;;;Deaktiviert;Aktiviert;;;;;;;;;;;;;;;;;;;
A16f;heizkreis_2;A16;1,2,3,4,5,6;;Heizkreis 2 Eingang externer Kontakt FR25;WAHL;3;;rw;21055;21056;1;;;;;Öffner;Schließer;;;;;;;;;;;;;;;;;;;
A16g;heizkreis_2;A16;1,2,3,4,5,6;;Heizkreis 2 Raumkorrektur über App/Web;WAHL;3;;rw;23839;23840;1;;;;;Nein;Ja;;;;;;;;;;;;;;;;;;;
A17;heizkreis_2;A11;1,2,3,4;;Heizkreis 2 Fernleitungspumpe;WAHL;3;;rw;20704;20705;1;;;;;keine Fernleitung;mit Fernleitung 1;geregelte Fernleitung 1;geregelte Fernleitung 2;;;;;;;;;;;;;;;;;
A18;heizkreis_2;A11;1,2,3,4;;Heizkreis 2 Sommer-Badheizen;WAHL;3;;rw;20705;20706;1;;;;;Sommer-Badheizen Aus;Sommer-Badheizen Ein;Sommer-Badheizen Auto;;;;;;;;;;;;;;;;;;
A18a;heizkreis_2;A11;1,2,3,4;;Heizkreis 2 Sommer-Badheizen Puffer-Mindesttemperatur;INT;3;;rw;20706;20707;1;°C;20;100;1;;;;;;;;;;;;;;;;;;;;;
A18b;heizkreis_2;A11;1,2,3,4;;Heizkreis 2 Sommer-Badheizen Tagesuhr Mo-So;TPROG;3;16;rw;20707;20708;1;;;;;;;;;;;;;;;;;;;;;;;;;
A18c;heizkreis_2;A11;1,2,3,4;;Heizkreis 2 Sommer-Badheizen Vorlauf-Soll;INT;3;;rw;20711;20712;1;°C;20;100;1;;;;;;;;;;;;;;;;;;;;;
A18d;heizkreis_2;A11;1,2,3,4;;Heizkreis 2 Boilervorrang bei Sommer-Badheizen;WAHL;3;;rw;21056;21057;1;;;;;Inaktiv;Aktiv;;;;;;;;;;;;;;;;;;;
A18e;heizkreis_2;A11;1,2,3,4;;Heizkreis 2 Fühler Sommer- Badheizen Puffer- Mindesttemperatur;WAHL;3;;rw;24110;24111;1;;;;;Puffer unten;Puffer oben;Puffer Mitte oben;Puffer Mitte;Puffer Mitte unten;;;;;;;;;;;;;;;;
A19;estrich;;;;Heizkreis 2 Estrich;WAHL;3;;rw;20712;20713;1;;;;;Aus;Ein;;;;;;;;;;;;;;;;;;;
A19a;estrich;;;;Heizkreis 2 Estrich pausiert;WAHL;3;;rw;21057;21058;1;;;;;Nein;Ja;;;;;;;;;;;;;;;;;;;
A20;heizkreis_2;A11;1,2,3,4;;Heizkreis 2 Loxone Verbindungsausfall Notbetrieb Solltemperatur;INT;3;;rw;21058;21059;1;°C;1;90;1;;;;;;;;;;;;;;;;;;;;;
A21;heizkreis_3;;;;Heizkreis 3;WAHL;3;;rw;20713;20714;1;;;;;Nicht vorhanden;Pumpe;Mischer Radiatoren;Loxone/Modbus;Mischer FBH;;;;;;;;;;;;;;;;
A22;heizkreis_3;A21;1,2,3,4;;Heizkreis 3 Steilheit;FLOAT;3;;rw;20714;20715;1;;0.20;Mrz 50;0.05;;;;;;;;;;;;;;;;;;;;;
A22a;heizkreis_3;A21;1,2,3,4;;Heizkreis 3 Steilheit FBH;FLOAT;3;;rw;21059;21060;1;;0.20;Mrz 50;0.05;;;;;;;;;;;;;;;;;;;;;
A23;heizkreis_3;A21;1,2,3,4;;Heizkreis 3 Vorlauftemperatur Minimum;INT;3;;rw;20716;20717;1;°C;1;80;1;;;;;;;;;;;;;;;;;;;;;
A23a;heizkreis_3;A21;1,2,3,4;;Heizkreis 3 Vorlauftemperatur Minimum FBH;INT;3;;rw;21061;21062;1;°C;1;55;1;;;;;;;;;;;;;;;;;;;;;
A24;heizkreis_3;A21;1,2,3,4;;Heizkreis 3 Vorlauftemperatur Maximum;INT;3;;rw;20717;20718;1;°C;1;95;1;;;;;;;;;;;;;;;;;;;;;
A24a;heizkreis_3;A21;1,2,3,4;;Heizkreis 3 Vorlauftemperatur Maximum FBH;INT;3;;rw;21062;21063;1;°C;1;55;1;;;;;;;;;;;;;;;;;;;;;
A25;heizkreis_3;A21;1,2,3,4;;Heizkreis 3 Mischerlaufzeit;INT;3;;rw;20718;20719;1;Sek;10;300;5;;;;;;;;;;;;;;;;;;;;;
A26;heizkreis_3;A21;1,2,3,4;;Heizkreis 3 Fernbedienung;WAHL;3;;rw;20719;20720;1;;;;;Nicht vorhanden;FR25 (analog);FR35 (digital);FR40 (digital);ext. Schaltkontakt;KNX;Modbus;;;;;;;;;;;;;;
A26a;heizkreis_3;A26;1,2,3,4,5,6;;Heizkreis 3 Fernbedienung;WAHL;3;;rw;20720;20721;1;;;;;mit Raumfühler;ohne Raumfühler;;;;;;;;;;;;;;;;;;;
A26b;heizkreis_3;A26;1,2,3,4,5,6;;Heizkreis 3 Anzeige Fernbedienung;WAHL;3;;rw;20721;20722;1;;;;;Boiler A;Boiler 1;Boiler 2;Boiler 3;Zentralpuffer;Boiler B;Fühler FWS;Zusatzpuffer HKM1;Zusatzpuffer HKM2;;;;;;;;;;;;
A26c;heizkreis_3;A26;1,2,3,4,5,6;;Heizkreis 3 FR40-Ansicht;BITFIELD;3;;rw;21063;21064;1;;;;;;;;;;;;;;;;;;;;;;;;;
A26ca;heizkreis_3;A26;1,2,3,4,5,6;;Heizkreis 3 FR40-Ansicht;BITFIELD;3;;rw;23989;23990;1;;;;;;;;;;;;;;;;;;;;;;;;;
A26d;heizkreis_3;A26;1,2,3,4,5,6;;Heizkreis 3 Raumkorr. Fernbedienung;FLOAT;3;;rw;20722;20723;1;°C;-6.00;6.00;0.50;;;;;;;;;;;;;;;;;;;;;
A26e;heizkreis_3;A26;1,2,3,4,5,6;;Heizkreis 3 Pumpenabschaltung bei Überschreitung der Raumtemp. Raumregler;WAHL;3;;rw;21065;21066;1;;;;;Deaktiviert;Aktiviert;;;;;;;;;;;;;;;;;;;
A26f;heizkreis_3;A26;1,2,3,4,5,6;;Heizkreis 3 Eingang externer Kontakt FR25;WAHL;3;;rw;21066;21067;1;;;;;Öffner;Schließer;;;;;;;;;;;;;;;;;;;
A26g;heizkreis_3;A26;1,2,3,4,5,6;;Heizkreis 3 Raumkorrektur über App/Web;WAHL;3;;rw;23840;23841;1;;;;;Nein;Ja;;;;;;;;;;;;;;;;;;;
A27;heizkreis_3;A21;1,2,3,4;;Heizkreis 3 Fernleitungspumpe;WAHL;3;;rw;20724;20725;1;;;;;keine Fernleitung;mit Fernleitung 1;geregelte Fernleitung 1;geregelte Fernleitung 2;;;;;;;;;;;;;;;;;
A28;heizkreis_3;A21;1,2,3,4;;Heizkreis 3 Sommer-Badheizen;WAHL;3;;rw;20725;20726;1;;;;;Sommer-Badheizen Aus;Sommer-Badheizen Ein;Sommer-Badheizen Auto;;;;;;;;;;;;;;;;;;
A28a;heizkreis_3;A21;1,2,3,4;;Heizkreis 3 Sommer-Badheizen Puffer-Mindesttemperatur;INT;3;;rw;20726;20727;1;°C;20;100;1;;;;;;;;;;;;;;;;;;;;;
A28b;heizkreis_3;A21;1,2,3,4;;Heizkreis 3 Sommer-Badheizen Tagesuhr Mo-So;TPROG;3;16;rw;20727;20728;1;;;;;;;;;;;;;;;;;;;;;;;;;
A28c;heizkreis_3;A21;1,2,3,4;;Heizkreis 3 Sommer-Badheizen Vorlauf-Soll;INT;3;;rw;20731;20732;1;°C;20;100;1;;;;;;;;;;;;;;;;;;;;;
A28d;heizkreis_3;A21;1,2,3,4;;Heizkreis 3 Boilervorrang bei Sommer-Badheizen;WAHL;3;;rw;21067;21068;1;;;;;Inaktiv;Aktiv;;;;;;;;;;;;;;;;;;;
A28e;heizkreis_3;A21;1,2,3,4;;Heizkreis 3 Fühler Sommer- Badheizen Puffer- Mindesttemperatur;WAHL;3;;rw;24111;24112;1;;;;;Puffer unten;Puffer oben;Puffer Mitte oben;Puffer Mitte;Puffer Mitte unten;;;;;;;;;;;;;;;;
A29;estrich;;;;Heizkreis 3 Estrich;WAHL;3;;rw;20732;20733;1;;;;;Aus;Ein;;;;;;;;;;;;;;;;;;;
A29a;estrich;;;;Heizkreis 3 Estrich pausiert;WAHL;3;;rw;21068;21069;1;;;;;Nein;Ja;;;;;;;;;;;;;;;;;;;
A30;heizkreis_3;A21;1,2,3,4;;Heizkreis 3 Loxone Verbindungsausfall Notbetrieb Solltemperatur;INT;3;;rw;21069;21070;1;°C;1;90;1;;;;;;;;;;;;;;;;;;;;;
A31;heizkreis_4;;;;Heizkreis 4;WAHL;3;;rw;20733;20734;1;;;;;Nicht vorhanden;Pumpe;Mischer Radiatoren;Loxone/Modbus;Mischer FBH;;;;;;;;;;;;;;;;
A32;heizkreis_4;A31;1,2,3,4;;Heizkreis 4 Steilheit;FLOAT;3;;rw;20734;20735;1;;0.20;Mrz 50;0.05;;;;;;;;;;;;;;;;;;;;;
A32a;heizkreis_4;A31;1,2,3,4;;Heizkreis 4 Steilheit FBH;FLOAT;3;;rw;21070;21071;1;;0.20;Mrz 50;0.05;;;;;;;;;;;;;;;;;;;;;
A33;heizkreis_4;A31;1,2,3,4;;Heizkreis 4 Vorlauftemperatur Minimum;INT;3;;rw;20736;20737;1;°C;1;80;1;;;;;;;;;;;;;;;;;;;;;
A33a;heizkreis_4;A31;1,2,3,4;;Heizkreis 4 Vorlauftemperatur Minimum FBH;INT;3;;rw;21072;21073;1;°C;1;55;1;;;;;;;;;;;;;;;;;;;;;
A34;heizkreis_4;A31;1,2,3,4;;Heizkreis 4 Vorlauftemperatur Maximum;INT;3;;rw;20737;20738;1;°C;1;95;1;;;;;;;;;;;;;;;;;;;;;
A34a;heizkreis_4;A31;1,2,3,4;;Heizkreis 4 Vorlauftemperatur Maximum FBH;INT;3;;rw;21073;21074;1;°C;1;55;1;;;;;;;;;;;;;;;;;;;;;
A35;heizkreis_4;A31;1,2,3,4;;Heizkreis 4 Mischerlaufzeit;INT;3;;rw;20738;20739;1;Sek;10;300;5;;;;;;;;;;;;;;;;;;;;;
A36;heizkreis_4;A31;1,2,3,4;;Heizkreis 4 Fernbedienung;WAHL;3;;rw;20739;20740;1;;;;;Nicht vorhanden;FR25 (analog);FR35 (digital);FR40 (digital);ext. Schaltkontakt;KNX;Modbus;;;;;;;;;;;;;;
A36a;heizkreis_4;A36;1,2,3,4,5,6;;Heizkreis 4 Fernbedienung;WAHL;3;;rw;20740;20741;1;;;;;mit Raumfühler;ohne Raumfühler;;;;;;;;;;;;;;;;;;;
A36b;heizkreis_4;A36;1,2,3,4,5,6;;Heizkreis 4 Anzeige Fernbedienung;WAHL;3;;rw;20741;20742;1;;;;;Boiler A;Boiler 1;Boiler 2;Boiler 3;Zentralpuffer;Boiler B;Fühler FWS;Zusatzpuffer HKM1;Zusatzpuffer HKM2;;;;;;;;;;;;
A36c;heizkreis_4;A36;1,2,3,4,5,6;;Heizkreis 4 FR40-Ansicht;BITFIELD;3;;rw;21074;21075;1;;;;;;;;;;;;;;;;;;;;;;;;;
A36ca;heizkreis_4;A36;1,2,3,4,5,6;;Heizkreis 4 FR40-Ansicht;BITFIELD;3;;rw;23991;23992;1;;;;;;;;;;;;;;;;;;;;;;;;;
A36d;heizkreis_4;A36;1,2,3,4,5,6;;Heizkreis 4 Raumkorr. Fernbedienung;FLOAT;3;;rw;20742;20743;1;°C;-6.00;6.00;0.50;;;;;;;;;;;;;;;;;;;;;
A36e;heizkreis_4;A36;1,2,3,4,5,6;;Heizkreis 4 Pumpenabschaltung bei Überschreitung der Raumtemp. Raumregler;WAHL;3;;rw;21076;21077;1;;;;;Deaktiviert;Aktiviert;;;;;;;;;;;;;;;;;;;
A36f;heizkreis_4;A36;1,2,3,4,5,6;;Heizkreis 4 Eingang externer Kontakt FR25;WAHL;3;;rw;21077;21078;1;;;;;Öffner;Schließer;;;;;;;;;;;;;;;;;;;
A36g;heizkreis_4;A36;1,2,3,4,5,6;;Heizkreis 4 Raumkorrektur über App/Web;WAHL;3;;rw;23841;23842;1;;;;;Nein;Ja;;;;;;;;;;;;;;;;;;;
A37;heizkreis_4;A31;1,2,3,4;;Heizkreis 4 Fernleitungspumpe;WAHL;3;;rw;20744;20745;1;;;;;keine Fernleitung;mit Fernleitung 1;geregelte Fernleitung 1;geregelte Fernleitung 2;;;;;;;;;;;;;;;;;
A38;heizkreis_4;A31;1,2,3,4;;Heizkreis 4 Sommer-Badheizen;WAHL;3;;rw;20745;20746;1;;;;;Sommer-Badheizen Aus;Sommer-Badheizen Ein;Sommer-Badheizen Auto;;;;;;;;;;;;;;;;;;
A38a;heizkreis_4;A31;1,2,3,4;;Heizkreis 4 Sommer-Badheizen Puffer-Mindesttemperatur;INT;3;;rw;20746;20747;1;°C;20;100;1;;;;;;;;;;;;;;;;;;;;;
A38b;heizkreis_4;A31;1,2,3,4;;Heizkreis 4 Sommer-Badheizen Tagesuhr Mo-So;TPROG;3;16;rw;20747;20748;1;;;;;;;;;;;;;;;;;;;;;;;;;
A38c;heizkreis_4;A31;1,2,3,4;;Heizkreis 4 Sommer-Badheizen Vorlauf-Soll;INT;3;;rw;20751;20752;1;°C;20;100;1;;;;;;;;;;;;;;;;;;;;;
A38d;heizkreis_4;A31;1,2,3,4;;Heizkreis 4 Boilervorrang bei Sommer-Badheizen;WAHL;3;;rw;21078;21079;1;;;;;Inaktiv;Aktiv;;;;;;;;;;;;;;;;;;;
A38e;heizkreis_4;A31;1,2,3,4;;Heizkreis 4 Fühler Sommer- Badheizen Puffer- Mindesttemperatur;WAHL;3;;rw;24112;24113;1;;;;;Puffer unten;Puffer oben;Puffer Mitte oben;Puffer Mitte;Puffer Mitte unten;;;;;;;;;;;;;;;;
A39;estrich;;;;Heizkreis 4 Estrich;WAHL;3;;rw;20752;20753;1;;;;;Aus;Ein;;;;;;;;;;;;;;;;;;;
A39a;estrich;;;;Heizkreis 4 Estrich pausiert;WAHL;3;;rw;21079;21080;1;;;;;Nein;Ja;;;;;;;;;;;;;;;;;;;
A40;heizkreis_4;A31;1,2,3,4;;Heizkreis 4 Loxone Verbindungsausfall Notbetrieb Solltemperatur;INT;3;;rw;21080;21081;1;°C;1;90;1;;;;;;;;;;;;;;;;;;;;;
A41;heizkreis_5;;;;Heizkreis 5;WAHL;3;;rw;20753;20754;1;;;;;Nicht vorhanden;Pumpe;Mischer Radiatoren;Loxone/Modbus;Mischer FBH;;;;;;;;;;;;;;;;
A42;heizkreis_5;A41;1,2,3,4;;Heizkreis 5 Steilheit;FLOAT;3;;rw;20754;20755;1;;0.20;Mrz 50;0.05;;;;;;;;;;;;;;;;;;;;;
A42a;heizkreis_5;A41;1,2,3,4;;Heizkreis 5 Steilheit FBH;FLOAT;3;;rw;21081;21082;1;;0.20;Mrz 50;0.05;;;;;;;;;;;;;;;;;;;;;
A43;heizkreis_5;A41;1,2,3,4;;Heizkreis 5 Vorlauftemperatur Minimum;INT;3;;rw;20756;20757;1;°C;1;80;1;;;;;;;;;;;;;;;;;;;;;
A43a;heizkreis_5;A41;1,2,3,4;;Heizkreis 5 Vorlauftemperatur Minimum FBH;INT;3;;rw;21083;21084;1;°C;1;55;1;;;;;;;;;;;;;;;;;;;;;
A44;heizkreis_5;A41;1,2,3,4;;Heizkreis 5 Vorlauftemperatur Maximum;INT;3;;rw;20757;20758;1;°C;1;95;1;;;;;;;;;;;;;;;;;;;;;
A44a;heizkreis_5;A41;1,2,3,4;;Heizkreis 5 Vorlauftemperatur Maximum FBH;INT;3;;rw;21084;21085;1;°C;1;55;1;;;;;;;;;;;;;;;;;;;;;
A45;heizkreis_5;A41;1,2,3,4;;Heizkreis 5 Mischerlaufzeit;INT;3;;rw;20758;20759;1;Sek;10;300;5;;;;;;;;;;;;;;;;;;;;;
A46;heizkreis_5;A41;1,2,3,4;;Heizkreis 5 Fernbedienung;WAHL;3;;rw;20759;20760;1;;;;;Nicht vorhanden;FR25 (analog);FR35 (digital);FR40 (digital);ext. Schaltkontakt;KNX;Modbus;;;;;;;;;;;;;;
A46a;heizkreis_5;A46;1,2,3,4,5,6;;Heizkreis 5 Fernbedienung;WAHL;3;;rw;20760;20761;1;;;;;mit Raumfühler;ohne Raumfühler;;;;;;;;;;;;;;;;;;;
A46b;heizkreis_5;A46;1,2,3,4,5,6;;Heizkreis 5 Anzeige Fernbedienung;WAHL;3;;rw;20761;20762;1;;;;;Boiler A;Boiler 1;Boiler 2;Boiler 3;Zentralpuffer;Boiler B;Fühler FWS;Zusatzpuffer HKM1;Zusatzpuffer HKM2;;;;;;;;;;;;
A46c;heizkreis_5;A46;1,2,3,4,5,6;;Heizkreis 5 FR40-Ansicht;BITFIELD;3;;rw;21085;21086;1;;;;;;;;;;;;;;;;;;;;;;;;;
A46ca;heizkreis_5;A46;1,2,3,4,5,6;;Heizkreis 5 FR40-Ansicht;BITFIELD;3;;rw;23993;23994;1;;;;;;;;;;;;;;;;;;;;;;;;;
A46d;heizkreis_5;A46;1,2,3,4,5,6;;Heizkreis 5 Raumkorr. Fernbedienung;FLOAT;3;;rw;20762;20763;1;°C;-6.00;6.00;0.50;;;;;;;;;;;;;;;;;;;;;
A46e;heizkreis_5;A46;1,2,3,4,5,6;;Heizkreis 5 Pumpenabschaltung bei Überschreitung der Raumtemp. Raumregler;WAHL;3;;rw;21087;21088;1;;;;;Deaktiviert;Aktiviert;;;;;;;;;;;;;;;;;;;
A46f;heizkreis_5;A46;1,2,3,4,5,6;;Heizkreis 5 Eingang externer Kontakt FR25;WAHL;3;;rw;21088;21089;1;;;;;Öffner;Schließer;;;;;;;;;;;;;;;;;;;
A46g;heizkreis_5;A46;1,2,3,4,5,6;;Heizkreis 5 Raumkorrektur über App/Web;WAHL;3;;rw;23842;23843;1;;;;;Nein;Ja;;;;;;;;;;;;;;;;;;;
A47;heizkreis_5;A41;1,2,3,4;;Heizkreis 5 Fernleitungspumpe;WAHL;3;;rw;20764;20765;1;;;;;keine Fernleitung;mit Fernleitung 1;geregelte Fernleitung 1;geregelte Fernleitung 2;;;;;;;;;;;;;;;;;
A48;heizkreis_5;A41;1,2,3,4;;Heizkreis 5 Sommer-Badheizen;WAHL;3;;rw;20765;20766;1;;;;;Sommer-Badheizen Aus;Sommer-Badheizen Ein;Sommer-Badheizen Auto;;;;;;;;;;;;;;;;;;
A48a;heizkreis_5;A41;1,2,3,4;;Heizkreis 5 Sommer-Badheizen Puffer-Mindesttemperatur;INT;3;;rw;20766;20767;1;°C;20;100;1;;;;;;;;;;;;;;;;;;;;;
A48b;heizkreis_5;A41;1,2,3,4;;Heizkreis 5 Sommer-Badheizen Tagesuhr Mo-So;TPROG;3;16;rw;20767;20768;1;;;;;;;;;;;;;;;;;;;;;;;;;
A48c;heizkreis_5;A41;1,2,3,4;;Heizkreis 5 Sommer-Badheizen Vorlauf-Soll;INT;3;;rw;20771;20772;1;°C;20;100;1;;;;;;;;;;;;;;;;;;;;;
A48d;heizkreis_5;A41;1,2,3,4;;Heizkreis 5 Boilervorrang bei Sommer-Badheizen;WAHL;3;;rw;21089;21090;1;;;;;Inaktiv;Aktiv;;;;;;;;;;;;;;;;;;;
A48e;heizkreis_5;A41;1,2,3,4;;Heizkreis 5 Fühler Sommer- Badheizen Puffer- Mindesttemperatur;WAHL;3;;rw;24113;24114;1;;;;;Puffer unten;Puffer oben;Puffer Mitte oben;Puffer Mitte;Puffer Mitte unten;;;;;;;;;;;;;;;;
A49;estrich;;;;Heizkreis 5 Estrich;WAHL;3;;rw;20772;20773;1;;;;;Aus;Ein;;;;;;;;;;;;;;;;;;;
A49a;estrich;;;;Heizkreis 5 Estrich pausiert;WAHL;3;;rw;21090;21091;1;;;;;Nein;Ja;;;;;;;;;;;;;;;;;;;
A50;heizkreis_5;A41;1,2,3,4;;Heizkreis 5 Loxone Verbindungsausfall Notbetrieb Solltemperatur;INT;3;;rw;21091;21092;1;°C;1;90;1;;;;;;;;;;;;;;;;;;;;;
A51;heizkreis_6;;;;Heizkreis 6;WAHL;3;;rw;20773;20774;1;;;;;Nicht vorhanden;Pumpe;Mischer Radiatoren;Loxone/Modbus;Mischer FBH;;;;;;;;;;;;;;;;
A52;heizkreis_6;A51;1,2,3,4;;Heizkreis 6 Steilheit;FLOAT;3;;rw;20774;20775;1;;0.20;Mrz 50;0.05;;;;;;;;;;;;;;;;;;;;;
A52a;heizkreis_6;A51;1,2,3,4;;Heizkreis 6 Steilheit FBH;FLOAT;3;;rw;21092;21093;1;;0.20;Mrz 50;0.05;;;;;;;;;;;;;;;;;;;;;
A53;heizkreis_6;A51;1,2,3,4;;Heizkreis 6 Vorlauftemperatur Minimum;INT;3;;rw;20776;20777;1;°C;1;80;1;;;;;;;;;;;;;;;;;;;;;
A53a;heizkreis_6;A51;1,2,3,4;;Heizkreis 6 Vorlauftemperatur Minimum FBH;INT;3;;rw;21094;21095;1;°C;1;55;1;;;;;;;;;;;;;;;;;;;;;
A54;heizkreis_6;A51;1,2,3,4;;Heizkreis 6 Vorlauftemperatur Maximum;INT;3;;rw;20777;20778;1;°C;1;95;1;;;;;;;;;;;;;;;;;;;;;
A54a;heizkreis_6;A51;1,2,3,4;;Heizkreis 6 Vorlauftemperatur Maximum FBH;INT;3;;rw;21095;21096;1;°C;1;55;1;;;;;;;;;;;;;;;;;;;;;
A55;heizkreis_6;A51;1,2,3,4;;Heizkreis 6 Mischerlaufzeit;INT;3;;rw;20778;20779;1;Sek;10;300;5;;;;;;;;;;;;;;;;;;;;;
A56;heizkreis_6;A51;1,2,3,4;;Heizkreis 6 Fernbedienung;WAHL;3;;rw;20779;20780;1;;;;;Nicht vorhanden;FR25 (analog);FR35 (digital);FR40 (digital);ext. Schaltkontakt;KNX;Modbus;;;;;;;;;;;;;;
A56a;heizkreis_6;A56;1,2,3,4,5,6;;Heizkreis 6 Fernbedienung;WAHL;3;;rw;20780;20781;1;;;;;mit Raumfühler;ohne Raumfühler;;;;;;;;;;;;;;;;;;;
A56b;heizkreis_6;A56;1,2,3,4,5,6;;Heizkreis 6 Anzeige Fernbedienung;WAHL;3;;rw;20781;20782;1;;;;;Boiler A;Boiler 1;Boiler 2;Boiler 3;Zentralpuffer;Boiler B;Fühler FWS;Zusatzpuffer HKM1;Zusatzpuffer HKM2;;;;;;;;;;;;
A56c;heizkreis_6;A56;1,2,3,4,5,6;;Heizkreis 6 FR40-Ansicht;BITFIELD;3;;rw;21096;21097;1;;;;;;;;;;;;;;;;;;;;;;;;;
A56ca;heizkreis_6;A56;1,2,3,4,5,6;;Heizkreis 6 FR40-Ansicht;BITFIELD;3;;rw;23995;23996;1;;;;;;;;;;;;;;;;;;;;;;;;;
A56d;heizkreis_6;A56;1,2,3,4,5,6;;Heizkreis 6 Raumkorr. Fernbedienung;FLOAT;3;;rw;20782;20783;1;°C;-6.00;6.00;0.50;;;;;;;;;;;;;;;;;;;;;
A56e;heizkreis_6;A56;1,2,3,4,5,6;;Heizkreis 6 Pumpenabschaltung bei Überschreitung der Raumtemp. Raumregler;WAHL;3;;rw;21098;21099;1;;;;;Deaktiviert;Aktiviert;;;;;;;;;;;;;;;;;;;
A56f;heizkreis_6;A56;1,2,3,4,5,6;;Heizkreis 6 Eingang externer Kontakt FR25;WAHL;3;;rw;21099;21100;1;;;;;Öffner;Schließer;;;;;;;;;;;;;;;;;;;
A56g;heizkreis_6;A56;1,2,3,4,5,6;;Heizkreis 6 Raumkorrektur über App/Web;WAHL;3;;rw;23843;23844;1;;;;;Nein;Ja;;;;;;;;;;;;;;;;;;;
A57;heizkreis_6;A51;1,2,3,4;;Heizkreis 6 Fernleitungspumpe;WAHL;3;;rw;20784;20785;1;;;;;keine Fernleitung;mit Fernleitung 1;geregelte Fernleitung 1;geregelte Fernleitung 2;;;;;;;;;;;;;;;;;
A58;heizkreis_6;A51;1,2,3,4;;Heizkreis 6 Sommer-Badheizen;WAHL;3;;rw;20785;20786;1;;;;;Sommer-Badheizen Aus;Sommer-Badheizen Ein;Sommer-Badheizen Auto;;;;;;;;;;;;;;;;;;
A58a;heizkreis_6;A51;1,2,3,4;;Heizkreis 6 Sommer-Badheizen Puffer-Mindesttemperatur;INT;3;;rw;20786;20787;1;°C;20;100;1;;;;;;;;;;;;;;;;;;;;;
A58b;heizkreis_6;A51;1,2,3,4;;Heizkreis 6 Sommer-Badheizen Tagesuhr Mo-So;TPROG;3;16;rw;20787;20788;1;;;;;;;;;;;;;;;;;;;;;;;;;
A58c;heizkreis_6;A51;1,2,3,4;;Heizkreis 6 Sommer-Badheizen Vorlauf-Soll;INT;3;;rw;20791;20792;1;°C;20;100;1;;;;;;;;;;;;;;;;;;;;;
A58d;heizkreis_6;A51;1,2,3,4;;Heizkreis 6 Boilervorrang bei Sommer-Badheizen;WAHL;3;;rw;21100;21101;1;;;;;Inaktiv;Aktiv;;;;;;;;;;;;;;;;;;;
A58e;heizkreis_6;A51;1,2,3,4;;Heizkreis 6 Fühler Sommer- Badheizen Puffer- Mindesttemperatur;WAHL;3;;rw;24114;24115;1;;;;;Puffer unten;Puffer oben;Puffer Mitte oben;Puffer Mitte;Puffer Mitte unten;;;;;;;;;;;;;;;;
A59;estrich;;;;Heizkreis 6 Estrich;WAHL;3;;rw;20792;20793;1;;;;;Aus;Ein;;;;;;;;;;;;;;;;;;;
A59a;estrich;;;;Heizkreis 6 Estrich pausiert;WAHL;3;;rw;21101;21102;1;;;;;Nein;Ja;;;;;;;;;;;;;;;;;;;
A60;heizkreis_6;A51;1,2,3,4;;Heizkreis 6 Loxone Verbindungsausfall Notbetrieb Solltemperatur;INT;3;;rw;21102;21103;1;°C;1;90;1;;;;;;;;;;;;;;;;;;;;;
A61;heizkreis_a;;;;Heizkreis A;WAHL;3;;rw;20653;20654;1;;;;;Nicht vorhanden;Pumpe;Mischer Radiatoren;Loxone/Modbus;Mischer FBH;;;;;;;;;;;;;;;;
A62;heizkreis_a;A61;1,2,3,4;;Heizkreis A Steilheit;FLOAT;3;;rw;20654;20655;1;;0.20;Mrz 50;0.05;;;;;;;;;;;;;;;;;;;;;
A62a;heizkreis_a;A61;1,2,3,4;;Heizkreis A Steilheit FBH;FLOAT;3;;rw;21026;21027;1;;0.20;Mrz 50;0.05;;;;;;;;;;;;;;;;;;;;;
A63;heizkreis_a;A61;1,2,3,4;;Heizkreis A Vorlauftemperatur Minimum;INT;3;;rw;20656;20657;1;°C;1;80;1;;;;;;;;;;;;;;;;;;;;;
A63a;heizkreis_a;A61;1,2,3,4;;Heizkreis A Vorlauftemperatur Minimum FBH;INT;3;;rw;21028;21029;1;°C;1;55;1;;;;;;;;;;;;;;;;;;;;;
A64;heizkreis_a;A61;1,2,3,4;;Heizkreis A Vorlauftemperatur Maximum;INT;3;;rw;20657;20658;1;°C;1;95;1;;;;;;;;;;;;;;;;;;;;;
A64a;heizkreis_a;A61;1,2,3,4;;Heizkreis A Vorlauftemperatur Maximum FBH;INT;3;;rw;21029;21030;1;°C;1;55;1;;;;;;;;;;;;;;;;;;;;;
A65;heizkreis_a;A61;1,2,3,4;;Heizkreis A Mischerlaufzeit;INT;3;;rw;20658;20659;1;Sek;10;300;5;;;;;;;;;;;;;;;;;;;;;
A66;heizkreis_a;A61;1,2,3,4;;Heizkreis A Fernbedienung;WAHL;3;;rw;20659;20660;1;;;;;Nicht vorhanden;FR25 (analog);FR35 (digital);FR40 (digital);ext. Schaltkontakt;KNX;Modbus;;;;;;;;;;;;;;
A66a;heizkreis_a;A66;1,2,3,4,5,6;;Heizkreis A Fernbedienung;WAHL;3;;rw;20660;20661;1;;;;;mit Raumfühler;ohne Raumfühler;;;;;;;;;;;;;;;;;;;
A66b;heizkreis_a;A66;1,2,3,4,5,6;;Heizkreis A Anzeige Fernbedienung;WAHL;3;;rw;20661;20662;1;;;;;Boiler A;Boiler 1;Boiler 2;Boiler 3;Zentralpuffer;Boiler B;Fühler FWS;Zusatzpuffer HKM1;Zusatzpuffer HKM2;;;;;;;;;;;;
A66c;heizkreis_a;A66;1,2,3,4,5,6;;Heizkreis A FR40-Ansicht;BITFIELD;3;;rw;21030;21031;1;;;;;;;;;;;;;;;;;;;;;;;;;
A66ca;heizkreis_a;A66;1,2,3,4,5,6;;Heizkreis A FR40-Ansicht;BITFIELD;3;;rw;23983;23984;1;;;;;;;;;;;;;;;;;;;;;;;;;
A66d;heizkreis_a;A66;1,2,3,4,5,6;;Heizkreis A Raumkorr. Fernbedienung;FLOAT;3;;rw;20662;20663;1;°C;-6.00;6.00;0.50;;;;;;;;;;;;;;;;;;;;;
A66e;heizkreis_a;A66;1,2,3,4,5,6;;Heizkreis A Pumpenabschaltung bei Überschreitung der Raumtemp. Raumregler;WAHL;3;;rw;21032;21033;1;;;;;Deaktiviert;Aktiviert;;;;;;;;;;;;;;;;;;;
A66f;heizkreis_a;A66;1,2,3,4,5,6;;Heizkreis A Eingang externer Kontakt FR25;WAHL;3;;rw;21033;21034;1;;;;;Öffner;Schließer;;;;;;;;;;;;;;;;;;;
A66g;heizkreis_a;A66;1,2,3,4,5,6;;Heizkreis A Raumkorrektur über App/Web;WAHL;3;;rw;23837;23838;1;;;;;Nein;Ja;;;;;;;;;;;;;;;;;;;
A67;heizkreis_a;A61;1,2,3,4;;Heizkreis A Fernleitungspumpe;WAHL;3;;rw;20664;20665;1;;;;;keine Fernleitung;mit Fernleitung 1;geregelte Fernleitung 1;geregelte Fernleitung 2;;;;;;;;;;;;;;;;;
A68;heizkreis_a;A61;1,2,3,4;;Heizkreis A Sommer-Badheizen;WAHL;3;;rw;20665;20666;1;;;;;Sommer-Badheizen Aus;Sommer-Badheizen Ein;Sommer-Badheizen Auto;;;;;;;;;;;;;;;;;;
A68a;heizkreis_a;A61;1,2,3,4;;Heizkreis A Sommer-Badheizen Puffer-Mindesttemperatur;INT;3;;rw;20666;20667;1;°C;20;100;1;;;;;;;;;;;;;;;;;;;;;
A68b;heizkreis_a;A61;1,2,3,4;;Heizkreis A Sommer-Badheizen Tagesuhr Mo-So;TPROG;3;16;rw;20667;20668;1;;;;;;;;;;;;;;;;;;;;;;;;;
A68c;heizkreis_a;A61;1,2,3,4;;Heizkreis A Sommer-Badheizen Vorlauf-Soll;INT;3;;rw;20671;20672;1;°C;20;100;1;;;;;;;;;;;;;;;;;;;;;
A68d;heizkreis_a;A61;1,2,3,4;;Heizkreis A Boilervorrang bei Sommer-Badheizen;WAHL;3;;rw;21034;21035;1;;;;;Inaktiv;Aktiv;;;;;;;;;;;;;;;;;;;
A68e;heizkreis_a;A61;1,2,3,4;;Heizkreis A Fühler Sommer- Badheizen Puffer- Mindesttemperatur;WAHL;3;;rw;24115;24116;1;;;;;Puffer unten;Puffer oben;Puffer Mitte oben;Puffer Mitte;Puffer Mitte unten;;;;;;;;;;;;;;;;
A69;estrich;;;;Heizkreis A Estrich;WAHL;3;;rw;20672;20673;1;;;;;Aus;Ein;;;;;;;;;;;;;;;;;;;
A69a;estrich;;;;Heizkreis A Estrich pausiert;WAHL;3;;rw;21035;21036;1;;;;;Nein;Ja;;;;;;;;;;;;;;;;;;;
A70;heizkreis_a;A61;1,2,3,4;;Heizkreis A Loxone Verbindungsausfall Notbetrieb Solltemperatur;INT;3;;rw;21036;21037;1;°C;1;90;1;;;;;;;;;;;;;;;;;;;;;
A71;heizkreis_b;;;;Heizkreis B;WAHL;3;;rw;20793;20794;1;;;;;Nicht vorhanden;Pumpe;Mischer Radiatoren;Loxone/Modbus;Mischer FBH;;;;;;;;;;;;;;;;
A72;heizkreis_b;A71;1,2,3,4;;Heizkreis B Steilheit;FLOAT;3;;rw;20794;20795;1;;0.20;Mrz 50;0.05;;;;;;;;;;;;;;;;;;;;;
A72a;heizkreis_b;A71;1,2,3,4;;Heizkreis B Steilheit FBH;FLOAT;3;;rw;21103;21104;1;;0.20;Mrz 50;0.05;;;;;;;;;;;;;;;;;;;;;
A73;heizkreis_b;A71;1,2,3,4;;Heizkreis B Vorlauftemperatur Minimum;INT;3;;rw;20796;20797;1;°C;1;80;1;;;;;;;;;;;;;;;;;;;;;
A73a;heizkreis_b;A71;1,2,3,4;;Heizkreis B Vorlauftemperatur Minimum FBH;INT;3;;rw;21105;21106;1;°C;1;55;1;;;;;;;;;;;;;;;;;;;;;
A74;heizkreis_b;A71;1,2,3,4;;Heizkreis B Vorlauftemperatur Maximum;INT;3;;rw;20797;20798;1;°C;1;95;1;;;;;;;;;;;;;;;;;;;;;
A74a;heizkreis_b;A71;1,2,3,4;;Heizkreis B Vorlauftemperatur Maximum FBH;INT;3;;rw;21106;21107;1;°C;1;55;1;;;;;;;;;;;;;;;;;;;;;
A75;heizkreis_b;A71;1,2,3,4;;Heizkreis B Mischerlaufzeit;INT;3;;rw;20798;20799;1;Sek;10;300;5;;;;;;;;;;;;;;;;;;;;;
A76;heizkreis_b;A71;1,2,3,4;;Heizkreis B Fernbedienung;WAHL;3;;rw;20799;20800;1;;;;;Nicht vorhanden;FR25 (analog);FR35 (digital);FR40 (digital);ext. Schaltkontakt;KNX;Modbus;;;;;;;;;;;;;;
A76a;heizkreis_b;A76;1,2,3,4,5,6;;Heizkreis B Fernbedienung;WAHL;3;;rw;20800;20801;1;;;;;mit Raumfühler;ohne Raumfühler;;;;;;;;;;;;;;;;;;;
A76b;heizkreis_b;A76;1,2,3,4,5,6;;Heizkreis B Anzeige Fernbedienung;WAHL;3;;rw;20801;20802;1;;;;;Boiler A;Boiler 1;Boiler 2;Boiler 3;Zentralpuffer;Boiler B;Fühler FWS;Zusatzpuffer HKM1;Zusatzpuffer HKM2;;;;;;;;;;;;
A76c;heizkreis_b;A76;1,2,3,4,5,6;;Heizkreis B FR40-Ansicht;BITFIELD;3;;rw;21107;21108;1;;;;;;;;;;;;;;;;;;;;;;;;;
A76ca;heizkreis_b;A76;1,2,3,4,5,6;;Heizkreis B FR40-Ansicht;BITFIELD;3;;rw;23997;23998;1;;;;;;;;;;;;;;;;;;;;;;;;;
A76d;heizkreis_b;A76;1,2,3,4,5,6;;Heizkreis B Raumkorr. Fernbedienung;FLOAT;3;;rw;20802;20803;1;°C;-6.00;6.00;0.50;;;;;;;;;;;;;;;;;;;;;
A76e;heizkreis_b;A76;1,2,3,4,5,6;;Heizkreis B Pumpenabschaltung bei Überschreitung der Raumtemp. Raumregler;WAHL;3;;rw;20804;20805;1;;;;;Deaktiviert;Aktiviert;;;;;;;;;;;;;;;;;;;
A76f;heizkreis_b;A76;1,2,3,4,5,6;;Heizkreis B Eingang externer Kontakt FR25;WAHL;3;;rw;21109;21110;1;;;;;Öffner;Schließer;;;;;;;;;;;;;;;;;;;
A76g;heizkreis_b;A76;1,2,3,4,5,6;;Heizkreis B Raumkorrektur über App/Web;WAHL;3;;rw;23844;23845;1;;;;;Nein;Ja;;;;;;;;;;;;;;;;;;;
A77;heizkreis_b;A71;1,2,3,4;;Heizkreis B Fernleitungspumpe;WAHL;3;;rw;20805;20806;1;;;;;keine Fernleitung;mit Fernleitung 1;geregelte Fernleitung 1;geregelte Fernleitung 2;;;;;;;;;;;;;;;;;
A78;heizkreis_b;A71;1,2,3,4;;Heizkreis B Sommer-Badheizen;WAHL;3;;rw;20806;20807;1;;;;;Sommer-Badheizen Aus;Sommer-Badheizen Ein;Sommer-Badheizen Auto;;;;;;;;;;;;;;;;;;
A78a;heizkreis_b;A71;1,2,3,4;;Heizkreis B Sommer-Badheizen Puffer-Mindesttemperatur;INT;3;;rw;20807;20808;1;°C;20;100;1;;;;;;;;;;;;;;;;;;;;;
A78b;heizkreis_b;A71;1,2,3,4;;Heizkreis B Sommer-Badheizen Tagesuhr Mo-So;TPROG;3;16;rw;20808;20809;1;;;;;;;;;;;;;;;;;;;;;;;;;
A78c;heizkreis_b;A71;1,2,3,4;;Heizkreis B Sommer-Badheizen Vorlauf-Soll;INT;3;;rw;20812;20813;1;°C;20;100;1;;;;;;;;;;;;;;;;;;;;;
A78d;heizkreis_b;A71;1,2,3,4;;Heizkreis B Boilervorrang bei Sommer-Badheizen;WAHL;3;;rw;21110;21111;1;;;;;Inaktiv;Aktiv;;;;;;;;;;;;;;;;;;;
A78e;heizkreis_b;A71;1,2,3,4;;Heizkreis B Fühler Sommer- Badheizen Puffer- Mindesttemperatur;WAHL;3;;rw;24116;24117;1;;;;;Puffer unten;Puffer oben;Puffer Mitte oben;Puffer Mitte;Puffer Mitte unten;;;;;;;;;;;;;;;;
A79;estrich;;;;Heizkreis B Estrich;WAHL;3;;rw;20813;20814;1;;;;;Aus;Ein;;;;;;;;;;;;;;;;;;;
A79a;estrich;;;;Heizkreis B Estrich pausiert;WAHL;3;;rw;21111;21112;1;;;;;Nein;Ja;;;;;;;;;;;;;;;;;;;
A80;heizkreis_b;A71;1,2,3,4;;Heizkreis B Loxone Verbindungsausfall Notbetrieb Solltemperatur;INT;3;;rw;21112;21113;1;°C;1;90;1;;;;;;;;;;;;;;;;;;;;;
A99;zentralpuffer;C2;1,2,3,4,5;;Alle Heizkreise Heizkreispuffern;WAHL;3;6;rw;21863;21864;1;;;;;Aus;Ein;;;;;;;;;;;;;;;;;;;
A100;estrich;;;;Alle Heizkreise Estrich Estrich Anzahl Temperaturphasen (alle HK);INT;3;;rw;21113;21114;1;;1;18;1;;;;;;;;;;;;;;;;;;;;;
A101a;estrich;;;;Alle Heizkreise Estrich Vorlauf-Solltemperatur (alle HK);INT;3;;rw;21114;21115;1;°C;10;60;1;;;;;;;;;;;;;;;;;;;;;
A101b;estrich;;;;Alle Heizkreise Estrich Vorlauf-Solltemperatur (alle HK);INT;3;;rw;21115;21116;1;°C;10;60;1;;;;;;;;;;;;;;;;;;;;;
A101c;estrich;;;;Alle Heizkreise Estrich Vorlauf-Solltemperatur (alle HK);INT;3;;rw;21116;21117;1;°C;10;60;1;;;;;;;;;;;;;;;;;;;;;
A101d;estrich;;;;Alle Heizkreise Estrich Vorlauf-Solltemperatur (alle HK);INT;3;;rw;21117;21118;1;°C;10;60;1;;;;;;;;;;;;;;;;;;;;;
A101e;estrich;;;;Alle Heizkreise Estrich Vorlauf-Solltemperatur (alle HK);INT;3;;rw;21118;21119;1;°C;10;60;1;;;;;;;;;;;;;;;;;;;;;
A101f;estrich;;;;Alle Heizkreise Estrich Vorlauf-Solltemperatur (alle HK);INT;3;;rw;21119;21120;1;°C;10;60;1;;;;;;;;;;;;;;;;;;;;;
A101g;estrich;;;;Alle Heizkreise Estrich Vorlauf-Solltemperatur (alle HK);INT;3;;rw;21120;21121;1;°C;10;60;1;;;;;;;;;;;;;;;;;;;;;
A101h;estrich;;;;Alle Heizkreise Estrich Vorlauf-Solltemperatur (alle HK);INT;3;;rw;21121;21122;1;°C;10;60;1;;;;;;;;;;;;;;;;;;;;;
A101i;estrich;;;;Alle Heizkreise Estrich Vorlauf-Solltemperatur (alle HK);INT;3;;rw;21122;21123;1;°C;10;60;1;;;;;;;;;;;;;;;;;;;;;
A101j;estrich;;;;Alle Heizkreise Estrich Vorlauf-Solltemperatur (alle HK);INT;3;;rw;21123;21124;1;°C;10;60;1;;;;;;;;;;;;;;;;;;;;;
A101k;estrich;;;;Alle Heizkreise Estrich Vorlauf-Solltemperatur (alle HK);INT;3;;rw;21124;21125;1;°C;10;60;1;;;;;;;;;;;;;;;;;;;;;
A101l;estrich;;;;Alle Heizkreise Estrich Vorlauf-Solltemperatur (alle HK);INT;3;;rw;21125;21126;1;°C;10;60;1;;;;;;;;;;;;;;;;;;;;;
A101m;estrich;;;;Alle Heizkreise Estrich Vorlauf-Solltemperatur (alle HK);INT;3;;rw;21126;21127;1;°C;10;60;1;;;;;;;;;;;;;;;;;;;;;
A101n;estrich;;;;Alle Heizkreise Estrich Vorlauf-Solltemperatur (alle HK);INT;3;;rw;21127;21128;1;°C;10;60;1;;;;;;;;;;;;;;;;;;;;;
A101o;estrich;;;;Alle Heizkreise Estrich Vorlauf-Solltemperatur (alle HK);INT;3;;rw;21128;21129;1;°C;10;60;1;;;;;;;;;;;;;;;;;;;;;
A101p;estrich;;;;Alle Heizkreise Estrich Vorlauf-Solltemperatur (alle HK);INT;3;;rw;21129;21130;1;°C;10;60;1;;;;;;;;;;;;;;;;;;;;;
A101q;estrich;;;;Alle Heizkreise Estrich Vorlauf-Solltemperatur (alle HK);INT;3;;rw;21130;21131;1;°C;10;60;1;;;;;;;;;;;;;;;;;;;;;
A101r;estrich;;;;Alle Heizkreise Estrich Vorlauf-Solltemperatur (alle HK);INT;3;;rw;21131;21132;1;°C;10;60;1;;;;;;;;;;;;;;;;;;;;;
A102a;estrich;;;;Alle Heizkreise Estrich Anzahl Tage (alle HK);INT;3;;rw;21132;21133;1;Tage;1;10;1;;;;;;;;;;;;;;;;;;;;;
A102b;estrich;;;;Alle Heizkreise Estrich Anzahl Tage (alle HK);INT;3;;rw;21133;21134;1;Tage;0;10;1;;;;;;;;;;;;;;;;;;;;;
A102c;estrich;;;;Alle Heizkreise Estrich Anzahl Tage (alle HK);INT;3;;rw;21134;21135;1;Tage;0;10;1;;;;;;;;;;;;;;;;;;;;;
A102d;estrich;;;;Alle Heizkreise Estrich Anzahl Tage (alle HK);INT;3;;rw;21135;21136;1;Tage;0;10;1;;;;;;;;;;;;;;;;;;;;;
A102e;estrich;;;;Alle Heizkreise Estrich Anzahl Tage (alle HK);INT;3;;rw;21136;21137;1;Tage;0;10;1;;;;;;;;;;;;;;;;;;;;;
A102f;estrich;;;;Alle Heizkreise Estrich Anzahl Tage (alle HK);INT;3;;rw;21137;21138;1;Tage;0;10;1;;;;;;;;;;;;;;;;;;;;;
A102g;estrich;;;;Alle Heizkreise Estrich Anzahl Tage (alle HK);INT;3;;rw;21138;21139;1;Tage;0;10;1;;;;;;;;;;;;;;;;;;;;;
A102h;estrich;;;;Alle Heizkreise Estrich Anzahl Tage (alle HK);INT;3;;rw;21139;21140;1;Tage;0;10;1;;;;;;;;;;;;;;;;;;;;;
A102i;estrich;;;;Alle Heizkreise Estrich Anzahl Tage (alle HK);INT;3;;rw;21140;21141;1;Tage;0;10;1;;;;;;;;;;;;;;;;;;;;;
A102j;estrich;;;;Alle Heizkreise Estrich Anzahl Tage (alle HK);INT;3;;rw;21141;21142;1;Tage;0;10;1;;;;;;;;;;;;;;;;;;;;;
A102k;estrich;;;;Alle Heizkreise Estrich Anzahl Tage (alle HK);INT;3;;rw;21142;21143;1;Tage;0;10;1;;;;;;;;;;;;;;;;;;;;;
A102l;estrich;;;;Alle Heizkreise Estrich Anzahl Tage (alle HK);INT;3;;rw;21143;21144;1;Tage;0;10;1;;;;;;;;;;;;;;;;;;;;;
A102m;estrich;;;;Alle Heizkreise Estrich Anzahl Tage (alle HK);INT;3;;rw;21144;21145;1;Tage;0;10;1;;;;;;;;;;;;;;;;;;;;;
A102n;estrich;;;;Alle Heizkreise Estrich Anzahl Tage (alle HK);INT;3;;rw;21145;21146;1;Tage;0;10;1;;;;;;;;;;;;;;;;;;;;;
A102o;estrich;;;;Alle Heizkreise Estrich Anzahl Tage (alle HK);INT;3;;rw;21146;21147;1;Tage;0;10;1;;;;;;;;;;;;;;;;;;;;;
A102p;estrich;;;;Alle Heizkreise Estrich Anzahl Tage (alle HK);INT;3;;rw;21147;21148;1;Tage;0;10;1;;;;;;;;;;;;;;;;;;;;;
A102q;estrich;;;;Alle Heizkreise Estrich Anzahl Tage (alle HK);INT;3;;rw;21148;21149;1;Tage;0;10;1;;;;;;;;;;;;;;;;;;;;;
A102r;estrich;;;;Alle Heizkreise Estrich Anzahl Tage (alle HK);INT;3;;rw;21149;21150;1;Tage;0;10;1;;;;;;;;;;;;;;;;;;;;;
A103;estrich;;;;Alle Heizkreise Estrich Estrich Hysterese (alle HK);INT;3;;rw;21150;21151;1;K;0;10;1;;;;;;;;;;;;;;;;;;;;;
A104;estrich;;;;Alle Heizkreise Estrich Infomeldung Temperatur nicht erreicht ausgeben (0=inaktiv);INT;3;;rw;24108;24109;1;h;0;96;1;;;;;;;;;;;;;;;;;;;;;
B1;boiler_1;;;;Boiler 1;WAHL;3;;rw;20829;20830;1;;;;;Nicht vorhanden;Vorhanden;Loxone/Modbus;;;;;;;;;;;;;;;;;;
B2;boiler_1;B1;1,2;;Boiler 1 Boilertemperatur Schaltdifferenz;INT;3;;rw;20830;20831;1;°C;1;40;1;;;;;;;;;;;;;;;;;;;;;
B3;boiler_1;B1;1,2;;Boiler 1 Boilertemperatur Minimum;INT;3;;rw;20831;20832;1;°C;1;80;1;;;;;;;;;;;;;;;;;;;;;
B4;boiler_1;B1;1,2;;Boiler 1 Legionellenschutz;WAHL;3;;rw;20832;20833;1;(0) Aus;(1) Ein;;;;;;;;;;;;;;;;;;;;;;;
B5;boiler_1;B1;1,2;;Boiler 1 Legionellenschutz Solltemperatur;INT;3;;rw;20833;20834;1;°C;10;75;1;;;;;;;;;;;;;;;;;;;;;
B6;boiler_1;B1;1,2;;Boiler 1 Legionellenschutz Wochenprogramm;WPROG;3;16;rw;20834;20835;1;;;;;;;;;;;;;;;;;;;;;;;;;
B7;boiler_1;B1;1,2;;Boiler 1 Fernleitungspumpe;WAHL;3;;rw;20839;20840;1;;;;;keine Fernleitung;mit Fernleitung 1;geregelte Fernleitung 1;geregelte Fernleitung 2;;;;;;;;;;;;;;;;;
B8;boiler_1;B1;1,2;;Boiler 1 Zirkulationspumpe;WAHL;3;;rw;20840;20841;1;;;;;Nicht vorhanden;Vorhanden;"Dauerphase
(selbstlernende Pumpe)";;;;;;;;;;;;;;;;;;
B8a;boiler_1;B8;1,2;;Boiler 1 Zirkulationspumpe Laufzeit;INT;3;;rw;20841;20842;1;Sek;10;900;10;;;;;;;;;;;;;;;;;;;;;
B8b;boiler_1;B8;1,2;;Boiler 1 Zirkulationspumpe Stillstandszeit;INT;3;;rw;20842;20843;1;Min;1;60;1;;;;;;;;;;;;;;;;;;;;;
B8c;boiler_1;B8;1,2;;Boiler 1 Zirkulationspumpe starten;WAHL;3;;rw;23442;23443;1;;;;;Nein;Ja;;;;;;;;;;;;;;;;;;;
B9;boiler_1;B1;1,2;;Boiler 1 Energiesparmodus;WAHL;3;;rw;21770;21771;1;;;;;Deaktiviert;Aktiviert;;;;;;;;;;;;;;;;;;;
B9a;boiler_1;B9;1;;Boiler 1 Energiesparmodus nach der Dauer;INT;3;;rw;21775;21776;1;Min;0;60;1;;;;;;;;;;;;;;;;;;;;;
B9b;boiler_1;B9;1;;Boiler 1 maximale Pumpenlaufzeit bei Boilerladung;INT;3;;rw;20843;20844;1;h;0;20;1;;;;;;;;;;;;;;;;;;;;;
B11;boiler_2;;;;Boiler 2;WAHL;3;;rw;20844;20845;1;;;;;Nicht vorhanden;Vorhanden;Loxone/Modbus;;;;;;;;;;;;;;;;;;
B12;boiler_2;B11;1,2;;Boiler 2 Boilertemperatur Schaltdifferenz;INT;3;;rw;20845;20846;1;°C;1;40;1;;;;;;;;;;;;;;;;;;;;;
B13;boiler_2;B11;1,2;;Boiler 2 Boilertemperatur Minimum;INT;3;;rw;20846;20847;1;°C;1;80;1;;;;;;;;;;;;;;;;;;;;;
B14;boiler_2;B11;1,2;;Boiler 2 Legionellenschutz;WAHL;3;;rw;20847;20848;1;(0) Aus;(1) Ein;;;;;;;;;;;;;;;;;;;;;;;
B15;boiler_2;B11;1,2;;Boiler 2 Legionellenschutz Solltemperatur;INT;3;;rw;20848;20849;1;°C;10;75;1;;;;;;;;;;;;;;;;;;;;;
B16;boiler_2;B11;1,2;;Boiler 2 Legionellenschutz Wochenprogramm;WPROG;3;16;rw;20849;20850;1;;;;;;;;;;;;;;;;;;;;;;;;;
B17;boiler_2;B11;1,2;;Boiler 2 Fernleitungspumpe;WAHL;3;;rw;20854;20855;1;;;;;keine Fernleitung;mit Fernleitung 1;geregelte Fernleitung 1;geregelte Fernleitung 2;;;;;;;;;;;;;;;;;
B18;boiler_2;B11;1,2;;Boiler 2 Zirkulationspumpe;WAHL;3;;rw;20855;20856;1;;;;;Nicht vorhanden;Vorhanden;"Dauerphase
(selbstlernende Pumpe)";;;;;;;;;;;;;;;;;;
B18a;boiler_2;B18;1,2;;Boiler 2 Zirkulationspumpe Laufzeit;INT;3;;rw;20856;20857;1;Sek;10;900;10;;;;;;;;;;;;;;;;;;;;;
B18b;boiler_2;B18;1,2;;Boiler 2 Zirkulationspumpe Stillstandszeit;INT;3;;rw;20857;20858;1;Min;1;60;1;;;;;;;;;;;;;;;;;;;;;
B18c;boiler_2;B18;1,2;;Boiler 2 Zirkulationspumpe starten;WAHL;3;;rw;23443;23444;1;;;;;Nein;Ja;;;;;;;;;;;;;;;;;;;
B19;boiler_2;B11;1,2;;Boiler 2 Energiesparmodus;WAHL;3;;rw;21771;21772;1;;;;;Deaktiviert;Aktiviert;;;;;;;;;;;;;;;;;;;
B19a;boiler_2;B19;1;;Boiler 2 Energiesparmodus nach der Dauer;INT;3;;rw;21776;21777;1;Min;0;60;1;;;;;;;;;;;;;;;;;;;;;
B19b;boiler_2;B19;1;;Boiler 2 maximale Pumpenlaufzeit bei Boilerladung;INT;3;;rw;20858;20859;1;h;0;20;1;;;;;;;;;;;;;;;;;;;;;
B21;boiler_3;;;;Boiler 3;WAHL;3;;rw;20859;20860;1;;;;;Nicht vorhanden;Vorhanden;Loxone/Modbus;;;;;;;;;;;;;;;;;;
B22;boiler_3;B21;1,2;;Boiler 3 Boilertemperatur Schaltdifferenz;INT;3;;rw;20860;20861;1;°C;1;40;1;;;;;;;;;;;;;;;;;;;;;
B23;boiler_3;B21;1,2;;Boiler 3 Boilertemperatur Minimum;INT;3;;rw;20861;20862;1;°C;1;80;1;;;;;;;;;;;;;;;;;;;;;
B24;boiler_3;B21;1,2;;Boiler 3 Legionellenschutz;WAHL;3;;rw;20862;20863;1;;;;;Aus;Ein;;;;;;;;;;;;;;;;;;;
B25;boiler_3;B21;1,2;;Boiler 3 Legionellenschutz Solltemperatur;INT;3;;rw;20863;20864;1;°C;10;75;1;;;;;;;;;;;;;;;;;;;;;
B26;boiler_3;B21;1,2;;Boiler 3 Legionellenschutz Wochenprogramm;WPROG;3;16;rw;20864;20865;1;;;;;;;;;;;;;;;;;;;;;;;;;
B27;boiler_3;B21;1,2;;Boiler 3 Fernleitungspumpe;WAHL;3;;rw;20869;20870;1;;;;;keine Fernleitung;mit Fernleitung 1;geregelte Fernleitung 1;geregelte Fernleitung 2;;;;;;;;;;;;;;;;;
B28;boiler_3;B21;1,2;;Boiler 3 Zirkulationspumpe;WAHL;3;;rw;20870;20871;1;;;;;Nicht vorhanden;Vorhanden;"Dauerphase
(selbstlernende Pumpe)";;;;;;;;;;;;;;;;;;
B28a;boiler_3;B28;1,2;;Boiler 3 Zirkulationspumpe Laufzeit;INT;3;;rw;20871;20872;1;Sek;10;900;10;;;;;;;;;;;;;;;;;;;;;
B28b;boiler_3;B28;1,2;;Boiler 3 Zirkulationspumpe Stillstandszeit;INT;3;;rw;20872;20873;1;Min;1;60;1;;;;;;;;;;;;;;;;;;;;;
B28c;boiler_3;B28;1,2;;Boiler 3 Zirkulationspumpe starten;WAHL;3;;rw;23444;23445;1;;;;;Nein;Ja;;;;;;;;;;;;;;;;;;;
B29;boiler_3;B21;1,2;;Boiler 3 Energiesparmodus;WAHL;3;;rw;21772;21773;1;;;;;Deaktiviert;Aktiviert;;;;;;;;;;;;;;;;;;;
B29a;boiler_3;B29;1;;Boiler 3 Energiesparmodus nach der Dauer;INT;3;;rw;21777;21778;1;Min;0;60;1;;;;;;;;;;;;;;;;;;;;;
B29b;boiler_3;B29;1;;Boiler 3 maximale Pumpenlaufzeit bei Boilerladung;INT;3;;rw;20873;20874;1;h;0;20;1;;;;;;;;;;;;;;;;;;;;;
B31;boiler_a;;;;Boiler A;WAHL;3;;rw;20814;20815;1;;;;;Nicht vorhanden;Vorhanden;Loxone/Modbus;;;;;;;;;;;;;;;;;;
B32;boiler_a;B31;1,2;;Boiler A Boilertemperatur Schaltdifferenz;INT;3;;rw;20815;20816;1;°C;1;40;1;;;;;;;;;;;;;;;;;;;;;
B33;boiler_a;B31;1,2;;Boiler A Boilertemperatur Minimum;INT;3;;rw;20816;20817;1;°C;1;80;1;;;;;;;;;;;;;;;;;;;;;
B34;boiler_a;B31;1,2;;Boiler A Legionellenschutz;WAHL;3;;rw;20817;20818;1;;;;;Aus;Ein;;;;;;;;;;;;;;;;;;;
B35;boiler_a;B31;1,2;;Boiler A Legionellenschutz Solltemperatur;INT;3;;rw;20818;20819;1;°C;10;75;1;;;;;;;;;;;;;;;;;;;;;
B36;boiler_a;B31;1,2;;Boiler A Legionellenschutz Wochenprogramm;WPROG;3;16;rw;20819;20820;1;;;;;;;;;;;;;;;;;;;;;;;;;
B37;boiler_a;B31;1,2;;Boiler A Fernleitungspumpe;WAHL;3;;rw;20824;20825;1;;;;;keine Fernleitung;mit Fernleitung 1;geregelte Fernleitung 1;geregelte Fernleitung 2;;;;;;;;;;;;;;;;;
B38;boiler_a;B31;1,2;;Boiler A Zirkulationspumpe;WAHL;3;;rw;20825;20826;1;;;;;Nicht vorhanden;Vorhanden;"Dauerphase
(selbstlernende Pumpe)";;;;;;;;;;;;;;;;;;
B38a;boiler_a;B38;1,2;;Boiler A Zirkulationspumpe Laufzeit;INT;3;;rw;20826;20827;1;Sek;10;900;10;;;;;;;;;;;;;;;;;;;;;
B38b;boiler_a;B38;1,2;;Boiler A Zirkulationspumpe Stillstandszeit;INT;3;;rw;20827;20828;1;Min;1;60;1;;;;;;;;;;;;;;;;;;;;;
B38c;boiler_a;B38;1,2;;Boiler A Zirkulationspumpe starten;WAHL;3;;rw;23441;23442;1;;;;;Nein;Ja;;;;;;;;;;;;;;;;;;;
B39;boiler_a;B31;1,2;;Boiler A Energiesparmodus;WAHL;3;;rw;21769;21770;1;;;;;Deaktiviert;Aktiviert;;;;;;;;;;;;;;;;;;;
B39a;boiler_a;B39;1;;Boiler A Energiesparmodus nach der Dauer;INT;3;;rw;21774;21775;1;Min;0;60;1;;;;;;;;;;;;;;;;;;;;;
B39b;boiler_a;B39;1;;Boiler A maximale Pumpenlaufzeit bei Boilerladung;INT;3;;rw;20828;20829;1;h;0;20;1;;;;;;;;;;;;;;;;;;;;;
B41;boiler_b;;;;Boiler B;WAHL;3;;rw;20874;20875;1;;;;;Nicht vorhanden;Vorhanden;Loxone/Modbus;;;;;;;;;;;;;;;;;;
B42;boiler_b;B41;1,2;;Boiler B Boilertemperatur Schaltdifferenz;INT;3;;rw;20875;20876;1;°C;1;40;1;;;;;;;;;;;;;;;;;;;;;
B43;boiler_b;B41;1,2;;Boiler B Boilertemperatur Minimum;INT;3;;rw;20876;20877;1;°C;1;80;1;;;;;;;;;;;;;;;;;;;;;
B44;boiler_b;B41;1,2;;Boiler B Legionellenschutz;WAHL;3;;rw;20877;20878;1;;;;;Aus;Ein;;;;;;;;;;;;;;;;;;;
B45;boiler_b;B41;1,2;;Boiler B Legionellenschutz Solltemperatur;INT;3;;rw;20878;20879;1;°C;10;75;1;;;;;;;;;;;;;;;;;;;;;
B46;boiler_b;B41;1,2;;Boiler B Legionellenschutz Wochenprogramm;WPROG;3;16;rw;20879;20880;1;;;;;;;;;;;;;;;;;;;;;;;;;
B47;boiler_b;B41;1,2;;Boiler B Fernleitungspumpe;WAHL;3;;rw;20884;20885;1;;;;;keine Fernleitung;mit Fernleitung 1;geregelte Fernleitung 1;geregelte Fernleitung 2;;;;;;;;;;;;;;;;;
B48;boiler_b;B41;1,2;;Boiler B Zirkulationspumpe;WAHL;3;;rw;20885;20886;1;;;;;Nicht vorhanden;Vorhanden;"Dauerphase
(selbstlernende Pumpe)";;;;;;;;;;;;;;;;;;
B48a;boiler_b;B48;1,2;;Boiler B Zirkulationspumpe Laufzeit;INT;3;;rw;20886;20887;1;Sek;10;900;10;;;;;;;;;;;;;;;;;;;;;
B48b;boiler_b;B48;1,2;;Boiler B Zirkulationspumpe Stillstandszeit;INT;3;;rw;20887;20888;1;Min;1;60;1;;;;;;;;;;;;;;;;;;;;;
B48c;boiler_b;B48;1,2;;Boiler B Zirkulationspumpe starten;WAHL;3;;rw;23445;23446;1;;;;;Nein;Ja;;;;;;;;;;;;;;;;;;;
B49;boiler_b;B41;1,2;;Boiler B Energiesparmodus;WAHL;3;;rw;21773;21774;1;;;;;Deaktiviert;Aktiviert;;;;;;;;;;;;;;;;;;;
B49a;boiler_b;B49;1;;Boiler B Energiesparmodus nach der Dauer;INT;3;;rw;21778;21779;1;Min;0;60;1;;;;;;;;;;;;;;;;;;;;;
B49b;boiler_b;B49;1;;Boiler B maximale Pumpenlaufzeit bei Boilerladung;INT;3;;rw;20888;20889;1;h;0;20;1;;;;;;;;;;;;;;;;;;;;;
B60;system;;;;Boilervorrangautomatik;WAHL;3;;rw;20889;20890;1;;;;;Ein;Aus;;;;;;;;;;;;;;;;;;;
B90;system;;;;Freigabe Boilertemperatur Minimum;TPROG;3;16;rw;20890;20891;1;;;;;;;;;;;;;;;;;;;;;;;;;
B91;system;;;;Hydraulikschema Nano;WAHL;3;;rw;21882;21883;1;;;;;alt;neu;;;;;;;;;;;;;;;;;;;
B104;frischwasser;;;;Frischwasserstation Info Puffertemperatur unterschritten;WAHL;3;;rw;21156;21157;1;;;;;Deaktiviert;Aktiviert;;;;;;;;;;;;;;;;;;;
B104a;frischwasser;;;;Puffervorrangautomatik (für FWS);WAHL;3;;rw;23300;23301;1;;;;;Aus;Ein;;;;;;;;;;;;;;;;;;;
B105;frischwasser;;;;Kaskade FWS;BITFIELD;3;;rw;23385;23386;1;;;;;;;;;;;;;;;;;;;;;;;;;
B105a;system;;;;Zuschaltung ab;INT;3;;rw;21158;21159;1;%;50;100;5;;;;;;;;;;;;;;;;;;;;;
B105b;system;;;;Zeitverzögerung Zuschaltung;FLOAT;3;;rw;21159;21160;1;Sek;0.00;5.00;0.10;;;;;;;;;;;;;;;;;;;;;
B105c;system;;;;Abschaltung ab;INT;3;;rw;21161;21162;1;%;5;50;5;;;;;;;;;;;;;;;;;;;;;
B105d;frischwasser;;;;Frischwasserstation Kaskade Master;INT;3;;rw;21162;21163;1;;0;3;1;;;;;;;;;;;;;;;;;;;;;
B106;frischwasser_1;;;;Frischwasserstation 1;WAHL;3;;rw;21151;21152;1;;;;;Nicht vorhanden;Vorhanden;;;;;;;;;;;;;;;;;;;
B106b;frischwasser_1;B106;1;;Frischwasserstation 1 Pufferladung Starten;WAHL;3;;rw;21154;21155;1;;;;;Fühler FWS;Puffer oben;Puffer Mitte oben;Puffer Mitte;Puffer Mitte unten;;;;;;;;;;;;;;;;
B106c;frischwasser_1;B106;1;;Frischwasserstation 1 Puffer-Mindesttemperatur;INT;3;;rw;21155;21156;1;°C;0;100;1;;;;;;;;;;;;;;;;;;;;;
B107;frischwasser_1;B106;1;;Frischwasserstation 1 Zirkulationspumpe;WAHL;3;;rw;21163;21164;1;;;;;Nicht vorhanden;Vorhanden;"Dauerphase
(selbstlernende Pumpe)";;;;;;;;;;;;;;;;;;
B107a;frischwasser_1;B107;1,2;;Frischwasserstation 1 FWS Zirkulationspumpe Laufzeit;INT;3;;rw;21164;21165;1;Min;5;60;1;;;;;;;;;;;;;;;;;;;;;
B107b;frischwasser_1;B107;1,2;;Frischwasserstation 1 FWS Zirkulationspumpe Stillstandszeit;INT;3;;rw;21165;21166;1;Min;1;60;1;;;;;;;;;;;;;;;;;;;;;
B107c;frischwasser_1;B107;1,2;;Frischwasserstation 1 Durchfluss Zirkulationspumpe;FLOAT;3;;rw;21166;21167;1;l/min;0.00;50.00;0.00;;;;;;;;;;;;;;;;;;;;;
B107d;frischwasser_1;B107;1,2;;Frischwasserstation 1 FWS Zirkulationspumpe starten;WAHL;3;;rw;23452;23453;1;;;;;Nein;Ja;;;;;;;;;;;;;;;;;;;
B107e;frischwasser_1;B107;1,2;;Frischwasserstation 1 FWS Zirkulationspumpe Unterschreitung Auslauf-Solltemperatur;INT;3;;rw;24073;24074;1;°C;0;10;1;;;;;;;;;;;;;;;;;;;;;
B108;frischwasser_1;B106;1;;Frischwasserstation 1 Schüttleistung;WAHL;3;;rw;21168;21169;1;;;;;FWS 35 / HWS320;FWS 50;;;;;;;;;;;;;;;;;;;
B108a;frischwasser_1;B106;1;;Frischwasserstation 1 Position Vorlauffühler;WAHL;3;;rw;21169;21170;1;;;;;Puffer;Wärmetauscher;;;;;;;;;;;;;;;;;;;
B109;frischwasser_2;;;;Frischwasserstation 2;WAHL;3;;rw;23382;23383;1;;;;;Nicht vorhanden;Vorhanden;;;;;;;;;;;;;;;;;;;
B109b;frischwasser_2;B109;1;;Frischwasserstation 2 Pufferladung Starten;WAHL;3;;rw;23967;23968;1;;;;;Fühler FWS;Puffer oben;Puffer Mitte oben;Puffer Mitte;Puffer Mitte unten;;;;;;;;;;;;;;;;
B109c;frischwasser_2;B109;1;;Frischwasserstation 2 Puffer-Mindesttemperatur;INT;3;;rw;23968;23969;1;°C;0;100;1;;;;;;;;;;;;;;;;;;;;;
B110;frischwasser_2;B109;1;;Frischwasserstation 2 Zirkulationspumpe;WAHL;3;;rw;21172;21173;1;;;;;Nicht vorhanden;Vorhanden;"Dauerphase
(selbstlernende Pumpe)";;;;;;;;;;;;;;;;;;
B110a;frischwasser_2;B110;1,2;;Frischwasserstation 2 FWS Zirkulationspumpe Laufzeit;INT;3;;rw;21173;21174;1;Min;5;60;1;;;;;;;;;;;;;;;;;;;;;
B110b;frischwasser_2;B110;1,2;;Frischwasserstation 2 FWS Zirkulationspumpe Stillstandszeit;INT;3;;rw;21174;21175;1;Min;1;60;1;;;;;;;;;;;;;;;;;;;;;
B110c;frischwasser_2;B110;1,2;;Frischwasserstation 2 Durchfluss Zirkulationspumpe;FLOAT;3;;rw;21175;21176;1;l/min;0.00;50.00;0.00;;;;;;;;;;;;;;;;;;;;;
B110d;frischwasser_2;B110;1,2;;Frischwasserstation 2 FWS Zirkulationspumpe starten;WAHL;3;;rw;23453;23454;1;;;;;Nein;Ja;;;;;;;;;;;;;;;;;;;
B110e;frischwasser_2;B110;1,2;;Frischwasserstation 2 FWS Zirkulationspumpe Unterschreitung Auslauf-Solltemperatur;INT;3;;rw;24074;24075;1;°C;0;10;1;;;;;;;;;;;;;;;;;;;;;
B111;frischwasser_2;B109;1;;Frischwasserstation 2 Schüttleistung;WAHL;3;;rw;21177;21178;1;;;;;FWS 35 / HWS320;FWS 50;;;;;;;;;;;;;;;;;;;
B111a;frischwasser_2;B109;1;;Frischwasserstation 2 Position Vorlauffühler;WAHL;3;;rw;21178;21179;1;;;;;Puffer;Wärmetauscher;;;;;;;;;;;;;;;;;;;
B112;frischwasser_3;;;;Frischwasserstation 3;WAHL;3;;rw;23383;23384;1;;;;;Nicht vorhanden;Vorhanden;;;;;;;;;;;;;;;;;;;
B112b;frischwasser_3;B112;1;;Frischwasserstation 3 Pufferladung Starten;WAHL;3;;rw;23969;23970;1;;;;;Fühler FWS;Puffer oben;Puffer Mitte oben;Puffer Mitte;Puffer Mitte unten;;;;;;;;;;;;;;;;
B112c;frischwasser_3;B112;1;;Frischwasserstation 3 Puffer-Mindesttemperatur;INT;3;;rw;23970;23971;1;°C;0;100;1;;;;;;;;;;;;;;;;;;;;;
B113;frischwasser_3;B112;1;;Frischwasserstation 3 Zirkulationspumpe;WAHL;3;;rw;21181;21182;1;;;;;Nicht vorhanden;Vorhanden;"Dauerphase
(selbstlernende Pumpe)";;;;;;;;;;;;;;;;;;
B113a;frischwasser_3;B113;1,2;;Frischwasserstation 3 FWS Zirkulationspumpe Laufzeit;INT;3;;rw;21182;21183;1;Min;5;60;1;;;;;;;;;;;;;;;;;;;;;
B113b;frischwasser_3;B113;1,2;;Frischwasserstation 3 FWS Zirkulationspumpe Stillstandszeit;INT;3;;rw;21183;21184;1;Min;1;60;1;;;;;;;;;;;;;;;;;;;;;
B113c;frischwasser_3;B113;1,2;;Frischwasserstation 3 Durchfluss Zirkulationspumpe;FLOAT;3;;rw;21184;21185;1;l/min;0.00;50.00;0.00;;;;;;;;;;;;;;;;;;;;;
B113d;frischwasser_3;B113;1,2;;Frischwasserstation 3 FWS Zirkulationspumpe starten;WAHL;3;;rw;23454;23455;1;;;;;Nein;Ja;;;;;;;;;;;;;;;;;;;
B113e;frischwasser_3;B113;1,2;;Frischwasserstation 3 FWS Zirkulationspumpe Unterschreitung Auslauf-Solltemperatur;INT;3;;rw;24075;24076;1;°C;0;10;1;;;;;;;;;;;;;;;;;;;;;
B114;frischwasser_3;B112;1;;Frischwasserstation 3 Schüttleistung;WAHL;3;;rw;21186;21187;1;;;;;FWS 35 / HWS320;FWS 50;;;;;;;;;;;;;;;;;;;
B114a;frischwasser_3;B112;1;;Frischwasserstation 3 Position Vorlauffühler;WAHL;3;;rw;21187;21188;1;;;;;Puffer;Wärmetauscher;;;;;;;;;;;;;;;;;;;
B115;frischwasser_4;;;;Frischwasserstation 4;WAHL;3;;rw;23384;23385;1;;;;;Nicht vorhanden;Vorhanden;;;;;;;;;;;;;;;;;;;
B115b;frischwasser_4;B115;1;;Frischwasserstation 4 Pufferladung Starten;WAHL;3;;rw;23971;23972;1;;;;;Fühler FWS;Puffer oben;Puffer Mitte oben;Puffer Mitte;Puffer Mitte unten;;;;;;;;;;;;;;;;
B115c;frischwasser_4;B115;1;;Frischwasserstation 4 Puffer-Mindesttemperatur;INT;3;;rw;23972;23973;1;°C;0;100;1;;;;;;;;;;;;;;;;;;;;;
B116;frischwasser_4;B115;1;;Frischwasserstation 4 Zirkulationspumpe;WAHL;3;;rw;21190;21191;1;;;;;Nicht vorhanden;Vorhanden;"Dauerphase
(selbstlernende Pumpe)";;;;;;;;;;;;;;;;;;
B116a;frischwasser_4;B116;1,2;;Frischwasserstation 4 FWS Zirkulationspumpe Laufzeit;INT;3;;rw;21191;21192;1;Min;5;60;1;;;;;;;;;;;;;;;;;;;;;
B116b;frischwasser_4;B116;1,2;;Frischwasserstation 4 FWS Zirkulationspumpe Stillstandszeit;INT;3;;rw;21192;21193;1;Min;1;60;1;;;;;;;;;;;;;;;;;;;;;
B116c;frischwasser_4;B116;1,2;;Frischwasserstation 4 Durchfluss Zirkulationspumpe;FLOAT;3;;rw;21193;21194;1;l/min;0.00;50.00;0.00;;;;;;;;;;;;;;;;;;;;;
B116d;frischwasser_4;B116;1,2;;Frischwasserstation 4 FWS Zirkulationspumpe starten;WAHL;3;;rw;23455;23456;1;;;;;Nein;Ja;;;;;;;;;;;;;;;;;;;
B116e;frischwasser_4;B116;1,2;;Frischwasserstation 4 FWS Zirkulationspumpe Unterschreitung Auslauf-Solltemperatur;INT;3;;rw;24076;24077;1;°C;0;10;1;;;;;;;;;;;;;;;;;;;;;
B117;frischwasser_4;B115;1;;Frischwasserstation 4 Schüttleistung;WAHL;3;;rw;21195;21196;1;;;;;FWS 35 / HWS320;FWS 50;;;;;;;;;;;;;;;;;;;
B117a;frischwasser_4;B115;1;;Frischwasserstation 4 Position Vorlauffühler;WAHL;3;;rw;21196;21197;1;;;;;Puffer;Wärmetauscher;;;;;;;;;;;;;;;;;;;
C1a;system;;;;Rücklaufanhebung Rücklaufanhebung;WAHL;3;;rw;21593;21594;1;;;;;Nicht vorhanden;Bypasspumpe;Kesselzirkulationspumpe;RL-Mischer+FLP 1;RL-Mischer+Pufferp.;RL-Mischer+RL-Pumpe;;;;;;;;;;;;;;;
C1b;system;;;;Rücklaufmischer Mischerlaufzeit;INT;3;;rw;21594;21595;1;;;;;Sek;10;300;5;;;;;;;;;;;;;;;;;
C1c;system;;;;Bypasspumpe;WAHL;3;;rw;21864;21865;1;;;;;Standard;Hocheffizienz;;;;;;;;;;;;;;;;;;;
C2;zentralpuffer;;;;Zentralpuffer;WAHL;3;6;rw;20894;20895;1;;;;;Nicht vorhanden;Puffer mit HKV;Puffer mit 1F;Puffer mit 2F;Puffer mit 3F;Puffer mit 5F;;;;;;;;;;;;;;;
C2a;zentralpuffer;C2;1,2,3,4,5;1;Zentralpuffer Zentralpuffer Ladung automatisch;WAHL;3;6;rw;21779;21780;1;;;;;Nein;Ja;;;;;;;;;;;;;;;;;;;
C2b;zentralpuffer;C2;1,2,3,4,5;;Zentralpuffer Zentralpuffer Volumen;INT32;3;;rw;21199;21200;1;l;0;100000;1;;;;;;;;;;;;;;;;;;;;;
C2c;zentralpuffer;C2;1,2,3,4,5;1;Pufferladung Zentralpuffer Anzeige Füllgrad;WAHL;3;;rw;21201;21202;1;;;;;Nein;Ja;;;;;;;;;;;;;;;;;;;
C3;zentralpuffer;C2;1,2,3,4,5;;Zentralpuffer Auswahl Boiler am Zentralpuffer;WAHL;3;;rw;20895;20896;1;;;;;"Puffer/Boiler
intern";"Puffer/Boiler
extern";"Puffer/
Frischwasserstation";;;;;;;;;;;;;;;;;;
C3a;zentralpuffer;C2;1,2,3,4,5;;Zentralpuffer Fühlerauswahl Zentralpuffer;WAHL;3;;rw;20896;20897;1;;;;;Pufferfühler Kessel;Pufferfühler HKM 1;Pufferfühler HKM 2;;;;;;;;;;;;;;;;;;
C3b;zentralpuffer;C2;1,2,3,4,5;;Pufferladung Zentralpuffer interner Boiler;WAHL;3;;rw;21202;21203;1;;;;;Boiler A;Boiler 1;Boiler 2;Boiler 3;Boiler B;;;;;;;;;;;;;;;;
C3c;zentralpuffer;C2;1,2,3,4,5;;Zentralpuffer Auswahl Ausgang für Pumpen / Zonenventil Zentralpuffer;WAHL;3;;rw;23973;23974;1;;;;;Störungslampe;;;;;;;;;;;;;;;;;;;;
C4;zentralpuffer;C2;1,2,3,4,5;;Zentralpufferladung beenden bei Temperatur;INT;3;;rw;20899;20900;1;°C;20;80;1;;;;;;;;;;;;;;;;;;;;;
C4_P;zentralpuffer;C2;1,2,3,4,5;;Zentralpufferladung beenden bei Temperatur;INT;3;;rw;21865;21866;1;°C;20;80;1;;;;;;;;;;;;;;;;;;;;;
C4a;zentralpuffer;C2;1,2,3,4,5;;Zentralpuffer minimale Kessel-Solltemperatur bei Pufferladung;INT;3;;rw;20900;20901;1;°C;48;85;1;;;;;;;;;;;;;;;;;;;;;
C4b;fremdwaerme;C9;1,2;;Zentralpuffer Fühler für Beenden der Zentralpufferladung (auf Grund Warmwasserbereitung, Solar, Fremdwärmebetrieb):;WAHL;3;;rw;20901;20902;1;;;;;Puffer unten;Puffer oben;Puffer Mitte oben;Puffer Mitte;Puffer Mitte unten;Boilerfühler;;;;;;;;;;;;;;;
C4c;zentralpuffer;C2;1,2,3,4,5;;Zentralpuffer Puffer-Mindesttemperatur (Fühler oben);INT;3;;rw;20902;20903;1;°C;0;60;1;;;;;;;;;;;;;;;;;;;;;
C4c1;zentralpuffer;C2;1,2,3,4,5;;Zentralpuffer Tagesuhr Zentralpuffer Mindesttemp.;TPROG;3;16;rw;21204;21205;1;;;;;;;;;;;;;;;;;;;;;;;;;
C4d;zentralpuffer;C2;1,2,3,4,5;;Zentralpuffer Leistungsreduktion bei Füllgrad über;INT;3;;rw;21597;21598;1;%;65;100;1;;;;;;;;;;;;;;;;;;;;;
C4e;zentralpuffer;C2;1,2,3,4,5;;Zentralpuffer Fehlererkennung Pufferfühler unten nach (0=deaktiviert);INT;3;;rw;21598;21599;1;Min;0;60;1;;;;;;;;;;;;;;;;;;;;;
C4f;zentralpuffer;C2;1,2,3,4,5;;Zentralpuffer Wiederaufnahme Leistungsbrand bei Pufferbefüllgrad unter (100=inaktiv);INT;3;;rw;24350;24351;1;%;0;100;1;;;;;;;;;;;;;;;;;;;;;
C5;zentralpuffer;C2;1,2,3,4,5;;Wochenuhr Zwangsladung Zentralpuffer;WPROG;3;16;rw;21208;21209;1;;;;;;;;;;;;;;;;;;;;;;;;;
C5a;zentralpuffer;C2;1,2,3,4,5;;Pufferzwangsladung Wochenuhr Keine Pufferzwangsladung bei Außentemperatur über;INT;3;;rw;21213;21214;1;°C;-20;85;1;;;;;;;;;;;;;;;;;;;;;
C5c;zentralpuffer;C2;1,2,3,4,5;;Kesselleistung bei Pufferladung Kesselleistung bei Pufferladung;INT;3;;rw;23299;23300;1;%;30;100;1;;;;;;;;;;;;;;;;;;;;;
C6;system;;;;Externer Heizkreis Solltemperatur;WAHL;3;;rw;20904;20905;1;;;;;Einstellwert;Analog;;;;;;;;;;;;;;;;;;;
C6a;system;;;;Externer Heizkreis Solltemperatur;INT;3;;rw;20905;20906;1;°C;1;84;1;;;;;;;;;;;;;;;;;;;;;
C7;system;;;;Funktion Klemme 83;WAHL;3;;rw;21866;21867;1;;;;;Störlampe;Externe Pumpe;Fernleitung 1;;;;;;;;;;;;;;;;;;
C8;system;;;;Externe Heizkreise an FLP;WAHL;3;;rw;20906;20907;1;;;;;keine Fernleitung;mit Fernleitung 1;geregelte Fernleitung 1;geregelte Fernleitung 2;;;;;;;;;;;;;;;;;
C9;fremdwaerme;;;;Fremdwärme;WAHL;3;;rw;20908;20909;1;;;;;Nicht vorhanden;Öl/Gas;Festbrennstoff;;;;;;;;;;;;;;;;;;
C30;zusatzpuffer_hkm1;;;;Zusatzpuffer HKM1 Zusatzpuffer HKM1;WAHL;3;;rw;23869;23870;1;;;;;Nicht vorhanden;Puffer mit HKV;Puffer mit 1F;Puffer mit 2F;Puffer mit 3F;Puffer mit 5F;;;;;;;;;;;;;;;
C31e;zusatzpuffer_hkm1;C30;1,2,3,4,5;;Zusatzpuffer HKM1 Zusatzpuffer HKM1 Volumen;INT32;3;;rw;23876;23877;1;l;0;100000;1;;;;;;;;;;;;;;;;;;;;;
C31f;zusatzpuffer_hkm1;C30;1,2,3,4,5;;Zusatzpuffer HKM1 Zusatzpuffer HKM1 Anzeige Füllgrad;WAHL;3;;rw;23881;23882;1;;;;;Nein;Ja;;;;;;;;;;;;;;;;;;;
C32;zusatzpuffer_hkm1;C30;1,2,3,4,5;;Zusatzpuffer HKM1 Auswahl Boiler am Zusatzpuffer HKM1;WAHL;3;;rw;23884;23885;1;;;;;"Puffer/Boiler
intern";"Puffer/Boiler
extern";;;;;;;;;;;;;;;;;;;
C33;zusatzpuffer_hkm1;C30;1,2,3,4,5;;Zusatzpuffer HKM1 Zusatzpuffer HKM1 Ladung beenden bei Temperatur;INT;3;;rw;23887;23888;1;°C;20;80;1;;;;;;;;;;;;;;;;;;;;;
C33a;zusatzpuffer_hkm1;C30;1,2,3,4,5;;"Zusatzpuffer HKM1 minimale Wärmequelle-
Solltemperatur bei Pufferladung";INT;3;;rw;23890;23891;1;°C;20;80;1;;;;;;;;;;;;;;;;;;;;;
C33b;zusatzpuffer_hkm1;C30;1,2,3,4,5;;Zusatzpuffer HKM1 Zusatzpuffer HKM1 Ladung bei jedem Kesselstart;WAHL;3;;rw;23894;23895;1;;;;;Nein;Ja;Ja, wenn Anf. vorh.;;;;;;;;;;;;;;;;;;
C33c;zusatzpuffer_hkm1;C30;1,2,3,4,5;;Zusatzpuffer HKM1 Zusatzpuffer HKM1 Fühler für Beenden der Ladung (auf Grund Warmwasserbereitung);WAHL;3;;rw;23897;23898;1;;;;;Puffer unten;Puffer oben;Puffer Mitte oben;Puffer Mitte;Puffer Mitte unten;Boilerfühler;;;;;;;;;;;;;;;
C33d;zusatzpuffer_hkm1;C30;1,2,3,4,5;;Zusatzpuffer HKM1 Puffer-Mindesttemperatur (Fühler oben);INT;3;;rw;23900;23901;1;°C;0;90;1;;;;;;;;;;;;;;;;;;;;;
C33e;zusatzpuffer_hkm1;C30;1,2,3,4,5;;Zusatzpuffer HKM1 Zusatzpuffer HKM1 Tagesuhr Mindesttemp.;TPROG;3;16;rw;23906;23907;1;;;;;;;;;;;;;;;;;;;;;;;;;
C33f;zusatzpuffer_hkm1;C30;1,2,3,4,5;;Zusatzpuffer HKM1 Leistungsreduktion bei Füllgrad über;INT;3;;rw;23915;23916;1;%;65;100;1;;;;;;;;;;;;;;;;;;;;;
C33g;zusatzpuffer_hkm1;C30;1,2,3,4,5;;Zusatzpuffer HKM1 Zusatzpuffer HKM1 Differenzregelung;WAHL;3;;rw;23872;23873;1;;;;;Nein;Ja;;;;;;;;;;;;;;;;;;;
C34;zusatzpuffer_hkm1;C30;1,2,3,4,5;;Zusatzpuffer HKM1 Wochenuhr Zwangsladung Puffer HKM1;WPROG;3;16;rw;23925;23926;1;;;;;;;;;;;;;;;;;;;;;;;;;
C34a;zusatzpuffer_hkm1;C30;1,2,3,4,5;;Zusatzpuffer HKM1 Keine Pufferzwangsladung bei Außentemperatur über;INT;3;;rw;23936;23937;1;°C;-20;85;1;;;;;;;;;;;;;;;;;;;;;
C34b;zusatzpuffer_hkm1;C30;1,2,3,4,5;;Zusatzpuffer HKM1 Kesselleistung bei Pufferladung;INT;3;;rw;23939;23940;1;%;30;100;1;;;;;;;;;;;;;;;;;;;;;
C35;zusatzpuffer_hkm1;C30;1,2,3,4,5;;Zusatzpuffer HKM1 Auswahl Ausgang für Pumpen / Zonenventil Zusatzpuffer HKM1;WAHL;3;;rw;23942;23943;1;;;;;Nicht vorhanden;"Störungslampe
(Klemme-Nr. 35)";"Externe Pumpe 2
(Klemme-Nr. 36)";;;;;;;;;;;;;;;;;;
C36;zusatzpuffer_hkm1;C30;1,2,3,4,5;;Zusatzpuffer HKM1 Zusatzpuffer HKM1 an Fernleitung;WAHL;3;;rw;23945;23946;1;;;;;Nein;Fernleitung 1;"geregelte 
Fernleitung 1";"geregelte 
Fernleitung 2";;;;;;;;;;;;;;;;;
C40;zusatzpuffer_hkm2;;;;Zusatzpuffer HKM2 Zusatzpuffer HKM2;WAHL;3;;rw;23870;23871;1;;;;;Nicht vorhanden;Puffer mit HKV;Puffer mit 1F;Puffer mit 2F;Puffer mit 3F;Puffer mit 5F;;;;;;;;;;;;;;;
C41e;zusatzpuffer_hkm2;C40;1,2,3,4,5;;Zusatzpuffer HKM2 Zusatzpuffer HKM2 Volumen;INT32;3;;rw;23878;23879;1;l;0;100000;1;;;;;;;;;;;;;;;;;;;;;
C41f;zusatzpuffer_hkm2;C40;1,2,3,4,5;;Zusatzpuffer HKM2 Zusatzpuffer HKM2 Anzeige Füllgrad;WAHL;3;;rw;23882;23883;1;;;;;Nein;Ja;;;;;;;;;;;;;;;;;;;
C42;zusatzpuffer_hkm2;C40;1,2,3,4,5;;Zusatzpuffer HKM2 Auswahl Boiler am Zusatzpuffer HKM2;WAHL;3;;rw;23885;23886;1;;;;;"Puffer/Boiler
intern";"Puffer/Boiler
extern";;;;;;;;;;;;;;;;;;;
C43;zusatzpuffer_hkm2;C40;1,2,3,4,5;;Zusatzpuffer HKM2 Zusatzpuffer HKM2 Ladung beenden bei Temperatur;INT;3;;rw;23888;23889;1;°C;20;80;1;;;;;;;;;;;;;;;;;;;;;
C43a;zusatzpuffer_hkm2;C40;1,2,3,4,5;;"Zusatzpuffer HKM2 minimale Wärmequelle-
Solltemperatur bei Pufferladung";INT;3;;rw;23891;23892;1;°C;20;80;1;;;;;;;;;;;;;;;;;;;;;
C43b;zusatzpuffer_hkm2;C40;1,2,3,4,5;;Zusatzpuffer HKM2 Zusatzpuffer HKM2 Ladung bei jedem Kesselstart;WAHL;3;;rw;23895;23896;1;;;;;Nein;Ja;Ja, wenn Anf. vorh.;;;;;;;;;;;;;;;;;;
C43c;zusatzpuffer_hkm2;C40;1,2,3,4,5;;Zusatzpuffer HKM2 Zusatzpuffer HKM2 Fühler für Beenden der Ladung (auf Grund Warmwasserbereitung);WAHL;3;;rw;23898;23899;1;;;;;Puffer unten;Puffer oben;Puffer Mitte oben;Puffer Mitte;Puffer Mitte unten;Boilerfühler;;;;;;;;;;;;;;;
C43d;zusatzpuffer_hkm2;C40;1,2,3,4,5;;Zusatzpuffer HKM2 Puffer-Mindesttemperatur (Fühler oben);INT;3;;rw;23901;23902;1;°C;0;90;1;;;;;;;;;;;;;;;;;;;;;
C43e;zusatzpuffer_hkm2;C40;1,2,3,4,5;;Zusatzpuffer HKM2 Zusatzpuffer HKM2 Tagesuhr Mindesttemp.;TPROG;3;16;rw;23910;23911;1;;;;;;;;;;;;;;;;;;;;;;;;;
C43f;zusatzpuffer_hkm2;C40;1,2,3,4,5;;Zusatzpuffer HKM2 Leistungsreduktion bei Füllgrad über;INT;3;;rw;23916;23917;1;%;65;100;1;;;;;;;;;;;;;;;;;;;;;
C43g;zusatzpuffer_hkm2;C40;1,2,3,4,5;;Zusatzpuffer HKM2 Zusatzpuffer HKM2 Differenzregelung;WAHL;3;;rw;23873;23874;1;;;;;Nein;Ja;;;;;;;;;;;;;;;;;;;
C44;zusatzpuffer_hkm2;C40;1,2,3,4,5;;Zusatzpuffer HKM2 Wochenuhr Zwangsladung Puffer HKM2;WPROG;3;16;rw;23930;23931;1;;;;;;;;;;;;;;;;;;;;;;;;;
C44a;zusatzpuffer_hkm2;C40;1,2,3,4,5;;Zusatzpuffer HKM2 Keine Pufferzwangsladung bei Außentemperatur über;INT;3;;rw;23937;23938;1;°C;-20;85;1;;;;;;;;;;;;;;;;;;;;;
C44b;zusatzpuffer_hkm2;C40;1,2,3,4,5;;Zusatzpuffer HKM2 Kesselleistung bei Pufferladung;INT;3;;rw;23940;23941;1;%;30;100;1;;;;;;;;;;;;;;;;;;;;;
C45;zusatzpuffer_hkm2;C40;1,2,3,4,5;;Zusatzpuffer HKM2 Auswahl Ausgang für Pumpen / Zonenventil Zusatzpuffer HKM2;WAHL;3;;rw;23943;23944;1;;;;;Nicht vorhanden;"Störungslampe
(Klemme-Nr. 35)";"Externe Pumpe 3
(Klemme-Nr. 36)";;;;;;;;;;;;;;;;;;
C46;zusatzpuffer_hkm2;C40;1,2,3,4,5;;Zusatzpuffer HKM2 Zusatzpuffer HKM2 an Fernleitung;WAHL;3;;rw;23946;23947;1;;;;;Nein;Fernleitung 1;"geregelte 
Fernleitung 1";"geregelte 
Fernleitung 2";;;;;;;;;;;;;;;;;
CV1;kessel;D4;1;;Verbraucher am Kessel;BITFIELD;3;;rw;23963;23964;1;;;;;;;;;;;;;;;;;;;;;;;;;
CV1a;kessel;D4;1;;Verbraucher am Kessel;BITFIELD;3;;rw;23965;23966;1;;;;;;;;;;;;;;;;;;;;;;;;;
CV3;zentralpuffer;C2;1,2,3,4,5;;Verbraucher am Zentralpuffer;BITFIELD;3;;rw;23959;23960;1;;;;;;;;;;;;;;;;;;;;;;;;;
CV3a;zentralpuffer;C2;1,2,3,4,5;;Verbraucher am Zentralpuffer;BITFIELD;3;;rw;23961;23962;1;;;;;;;;;;;;;;;;;;;;;;;;;
CV5;zusatzpuffer_hkm1;C30;1,2,3,4,5;;Verbraucher am Zusatzpuffer HKM1;BITFIELD;3;;rw;23951;23952;1;;;;;;;;;;;;;;;;;;;;;;;;;
CV5a;zusatzpuffer_hkm1;C30;1,2,3,4,5;;Verbraucher am Zusatzpuffer HKM1;BITFIELD;3;;rw;23953;23954;1;;;;;;;;;;;;;;;;;;;;;;;;;
CV6;zusatzpuffer_hkm2;C40;1,2,3,4,5;;Verbraucher am Zusatzpuffer HKM2;BITFIELD;3;;rw;23955;23956;1;;;;;;;;;;;;;;;;;;;;;;;;;
CV6a;zusatzpuffer_hkm2;C40;1,2,3,4,5;;Verbraucher am Zusatzpuffer HKM2;BITFIELD;3;;rw;23957;23958;1;;;;;;;;;;;;;;;;;;;;;;;;;
D1;system;;;;Betriebsart;WAHL;3;;rw;21651;21652;1;;;;;Handbefüllung;"Saugen + Schnecke
(RAS)";Direktschnecke (RAD);Punktabsaugung;"Schnecke +
Behälter";"Maulwurf Schellinger
Classic";"Maulwurf Schellinger
E3";;;;;;;;;;;;;;
D1a;umschalteinheit;;;;Umschalteinheit Umschalteinheit;WAHL;3;;rw;21652;21653;1;;;;;Nicht vorhanden;2-fach;3-fach;4-fach;6-fach;8-fach;;;;;;;;;;;;;;;
D1b;umschalteinheit;D1a;1,2,3,4,5;;Umschalteinheit Positionswechsel nach:;INT;3;;rw;21653;21654;1;Tage;0;990;1;;;;;;;;;;;;;;;;;;;;;
D1c;system;;;;Handbefüllung;WAHL;3;;rw;21867;21868;1;;;;;"mit
Füllstandsüberwachung";"ohne
Füllstandsüberwachung";;;;;;;;;;;;;;;;;;;
D1d;umschalteinheit;D1a;1,2,3,4,5;;Umschalteinheit Umschalteinheit;WAHL;3;;rw;21787;21788;1;;;;;Belimo (AUE);Schrittmotor (AUP);;;;;;;;;;;;;;;;;;;
D1e;kessel;D4;1;;Erster Saugvorgang nach Lagerraum füllen;WAHL;3;;rw;21788;21789;1;;;;;aktuelle Position;Position 1;;;;;;;;;;;;;;;;;;;
D1f;system;;;;Verbrauchsanzeige;WAHL;3;;rw;21595;21596;1;;;;;Nicht vorhanden;Vorhanden;;;;;;;;;;;;;;;;;;;
D1g;system;;;;Raumluftunabhängiger Betrieb;WAHL;3;;rw;21868;21869;1;;;;;Aus;Ein;;;;;;;;;;;;;;;;;;;
D1h;system;;;;HKM 1 Anzeige HKM-Ansicht;BITFIELD;3;;rw;21215;21216;1;;;;;;;;;;;;;;;;;;;;;;;;;
D1ha;system;;;;HKM 1 Anzeige HKM-Ansicht;BITFIELD;3;;rw;23974;23975;1;;;;;;;;;;;;;;;;;;;;;;;;;
D1i;system;;;;HKM 2 Anzeige HKM-Ansicht;BITFIELD;3;;rw;21217;21218;1;;;;;;;;;;;;;;;;;;;;;;;;;
D1ia;system;;;;HKM 2 Anzeige HKM-Ansicht;BITFIELD;3;;rw;23976;23977;1;;;;;;;;;;;;;;;;;;;;;;;;;
D1j;umschalteinheit;D1a;1,2,3,4,5;;AUP Positionen Sperre;BITFIELD;3;;rw;21789;21790;1;;;;;;;;;;;;;;;;;;;;;;;;;
D1k;umschalteinheit;D1a;1,2,3,4,5;;AUP Positionen Leer;BITFIELD;3;;rw;21791;21792;1;;;;;;;;;;;;;;;;;;;;;;;;;
D2;witterung;;;;Frostschutz Ein unter Außentemperatur;INT;3;;rw;20909;20910;1;°C;-30;20;1;;;;;;;;;;;;;;;;;;;;;
D3;kessel;D4;1;;Frostschutz Vorlauf-Solltemperatur HK;INT;3;;rw;20910;20911;1;°C;1;30;1;;;;;;;;;;;;;;;;;;;;;
D4;kessel;;;;Lambdasonde;WAHL;3;;rw;21869;21870;1;;;;;Nicht vorhanden;Vorhanden;;;;;;;;;;;;;;;;;;;
D5;system;;;;Umschaltung Tagabsenkung;TPROG;3;16;rw;20911;20912;1;;;;;;;;;;;;;;;;;;;;;;;;;
D6;kessel;D4;1;;Freigabe Putzeinrichtung;TPROG;3;16;rw;21870;21871;1;;;;;;;;;;;;;;;;;;;;;;;;;
D7;system;;;;Alle Heizkreise Sommerabschaltung Sperrzeit;INT;3;;rw;20915;20916;1;Min;0;240;10;;;;;;;;;;;;;;;;;;;;;
D8;system;;;;Sommerzeit;WAHL;3;;rw;20916;20917;1;;;;;keine  Umschaltung;autom. Umschaltung;;;;;;;;;;;;;;;;;;;
D9;system;;;;Tagesuhr/Wochenuhr;WAHL;3;;rw;20917;20918;1;;;;;Tagesuhr;Wochenuhr;HK+Boiler Wochenuhr;;;;;;;;;;;;;;;;;;
D10;system;;;;Anzahl der Blöcke für Wochenuhr;INT;3;;rw;20918;20919;1;;1;7;1;;;;;;;;;;;;;;;;;;;;;
D11;system;;;;Urlaubsschaltung;WAHL;3;;rw;20919;20920;1;;;;;getrennt;alle HK gemeinsam;;;;;;;;;;;;;;;;;;;
D12;witterung;;;;Außentemperatur-Abschaltung;WAHL;3;;rw;20920;20921;1;;;;;getrennt;alle HK gemeinsam;;;;;;;;;;;;;;;;;;;
D13;system;;;;Außenfühler;WAHL;3;;rw;20921;20922;1;;;;;"Nicht vorhanden
(ohne Kesselfrostschutz)";Vorhanden;"Nicht vorhanden
(mit Kesselfrostschutz)";Modbus;KNX;;;;;;;;;;;;;;;;
D17;system;;;;"Datenaufzeichnung
(SD)";WAHL;3;;rw;20922;20923;1;;;;;Nein;Ja;;;;;;;;;;;;;;;;;;;
D20;system;;;;Fühlertype;WAHL;3;;rw;21874;21875;1;;;;;KTY;PT1000;;;;;;;;;;;;;;;;;;;
D23;system;;;;Info / Verlauf;WAHL;3;;rw;21580;21581;1;;;;;Nicht anzeigen;Anzeigen;;;;;;;;;;;;;;;;;;;
D23g;system;;;;Wärmemenge;WAHL;3;;rw;21784;21785;1;;;;;Nicht anzeigen;Anzeigen;;;;;;;;;;;;;;;;;;;
D23h;system;;;;Pumpenstärke;FLOAT;3;;rw;21785;21786;1;l/h;0.00;10000.00;0.10;;;;;;;;;;;;;;;;;;;;;
D24;system;;;;Modbus aktiviert;WAHL;3;;rw;20926;20927;1;;;;;Nein;Ja;;;;;;;;;;;;;;;;;;;
D24a;system;;;;Fühler über Modbus;BITFIELD;3;;rw;24297;24298;1;;;;;;;;;;;;;;;;;;;;;;;;;
D25;knx;;;;KNX aktiviert;WAHL;3;;rw;21222;21223;1;;;;;Nein;Ja;;;;;;;;;;;;;;;;;;;
D25a;knx;;;;KNX geänderte Daten senden nach;INT;3;;rw;21223;21224;1;Sek;0;300;1;;;;;;;;;;;;;;;;;;;;;
D25b;knx;;;;KNX alle Daten senden nach;INT;3;;rw;21224;21225;1;Min;0;60;1;;;;;;;;;;;;;;;;;;;;;
D25c;knx;;;;KNX geänderte Daten senden bei Wertänderung größer;FLOAT;3;;rw;23314;23315;1;;0.10;5.00;0.10;;;;;;;;;;;;;;;;;;;;;
D32;fernleitung;;;;geregelte Fernleitung 1 Geregelte Fernleitung Überhöhung;INT;3;;rw;20927;20928;1;°C;0;20;1;;;;;;;;;;;;;;;;;;;;;
D33;fernleitung;;;;geregelte Fernleitung 1 Mischerlaufzeit;INT;3;;rw;20928;20929;1;Sek;10;300;5;;;;;;;;;;;;;;;;;;;;;
D34;fernleitung;;;;geregelte Fernleitung 2 Geregelte Fernleitung Überhöhung;INT;3;;rw;21847;21848;1;°C;0;20;1;;;;;;;;;;;;;;;;;;;;;
D35;fernleitung;;;;geregelte Fernleitung 2 Mischerlaufzeit;INT;3;;rw;21848;21849;1;Sek;10;300;5;;;;;;;;;;;;;;;;;;;;;
D40;system;;;;Lagerstand;INT;3;;rw;21654;21655;1;;0;32000;1;;;;;;;;;;;;;;;;;;;;;
D40a;system;;;;Funktion Klemme 41/42;WAHL;3;;rw;21875;21876;1;;;;;Lagerraumschalter;externe Störung;externe Info;;;;;;;;;;;;;;;;;;
D40b;system;;;;Lagerraumschalter Startverhalten;WAHL;3;;rw;21793;21794;1;;;;;Automatisch;Manuell;;;;;;;;;;;;;;;;;;;
D42a;kessel;D4;1;1;Eingang externe Störung;WAHL;3;;rw;21226;21227;1;;;;;Öffner;Schließer;;;;;;;;;;;;;;;;;;;
D44a;system;;;;Eingang externe Info;WAHL;3;;rw;21227;21228;1;;;;;Öffner;Schließer;;;;;;;;;;;;;;;;;;;
D45;system;;;;Betriebsmeldeausgang;WAHL;3;;rw;21876;21877;1;;;;;Inaktiv;Klemme 78;Klemme 81;;;;;;;;;;;;;;;;;;
D46;system;;;;Ausgang Heizkreisventil;WAHL;3;;rw;21877;21878;1;;;;;Inaktiv;Klemme 78;Klemme 81;;;;;;;;;;;;;;;;;;
D50;kessel;D4;1;1;Manuelle Entaschung Kunde;WAHL;3;;rw;21803;21804;1;;;;;Nicht vorhanden;Vorhanden;;;;;;;;;;;;;;;;;;;
D51;kessel;D4;1;1;Kessel geplante Entaschung Kunde;WAHL;3;;rw;21804;21805;1;;;;;Nicht vorhanden;Vorhanden;;;;;;;;;;;;;;;;;;;
D65;system;;;;Störausgang;WAHL;3;;rw;21238;21239;1;;;;;Störung & Info;Störung;;;;;;;;;;;;;;;;;;;
D66;system;;;;HK/Boiler auf Standardseite;BITFIELD;3;;rw;21239;21240;1;;;;;;;;;;;;;;;;;;;;;;;;;
D71;kessel;D4;1;;Pumpe Ein bei Frostschutz;BITFIELD;3;;rw;21241;21242;1;;;;;;;;;;;;;;;;;;;;;;;;;
D72;kessel;D4;1;;Pumpe Ein bei Frostschutz;BITFIELD;3;;rw;21243;21244;1;;;;;;;;;;;;;;;;;;;;;;;;;
D73;kessel;D4;1;;Frostschutz Kesselfrostschutz wenn TK oder RL kleiner;INT;3;;rw;21245;21246;1;°C;-10;50;1;;;;;;;;;;;;;;;;;;;;;
D75;system;;;;Funktion Klemme 62/63;WAHL;3;;rw;21246;21247;1;;;;;ATW;externe Sperre;;;;;;;;;;;;;;;;;;;
D77;kessel;D4;1;;Kessel Systemdrucküberwachung;WAHL;3;;rw;21794;21795;1;;;;;Deaktiviert;Aktiviert;;;;;;;;;;;;;;;;;;;
D77a;kessel;D4;1;;Kessel Info wenn Wasserdruck unter (0=deaktiviert);FLOAT;3;;rw;21795;21796;1;bar;0.00;4.00;0.10;;;;;;;;;;;;;;;;;;;;;
D77b;kessel;D4;1;;Kessel Störung wenn Wasserdruck unter (0=deaktiviert);FLOAT;3;;rw;21797;21798;1;bar;0.00;4.00;0.10;;;;;;;;;;;;;;;;;;;;;
D77c;kessel;D4;1;;Kessel Info wenn Wasserdruck über (0=deaktiviert);FLOAT;3;;rw;21799;21800;1;bar;0.00;10.00;0.10;;;;;;;;;;;;;;;;;;;;;
D77d;kessel;D4;1;;Kessel Störung wenn Wasserdruck über (0=deaktiviert);FLOAT;3;;rw;21801;21802;1;bar;0.00;10.00;0.10;;;;;;;;;;;;;;;;;;;;;
D80;fremdwaerme;C9;1,2;;Zentralpuffer Solar/Fremdwärmebetrieb;WAHL;3;;rw;22873;22874;1;;;;;Nicht vorhanden;Vorhanden;;;;;;;;;;;;;;;;;;;
D80a;zentralpuffer;D80;1;;Zentralpuffer Solar/Fremdwärmebetrieb;TPROG;3;16;rw;23387;23388;1;;;;;;;;;;;;;;;;;;;;;;;;;
D80b;zentralpuffer;D80;1;;Zentralpuffer Heizkreisunterschreitung;INT;3;;rw;23324;23325;1;°C;0;20;1;;;;;;;;;;;;;;;;;;;;;
D80c;zentralpuffer;D80;1;;Zentralpuffer Max. Anzahl der Leistungsbrände (<30 Min) bis zur Puffer Durchladung (0=deaktiviert);INT;3;;rw;23406;23407;1;;0;20;1;;;;;;;;;;;;;;;;;;;;;
D80d;zentralpuffer;D80;1;;Zentralpuffer Solar/Fremdwärmebetrieb aktivieren;WAHL;3;;rw;23405;23406;1;;;;;Deaktiviert;Aktiviert;;;;;;;;;;;;;;;;;;;
D82;fremdwaerme;C9;1,2;;Zusatzpuffer HKM1 Solar/Fremdwärmebetrieb;WAHL;3;;rw;24274;24275;1;;;;;Nicht vorhanden;Vorhanden;;;;;;;;;;;;;;;;;;;
D82a;zusatzpuffer_hkm1;D82;1;;Zusatzpuffer HKM1 Solar/Fremdwärmebetrieb;TPROG;3;16;rw;24280;24281;1;;;;;;;;;;;;;;;;;;;;;;;;;
D82b;zusatzpuffer_hkm1;D82;1;;Zusatzpuffer HKM1 Heizkreisunterschreitung;INT;3;;rw;24289;24290;1;°C;0;20;1;;;;;;;;;;;;;;;;;;;;;
D82c;zusatzpuffer_hkm1;D82;1;;Zusatzpuffer HKM1 Max. Anzahl der Leistungsbrände (<30 Min) bis zur Puffer Durchladung (0=deaktiviert);INT;3;;rw;24292;24293;1;;0;20;1;;;;;;;;;;;;;;;;;;;;;
D82d;zusatzpuffer_hkm1;D82;1;;Zusatzpuffer HKM1 Solar/Fremdwärmebetrieb aktivieren;WAHL;3;;rw;24295;24296;1;;;;;Deaktiviert;Aktiviert;;;;;;;;;;;;;;;;;;;
D83;fremdwaerme;C9;1,2;;Zusatzpuffer HKM2 Solar/Fremdwärmebetrieb;WAHL;3;;rw;24275;24276;1;;;;;Nicht vorhanden;Vorhanden;;;;;;;;;;;;;;;;;;;
D83a;zusatzpuffer_hkm2;D83;1;;Zusatzpuffer HKM2 Solar/Fremdwärmebetrieb;TPROG;3;16;rw;24284;24285;1;;;;;;;;;;;;;;;;;;;;;;;;;
D83b;zusatzpuffer_hkm2;D83;1;;Zusatzpuffer HKM2 Heizkreisunterschreitung;INT;3;;rw;24290;24291;1;°C;0;20;1;;;;;;;;;;;;;;;;;;;;;
D83c;zusatzpuffer_hkm2;D83;1;;Zusatzpuffer HKM2 Max. Anzahl der Leistungsbrände (<30 Min) bis zur Puffer Durchladung (0=deaktiviert);INT;3;;rw;24293;24294;1;;0;20;1;;;;;;;;;;;;;;;;;;;;;
D83d;zusatzpuffer_hkm2;D83;1;;Zusatzpuffer HKM2 Solar/Fremdwärmebetrieb aktivieren;WAHL;3;;rw;24296;24297;1;;;;;Deaktiviert;Aktiviert;;;;;;;;;;;;;;;;;;;
D90;kessel;D4;1;;eCleaner eCleaner;WAHL;3;;rw;24023;24024;1;;;;;Deaktiviert;Aktiviert;;;;;;;;;;;;;;;;;;;
F1;kaskade;;;;Kaskade;WAHL;3;;rw;21657;21658;1;;;;;Nicht vorhanden;Vorhanden;;;;;;;;;;;;;;;;;;;
F2;kaskade;F1;1;;Kaskade Kaskade - Adresse;WAHL;3;;rw;21658;21659;1;;;;;A;B;C;D;;;;;;;;;;;;;;;;;
F3;kaskade;F1;1;;Kaskade Kaskade - Priorität;WAHL;3;;rw;21659;21660;1;;;;;P 1;P 2;P 3;P 4;P 5;P 6;;;;;;;;;;;;;;;
F4;kaskade;F1;1;;Kaskade Kaskade - Puffer;WAHL;3;;rw;21660;21661;1;;;;;hydraulische Weiche;Puffer (Boiler intern);Puffer (Boiler extern);;;;;;;;;;;;;;;;;;
F4a;kaskade;F1;1;;Kaskade Puffer;WAHL;3;;rw;21661;21662;1;;;;;Nicht vorhanden;Puffer mit HKV;Puffer mit 1F;Puffer mit 2F;Puffer mit 3F;Puffer mit 5F;;;;;;;;;;;;;;;
F6;kaskade;F1;1;;Kaskade Anzahl Folgekessel (Fremdkessel ausgeschlossen);INT;3;;rw;21662;21663;1;;0;3;1;;;;;;;;;;;;;;;;;;;;;
F6b;kaskade;F1;1;;Kaskade gleichzeitige Modulation;INT;3;;rw;21808;21809;1;;1;4;1;;;;;;;;;;;;;;;;;;;;;
F6c;kaskade;F1;1;;"Kaskade Systemdrucküberwachung für
folgende Kessel";BITFIELD;3;;rw;21809;21810;1;;;;;;;;;;;;;;;;;;;;;;;;;
F7;kaskade;F1;1;;Kaskade Minimale Laufzeitüberhöhung;INT;3;;rw;21663;21664;1;h;0;999;1;;;;;;;;;;;;;;;;;;;;;
F8;kaskade;F1;1;;Kaskade Maximale Laufzeitüberhöhung;INT;3;;rw;21664;21665;1;h;0;999;1;;;;;;;;;;;;;;;;;;;;;
F9;kaskade;F1;1;;Kaskade Kaskade maximale Leistung;INT;3;;rw;21665;21666;1;%;0;100;1;;;;;;;;;;;;;;;;;;;;;
F10;kaskade;F1;1;;Kaskade maximale Laufzeit Volllast;INT;3;;rw;21666;21667;1;Min;0;600;1;;;;;;;;;;;;;;;;;;;;;
F11;kaskade;F1;1;;Kaskade maximale Laufzeit Mindestleistung (Parameter oder < 51%);INT;3;;rw;21667;21668;1;Min;0;600;1;;;;;;;;;;;;;;;;;;;;;
F12;kaskade;F1;1;;Kaskade Reset Laufzeit Volllast;INT;3;;rw;21668;21669;1;Min;1;100;1;;;;;;;;;;;;;;;;;;;;;
F13;kaskade;F1;1;;Kaskade maximale Abweichung Kessel/Weiche;INT;3;;rw;21669;21670;1;°C;0;100;1;;;;;;;;;;;;;;;;;;;;;
F14;kaskade;F1;1;;Kaskade minimale Anzahl Kessel;INT;3;;rw;21811;21812;1;;1;4;1;;;;;;;;;;;;;;;;;;;;;
F14a;kaskade;F1;1;;Kaskade bei Füllgrad kleiner (0=deaktiviert);INT;3;;rw;21812;21813;1;%;0;100;1;;;;;;;;;;;;;;;;;;;;;
F14b;kaskade;F1;1;;Kaskade maximale Anzahl Kessel;INT;3;;rw;23310;23311;1;;1;6;1;;;;;;;;;;;;;;;;;;;;;
F14c;kaskade;F1;1;;Kaskade bei Füllgrad größer (100=deaktiviert);INT;3;;rw;23311;23312;1;%;0;100;1;;;;;;;;;;;;;;;;;;;;;
F15;kaskade;F1;1;;Kaskade minimale Anzahl Kessel;INT;3;;rw;21813;21814;1;;1;4;1;;;;;;;;;;;;;;;;;;;;;
F15a;kaskade;F1;1;;Kaskade bei Füllgrad kleiner (0=deaktiviert);INT;3;;rw;21814;21815;1;%;0;100;1;;;;;;;;;;;;;;;;;;;;;
F15b;kaskade;F1;1;;Kaskade maximale Anzahl Kessel;INT;3;;rw;23312;23313;1;;1;6;1;;;;;;;;;;;;;;;;;;;;;
F15c;kaskade;F1;1;;Kaskade bei Füllgrad größer (100=deaktiviert);INT;3;;rw;23313;23314;1;%;0;100;1;;;;;;;;;;;;;;;;;;;;;
F16;kaskade;F1;1;;Kaskade minimale Anzahl Kessel;INT;3;;rw;21815;21816;1;;1;4;1;;;;;;;;;;;;;;;;;;;;;
F16a;kaskade;F1;1;;Kaskade bei Füllgrad kleiner (0=deaktiviert);INT;3;;rw;21816;21817;1;%;0;100;1;;;;;;;;;;;;;;;;;;;;;
F17;kaskade;F1;1;;"Kaskade Anzahl Kessel Ein externer
Anforderung";INT;3;;rw;21670;21671;1;;0;4;1;;;;;;;;;;;;;;;;;;;;;
F17a;kaskade;F1;1;;Kaskade Start nächster Kessel bei Info;WAHL;3;;rw;21817;21818;1;;;;;Nein;Ja;;;;;;;;;;;;;;;;;;;
F17b;kaskade;F1;1;;Kaskade Zwangszuschaltung ab;INT;3;;rw;21818;21819;1;Min;0;999;1;;;;;;;;;;;;;;;;;;;;;
F17c;fremdwaerme;C9;1,2;;Kaskade Eingang Fremdwärme/KWK;WAHL;3;;rw;21878;21879;1;;;;;Öffner;Schließer;;;;;;;;;;;;;;;;;;;
F17d;fremdwaerme;C9;1,2;;Kaskade Verzögerung Kesselstart wenn KWK/Fremdwärme nicht ok (0=inaktiv);INT;3;;rw;21879;21880;1;Min;0;120;1;;;;;;;;;;;;;;;;;;;;;
F17e;kaskade;F1;1;;Kaskade Freien Kessel starten bei Entaschung wenn Pufferfüllgrad;INT;3;;rw;21819;21820;1;%;0;100;1;;;;;;;;;;;;;;;;;;;;;
F18;kaskade;F1;1;;"Kaskade Kessel-Solltemperatur
bei Kommunikations Störung";INT;3;;rw;21671;21672;1;°C;0;100;1;;;;;;;;;;;;;;;;;;;;;
F18a;kaskade;F1;1;;Kaskade Fremdkessel;WAHL;3;;rw;21672;21673;1;;;;;Nicht vorhanden;Vorhanden;;;;;;;;;;;;;;;;;;;
F18a1;kaskade;F1;1;;Kaskade FW Kaskade-Priorität;WAHL;3;;rw;21820;21821;1;;;;;P 1;P 2;P 3;P 4;P 5;P 6;;;;;;;;;;;;;;;
F18a2;fremdwaerme;C9;1,2;;Kaskade Verzögerung Kesselstart wenn Fremdwärme nicht ok (0=inaktiv);INT;3;;rw;21821;21822;1;Min;0;120;1;;;;;;;;;;;;;;;;;;;;;
F18a3;kaskade;F1;1;;Kaskade Infomeldung wenn FW nicht Ok;WAHL;3;;rw;21822;21823;1;;;;;nicht anzeigen;Aktiviert;Deaktiviert;;;;;;;;;;;;;;;;;;
F18a4;fremdwaerme;C9;1,2;;Kaskade Eingang Fremdwärme;WAHL;3;;rw;21880;21881;1;;;;;Öffner;Schließer;;;;;;;;;;;;;;;;;;;
F18b;kaskade;F1;1;;Kaskade Kaskade KWK;WAHL;3;;rw;21823;21824;1;;;;;Nicht vorhanden;Vorhanden;;;;;;;;;;;;;;;;;;;
F18c;kaskade;F1;1;;Kaskade KWK Kaskade-Priorität;WAHL;3;;rw;21824;21825;1;;;;;P 1;P 2;P 3;P 4;P 5;P 6;;;;;;;;;;;;;;;
F18d;kaskade;F1;1;;Kaskade KWK Abschalttemperatur;INT;3;;rw;21825;21826;1;°C;30;75;1;;;;;;;;;;;;;;;;;;;;;
F18e;kaskade;F1;1;;Kaskade Verzögerung Kesselstart wenn KWK nicht ok (0=inaktiv);INT;3;;rw;21826;21827;1;Min;0;120;1;;;;;;;;;;;;;;;;;;;;;
F18f;kaskade;F1;1;;Kaskade KWK anfordern bis Pufferfüllgrad größer;INT;3;;rw;21827;21828;1;%;0;100;1;;;;;;;;;;;;;;;;;;;;;
F18g;kaskade;F1;1;;Kaskade Infomeldung wenn KWK nicht Ok;WAHL;3;;rw;21828;21829;1;;;;;nicht anzeigen;Aktiviert;Deaktiviert;;;;;;;;;;;;;;;;;;
F18g1;kaskade;F1;1;;Kaskade Eingang KWK;WAHL;3;;rw;21881;21882;1;;;;;Öffner;Schließer;;;;;;;;;;;;;;;;;;;
F18h;kaskade;F1;1;;Kaskade KWK sperren bei durchmischtem Puffer;WAHL;3;;rw;21829;21830;1;;;;;Nein;Ja;;;;;;;;;;;;;;;;;;;
F19;kaskade;F1;1;;Kaskade Reset Kaskade;WAHL;3;;rw;21673;21674;1;;;;;Nein;Ja;;;;;;;;;;;;;;;;;;;
F20;kaskade;F1;1;;Kaskade Kessel A deaktiviert;WAHL;3;;rw;21830;21831;1;;;;;Nein;Ja;;;;;;;;;;;;;;;;;;;
F20a;kaskade;F1;1;;Kaskade Kessel B deaktiviert;WAHL;3;;rw;21831;21832;1;;;;;Nein;Ja;;;;;;;;;;;;;;;;;;;
F20b;kaskade;F1;1;;Kaskade Kessel C deaktiviert;WAHL;3;;rw;21832;21833;1;;;;;Nein;Ja;;;;;;;;;;;;;;;;;;;
F20c;kaskade;F1;1;;Kaskade Kessel D deaktiviert;WAHL;3;;rw;21833;21834;1;;;;;Nein;Ja;;;;;;;;;;;;;;;;;;;
F20y;kaskade;F1;1;;Kaskade KWK deaktiviert;WAHL;3;;rw;21836;21837;1;;;;;Nein;Ja;;;;;;;;;;;;;;;;;;;
F20z;kaskade;F1;1;;Kaskade Fremdkessel deaktiviert;WAHL;3;;rw;21837;21838;1;;;;;Nein;Ja;;;;;;;;;;;;;;;;;;;
F21;kaskade;F1;1;;Kaskade Kessel A;WAHL;3;;rw;21838;21839;1;;;;;keine Wahl;Starten;Stoppen;;;;;;;;;;;;;;;;;;
F21a;kaskade;F1;1;;Kaskade Kessel B;WAHL;3;;rw;21839;21840;1;;;;;keine Wahl;Starten;Stoppen;;;;;;;;;;;;;;;;;;
F21b;kaskade;F1;1;;Kaskade Kessel C;WAHL;3;;rw;21840;21841;1;;;;;keine Wahl;Starten;Stoppen;;;;;;;;;;;;;;;;;;
F21c;kaskade;F1;1;;Kaskade Kessel D;WAHL;3;;rw;21841;21842;1;;;;;keine Wahl;Starten;Stoppen;;;;;;;;;;;;;;;;;;
F21y;kaskade;F1;1;;Kaskade KWK;WAHL;3;;rw;21844;21845;1;;;;;keine Wahl;Starten;Stoppen;;;;;;;;;;;;;;;;;;
F21z;kaskade;F1;1;;Kaskade Fremdkessel;WAHL;3;;rw;21845;21846;1;;;;;keine Wahl;Starten;Stoppen;;;;;;;;;;;;;;;;;;
F94;kaskade;F1;1;;Kaskade Kaskade Entaschung immer freigegeben;WAHL;3;;rw;23693;23694;1;;;;;Nein;Ja;;;;;;;;;;;;;;;;;;;
G1;differenzregler;;;;Differenzregler Differenzregler Funktion;WAHL;3;;rw;21263;21264;1;;;;;Nicht vorhanden;1 Kreis;2 Kreise;Fremdwärmekessel;;;;;;;;;;;;;;;;;
G2;differenzregler;G1;1,2,3;;Differenzregler Differenzregler aktiv ab Wärmequelle;INT;3;;rw;21264;21265;1;°C;10;95;1;;;;;;;;;;;;;;;;;;;;;
G2a;differenzregler;G1;1,2,3;;Differenzregler Differenzregler Abschaltung ab Wärmequelle;INT;3;;rw;21265;21266;1;°C;10;140;1;;;;;;;;;;;;;;;;;;;;;
G2b;differenzregler;G1;1,2,3;;Differenzregler Differenzregler aktiv ab Wärmequelle;INT;3;;rw;21266;21267;1;°C;10;95;1;;;;;;;;;;;;;;;;;;;;;
G2c;differenzregler;G1;1,2,3;;Differenzregler Differenzregler Freigabezeit;TPROG;3;16;rw;21562;21563;1;;;;;;;;;;;;;;;;;;;;;;;;;
G4;;;;;;;3;;rw;21267;21268;;;;;;IO36 Klemme 209/210;Zentralpufferfühler oben;Zentralpufferfühler Mitte;Zentralpufferfühler unten;Zentralpufferfühler TPMO;Zentralpufferfühler TPMU;Boilerfühler A;Boilerfühler 1;Boilerfühler 2;Boilerfühler 3;Boilerfühler B;Platine S Klemme S2;Zusatzpufferfühler HKM0 oben;Zusatzpufferfühler HKM0 Mitte;Zusatzpufferfühler HKM0 unten;Zusatzpufferfühler HKM1 oben;Zusatzpufferfühler HKM1 Mitte;Zusatzpufferfühler HKM1 unten;Zusatzpufferfühler HKM2 oben;Zusatzpufferfühler HKM2 Mitte;Zusatzpufferfühler HKM2 unten
G4a;differenzregler;G1;1,2,3;;Differenzregler Überhöhung der Wärmequelle (Kreis 1);INT;3;;rw;21268;21269;1;°C;1;50;1;;;;;;;;;;;;;;;;;;;;;
G4b;differenzregler;G1;1,2,3;;Differenzregler Schaltdifferenz (Kreis 1);INT;3;;rw;21269;21270;1;°C;1;50;1;;;;;;;;;;;;;;;;;;;;;
G4c;differenzregler;G1;1,2,3;;Differenzregler Abschaltung Kreis 1;INT;3;;rw;21270;21271;1;°C;10;95;1;;;;;;;;;;;;;;;;;;;;;
G5;;;;;;;3;;rw;21271;21272;;;;;;IO36 Klemme 209/210;Zentralpufferfühler oben;Zentralpufferfühler Mitte;Zentralpufferfühler unten;Zentralpufferfühler TPMO;Zentralpufferfühler TPMU;Boilerfühler A;Boilerfühler 1;Boilerfühler 2;Boilerfühler 3;Boilerfühler B;Platine S Klemme S2;Zusatzpufferfühler HKM0 oben;Zusatzpufferfühler HKM0 Mitte;Zusatzpufferfühler HKM0 unten;Zusatzpufferfühler HKM1 oben;Zusatzpufferfühler HKM1 Mitte;Zusatzpufferfühler HKM1 unten;Zusatzpufferfühler HKM2 oben;Zusatzpufferfühler HKM2 Mitte;Zusatzpufferfühler HKM2 unten
G5a;differenzregler;G1;1,2,3;;Differenzregler Überhöhung der Wärmequelle (Kreis 2);INT;3;;rw;21272;21273;1;°C;1;50;1;;;;;;;;;;;;;;;;;;;;;
G5b;differenzregler;G1;1,2,3;;Differenzregler Schaltdifferenz (Kreis 2);INT;3;;rw;21273;21274;1;°C;1;50;1;;;;;;;;;;;;;;;;;;;;;
G5c;differenzregler;G1;1,2,3;;Differenzregler Abschaltung Kreis 2;INT;3;;rw;21274;21275;1;°C;10;95;1;;;;;;;;;;;;;;;;;;;;;
G5d;differenzregler;G1;1,2,3;;Differenzregler Parallelbetrieb Kreis 1 + 2;WAHL;3;;rw;21275;21276;1;;;;;Nein (ohne Ventil);Nein (Ventil vorhanden);Ja;;;;;;;;;;;;;;;;;;
G5e;differenzregler;G1;1,2,3;;Differenzregler Umschaltung auf Kreis 2 wenn Differenz bei Kreis 1 kleiner;INT;3;;rw;21276;21277;1;°C;1;20;1;;;;;;;;;;;;;;;;;;;;;
G5f;differenzregler;G1;1,2,3;;Differenzregler Umschaltung auf Kreis 2 wenn Kreis 1 über;INT;3;;rw;21277;21278;1;°C;20;90;1;;;;;;;;;;;;;;;;;;;;;
G5g;differenzregler;G1;1,2,3;;Differenzregler Zeitverzögerung für Umschaltung zwischen den Kreisen;INT;3;;rw;21278;21279;1;Min;0;60;1;;;;;;;;;;;;;;;;;;;;;
G6;differenzregler;G1;1,2,3;;Differenzregler Fremdwärmekessel;WAHL;3;;rw;21279;21280;1;;;;;mit Rücklaufmischer;nur Pumpe;;;;;;;;;;;;;;;;;;;
G6a;differenzregler;G1;1,2,3;;Differenzregler Mischerlaufzeit;INT;3;;rw;21280;21281;1;Sek;10;300;1;;;;;;;;;;;;;;;;;;;;;
G6b;differenzregler;G1;1,2,3;;Differenzregler Rücklauftemperatur Sollwert;INT;3;;rw;21281;21282;1;°C;10;90;1;;;;;;;;;;;;;;;;;;;;;
G6c;differenzregler;G1;1,2,3;;Differenzregler Info bei nicht erreichter Rücklauftemperatur;INT;3;;rw;21282;21283;1;°C;10;90;1;;;;;;;;;;;;;;;;;;;;;
G6d;differenzregler;G1;1,2,3;;Differenzregler Zeit für Info;INT;3;;rw;21283;21284;1;Min;1;120;1;;;;;;;;;;;;;;;;;;;;;
G6e;;;;;;;3;;rw;21284;21285;;;;;;IO36 Klemme 209/210;Zentralpufferfühler oben;Zentralpufferfühler Mitte;Zentralpufferfühler unten;Zentralpufferfühler TPMO;Zentralpufferfühler TPMU;Boilerfühler A;Boilerfühler 1;Boilerfühler 2;Boilerfühler 3;Boilerfühler B;Platine S Klemme S2;Zusatzpufferfühler HKM0 oben;Zusatzpufferfühler HKM0 Mitte;Zusatzpufferfühler HKM0 unten;Zusatzpufferfühler HKM1 oben;Zusatzpufferfühler HKM1 Mitte;Zusatzpufferfühler HKM1 unten;Zusatzpufferfühler HKM2 oben;Zusatzpufferfühler HKM2 Mitte;Zusatzpufferfühler HKM2 unten
G6f;differenzregler;G1;1,2,3;;Differenzregler Überhöhung der Wärmequelle (Fremdwärmekessel);INT;3;;rw;21285;21286;1;°C;1;50;1;;;;;;;;;;;;;;;;;;;;;
G6g;differenzregler;G1;1,2,3;;Differenzregler Schaltdifferenz (Fremdwärmekessel);INT;3;;rw;21286;21287;1;°C;1;50;1;;;;;;;;;;;;;;;;;;;;;
G7;differenzregler;G1;1,2,3;;Differenzregler Sicherheitsschaltung ab Wärmequelle (IO36 Klemme 207/208);INT;3;;rw;21287;21288;1;°C;80;105;1;;;;;;;;;;;;;;;;;;;;;
G8;mbus_wmz;;;;Differenzregler Wärmemengenzähler Differenzregler;WAHL;3;;rw;21288;21289;1;;;;;Inaktiv;Aktiv;;;;;;;;;;;;;;;;;;;
G8b;differenzregler;G1;1,2,3;;Differenzregler Durchfluss Pumpe 1 Maximum;FLOAT;3;;rw;21289;21290;1;l/min;0.00;999.00;0.10;;;;;;;;;;;;;;;;;;;;;
G8d;differenzregler;G1;1,2,3;;Differenzregler Durchfluss Pumpe 2 Maximum;FLOAT;3;;rw;21291;21292;1;l/min;0.00;999.00;0.10;;;;;;;;;;;;;;;;;;;;;
G8f;differenzregler;G1;1,2,3;;Differenzregler Durchfluss Pumpe 3 Maximum;FLOAT;3;;rw;21293;21294;1;l/min;0.00;999.00;0.10;;;;;;;;;;;;;;;;;;;;;
G8g;differenzregler;G1;1,2,3;;Differenzregler Wärmekapazität Trägermedium;FLOAT;3;;rw;21295;21296;1;Wh/kgK;0.10;3.00;0.00;;;;;;;;;;;;;;;;;;;;;
G9;differenzregler;G1;1,2,3;;Differenzregler Abtaufunktion;WAHL;3;;rw;24307;24308;1;;;;;Nicht vorhanden;Vorhanden;;;;;;;;;;;;;;;;;;;
G9a;differenzregler;G9;1;;Differenzregler Dauer Abtaufunktion;INT;3;;rw;24308;24309;1;Min;1;30;1;;;;;;;;;;;;;;;;;;;;;
G11;fremdwaerme;C9;1,2;;Fremdwärmeregler 2 Fremdwärmeregler 2;WAHL;3;;rw;21297;21298;1;;;;;Nicht vorhanden;1 Kreis;2 Kreise;Fremdwärmekessel;;;;;;;;;;;;;;;;;
G12;differenzregler;G1;1,2,3;;Fremdwärmeregler 2 Differenzregler aktiv ab Wärmequelle;INT;3;;rw;21298;21299;1;°C;10;95;1;;;;;;;;;;;;;;;;;;;;;
G12a;differenzregler;G1;1,2,3;;Fremdwärmeregler 2 Differenzregler Abschaltung ab Wärmequelle;INT;3;;rw;21299;21300;1;°C;10;140;1;;;;;;;;;;;;;;;;;;;;;
G12b;fremdwaerme;C9;1,2;;Fremdwärmeregler 2 Fremdwärmeregler 2 aktiv ab Wärmequelle;INT;3;;rw;21300;21301;1;°C;10;95;1;;;;;;;;;;;;;;;;;;;;;
G12c;fremdwaerme;C9;1,2;;Fremdwärmeregler 2 Fremdwärmeregler Freigabezeit;TPROG;3;16;rw;21566;21567;1;;;;;;;;;;;;;;;;;;;;;;;;;
G14;;;;;;;3;;rw;21301;21302;;;;;;IO36 Klemme 209/210;Zentralpufferfühler oben;Zentralpufferfühler Mitte;Zentralpufferfühler unten;Zentralpufferfühler TPMO;Zentralpufferfühler TPMU;Boilerfühler A;Boilerfühler 1;Boilerfühler 2;Boilerfühler 3;Boilerfühler B;Platine S Klemme S2;Zusatzpufferfühler HKM0 oben;Zusatzpufferfühler HKM0 Mitte;Zusatzpufferfühler HKM0 unten;Zusatzpufferfühler HKM1 oben;Zusatzpufferfühler HKM1 Mitte;Zusatzpufferfühler HKM1 unten;Zusatzpufferfühler HKM2 oben;Zusatzpufferfühler HKM2 Mitte;Zusatzpufferfühler HKM2 unten
G14a;fremdwaerme;C9;1,2;;Fremdwärmeregler 2 Überhöhung der Wärmequelle (Kreis 1);INT;3;;rw;21302;21303;1;°C;1;50;1;;;;;;;;;;;;;;;;;;;;;
G14b;fremdwaerme;C9;1,2;;Fremdwärmeregler 2 Schaltdifferenz (Kreis 1);INT;3;;rw;21303;21304;1;°C;1;50;1;;;;;;;;;;;;;;;;;;;;;
G14c;fremdwaerme;C9;1,2;;Fremdwärmeregler 2 Abschaltung Kreis 1;INT;3;;rw;21304;21305;1;°C;10;95;1;;;;;;;;;;;;;;;;;;;;;
G15;;;;;;;3;;rw;21305;21306;;;;;;IO36 Klemme 209/210;Zentralpufferfühler oben;Zentralpufferfühler Mitte;Zentralpufferfühler unten;Zentralpufferfühler TPMO;Zentralpufferfühler TPMU;Boilerfühler A;Boilerfühler 1;Boilerfühler 2;Boilerfühler 3;Boilerfühler B;Platine S Klemme S2;Zusatzpufferfühler HKM0 oben;Zusatzpufferfühler HKM0 Mitte;Zusatzpufferfühler HKM0 unten;Zusatzpufferfühler HKM1 oben;Zusatzpufferfühler HKM1 Mitte;Zusatzpufferfühler HKM1 unten;Zusatzpufferfühler HKM2 oben;Zusatzpufferfühler HKM2 Mitte;Zusatzpufferfühler HKM2 unten
G15a;fremdwaerme;C9;1,2;;Fremdwärmeregler 2 Überhöhung der Wärmequelle (Kreis 2);INT;3;;rw;21306;21307;1;°C;1;50;1;;;;;;;;;;;;;;;;;;;;;
G15b;fremdwaerme;C9;1,2;;Fremdwärmeregler 2 Schaltdifferenz (Kreis 2);INT;3;;rw;21307;21308;1;°C;1;50;1;;;;;;;;;;;;;;;;;;;;;
G15c;fremdwaerme;C9;1,2;;Fremdwärmeregler 2 Abschaltung Kreis 2;INT;3;;rw;21308;21309;1;°C;10;95;1;;;;;;;;;;;;;;;;;;;;;
G15d;fremdwaerme;C9;1,2;;Fremdwärmeregler 2 Parallelbetrieb Kreis 1 + 2;WAHL;3;;rw;21309;21310;1;;;;;Nein (ohne Ventil);Nein (Ventil vorhanden);Ja;;;;;;;;;;;;;;;;;;
G15e;fremdwaerme;C9;1,2;;Fremdwärmeregler 2 Umschaltung auf Kreis 2 wenn Differenz bei Kreis 1 kleiner;INT;3;;rw;21310;21311;1;°C;1;20;1;;;;;;;;;;;;;;;;;;;;;
G15f;fremdwaerme;C9;1,2;;Fremdwärmeregler 2 Umschaltung auf Kreis 2 wenn Kreis 1 über;INT;3;;rw;21311;21312;1;°C;20;90;1;;;;;;;;;;;;;;;;;;;;;
G15g;fremdwaerme;C9;1,2;;Fremdwärmeregler 2 Zeitverzögerung für Umschaltung zwischen den Kreisen;INT;3;;rw;21312;21313;1;Min;0;60;1;;;;;;;;;;;;;;;;;;;;;
G16;fremdwaerme;C9;1,2;;Fremdwärmeregler 2 Fremdwärmekessel 2;WAHL;3;;rw;21313;21314;1;;;;;mit Rücklaufmischer;nur Pumpe;;;;;;;;;;;;;;;;;;;
G16a;fremdwaerme;C9;1,2;;Fremdwärmeregler 2 Mischerlaufzeit;INT;3;;rw;21314;21315;1;Sek;10;300;1;;;;;;;;;;;;;;;;;;;;;
G16b;fremdwaerme;C9;1,2;;Fremdwärmeregler 2 Rücklauftemperatur Sollwert;INT;3;;rw;21315;21316;1;°C;10;90;1;;;;;;;;;;;;;;;;;;;;;
G16c;fremdwaerme;C9;1,2;;Fremdwärmeregler 2 Info bei nicht erreichter Rücklauftemperatur;INT;3;;rw;21316;21317;1;°C;10;90;1;;;;;;;;;;;;;;;;;;;;;
G16d;fremdwaerme;C9;1,2;;Fremdwärmeregler 2 Zeit für Info;INT;3;;rw;21317;21318;1;Min;1;120;1;;;;;;;;;;;;;;;;;;;;;
G16e;;;;;;;3;;rw;21318;21319;;;;;;IO36 Klemme 209/210;Zentralpufferfühler oben;Zentralpufferfühler Mitte;Zentralpufferfühler unten;Zentralpufferfühler TPMO;Zentralpufferfühler TPMU;Boilerfühler A;Boilerfühler 1;Boilerfühler 2;Boilerfühler 3;Boilerfühler B;Platine S Klemme S2;Zusatzpufferfühler HKM0 oben;Zusatzpufferfühler HKM0 Mitte;Zusatzpufferfühler HKM0 unten;Zusatzpufferfühler HKM1 oben;Zusatzpufferfühler HKM1 Mitte;Zusatzpufferfühler HKM1 unten;Zusatzpufferfühler HKM2 oben;Zusatzpufferfühler HKM2 Mitte;Zusatzpufferfühler HKM2 unten
G16f;fremdwaerme;C9;1,2;;Fremdwärmeregler 2 Überhöhung der Wärmequelle (Fremdwärmekessel 2);INT;3;;rw;21319;21320;1;°C;1;50;1;;;;;;;;;;;;;;;;;;;;;
G16g;fremdwaerme;C9;1,2;;Fremdwärmeregler 2 Schaltdifferenz (Fremdwärmekessel 2);INT;3;;rw;21320;21321;1;°C;1;50;1;;;;;;;;;;;;;;;;;;;;;
G17;fremdwaerme;C9;1,2;;Fremdwärmeregler 2 Sicherheitsschaltung ab Wärmequelle (IO36 Klemme 207/208);INT;3;;rw;21321;21322;1;°C;80;105;1;;;;;;;;;;;;;;;;;;;;;
G19;fremdwaerme;C9;1,2;;Fremdwärmeregler 2 Abtaufunktion;WAHL;3;;rw;24309;24310;1;;;;;Nicht vorhanden;Vorhanden;;;;;;;;;;;;;;;;;;;
G19a;fremdwaerme;G19;1;;Fremdwärmeregler 2 Dauer Abtaufunktion;INT;3;;rw;24310;24311;1;Min;1;30;1;;;;;;;;;;;;;;;;;;;;;
G21;differenzregler;G1;1,2,3;;PWM Differenzregler 3 PWM Differenzregler Funktion;WAHL;3;;rw;21322;21323;1;;;;;Nicht vorhanden;1 Kreis;2 Kreise;Fremdwärmekessel;;;;;;;;;;;;;;;;;
G21a;differenzregler;G21;1,2,3;;PWM Differenzregler 3 Pumpe 1;WAHL;3;;rw;21323;21324;1;;;;;Nicht vorhanden;PWM;PWM invertiert;0-10V;230V;;;;;;;;;;;;;;;;
G21a1;differenzregler;G21a;1,2,3,4;;PWM Differenzregler 3 Drehzahl-Minimum Pumpe 1;INT;3;;rw;21324;21325;1;%;16;100;1;;;;;;;;;;;;;;;;;;;;;
G21a2;differenzregler;G21a;1,2,3,4;;PWM Differenzregler 3 Drehzahl-Maximum Pumpe 1;INT;3;;rw;21325;21326;1;%;0;100;1;;;;;;;;;;;;;;;;;;;;;
G21b;differenzregler;G21;1,2,3;;PWM Differenzregler 3 Pumpe 2;WAHL;3;;rw;21326;21327;1;;;;;Nicht vorhanden;PWM;PWM invertiert;0-10V;230V;;;;;;;;;;;;;;;;
G21b1;differenzregler;G21b;1,2,3,4;;PWM Differenzregler 3 Drehzahl-Minimum Pumpe 2;INT;3;;rw;21327;21328;1;%;16;100;1;;;;;;;;;;;;;;;;;;;;;
G21b2;differenzregler;G21b;1,2,3,4;;PWM Differenzregler 3 Drehzahl-Maximum Pumpe 2;INT;3;;rw;21328;21329;1;%;0;100;1;;;;;;;;;;;;;;;;;;;;;
G21c;differenzregler;G21;1,2,3;;PWM Differenzregler 3 Pumpe 3;WAHL;3;;rw;21329;21330;1;;;;;Nicht vorhanden;PWM;PWM invertiert;0-10V;230V;;;;;;;;;;;;;;;;
G21c1;differenzregler;G21c;1,2,3,4;;PWM Differenzregler 3 Drehzahl-Minimum Pumpe 3;INT;3;;rw;21330;21331;1;%;16;100;1;;;;;;;;;;;;;;;;;;;;;
G21c2;differenzregler;G21c;1,2,3,4;;PWM Differenzregler 3 Drehzahl-Maximum Pumpe 3;INT;3;;rw;21331;21332;1;%;0;100;1;;;;;;;;;;;;;;;;;;;;;
G22;differenzregler;G1;1,2,3;;PWM Differenzregler 3 Differenzregler 3 aktiv ab Wärmequelle;INT;3;;rw;21332;21333;1;°C;10;95;1;;;;;;;;;;;;;;;;;;;;;
G22a;differenzregler;G1;1,2,3;;PWM Differenzregler 3 PWM Differenzregler Abschaltung ab Wärmequelle;INT;3;;rw;21333;21334;1;°C;10;140;1;;;;;;;;;;;;;;;;;;;;;
G22b;differenzregler;G1;1,2,3;;PWM Differenzregler 3 Differenzregler 3 aktiv ab Wärmequelle;INT;3;;rw;21334;21335;1;°C;10;95;1;;;;;;;;;;;;;;;;;;;;;
G22c;differenzregler;G1;1,2,3;;PWM Differenzregler 3 PWM Differenzregler Freigabezeit;TPROG;3;16;rw;21570;21571;1;;;;;;;;;;;;;;;;;;;;;;;;;
G23;differenzregler;G1;1,2,3;;PWM Differenzregler 3 Parallelbetrieb Kreis 1 + 2;WAHL;3;;rw;21335;21336;1;;;;;Nein (ohne Ventil);Nein (Ventil vorhanden);Ja;;;;;;;;;;;;;;;;;;
G23a;differenzregler;G1;1,2,3;;PWM Differenzregler 3 Grundstellung Ventil;WAHL;3;;rw;21336;21337;1;;;;;Kreis 2;Kreis 1;;;;;;;;;;;;;;;;;;;
G24;;;;;;;3;;rw;21337;21338;;;;;;Platine S Klemme S3;Zentralpufferfühler oben;Zentralpufferfühler Mitte;Zentralpufferfühler unten;Zentralpufferfühler TPMO;Zentralpufferfühler TPMU;Boilerfühler A;Boilerfühler 1;Boilerfühler 2;Boilerfühler 3;Boilerfühler B;Platine S Klemme S2;Zusatzpufferfühler HKM0 oben;Zusatzpufferfühler HKM0 Mitte;Zusatzpufferfühler HKM0 unten;Zusatzpufferfühler HKM1 oben;Zusatzpufferfühler HKM1 Mitte;Zusatzpufferfühler HKM1 unten;Zusatzpufferfühler HKM2 oben;Zusatzpufferfühler HKM2 Mitte;Zusatzpufferfühler HKM2 unten
G24a;differenzregler;G1;1,2,3;;PWM Differenzregler 3 Überhöhung der Wärmequelle (Kreis 1);INT;3;;rw;21338;21339;1;K;1;50;1;;;;;;;;;;;;;;;;;;;;;
G24b;differenzregler;G1;1,2,3;;PWM Differenzregler 3 Schaltdifferenz (Kreis 1);INT;3;;rw;21339;21340;1;K;1;50;1;;;;;;;;;;;;;;;;;;;;;
G24c;differenzregler;G1;1,2,3;;PWM Differenzregler 3 Abschaltung Kreis 1;INT;3;;rw;21340;21341;1;°C;10;95;1;;;;;;;;;;;;;;;;;;;;;
G25;;;;;;;3;;rw;21341;21342;;;;;;Platine S Klemme S3;Zentralpufferfühler oben;Zentralpufferfühler Mitte;Zentralpufferfühler unten;Zentralpufferfühler TPMO;Zentralpufferfühler TPMU;Boilerfühler A;Boilerfühler 1;Boilerfühler 2;Boilerfühler 3;Boilerfühler B;Platine S Klemme S2;Zusatzpufferfühler HKM0 oben;Zusatzpufferfühler HKM0 Mitte;Zusatzpufferfühler HKM0 unten;Zusatzpufferfühler HKM1 oben;Zusatzpufferfühler HKM1 Mitte;Zusatzpufferfühler HKM1 unten;Zusatzpufferfühler HKM2 oben;Zusatzpufferfühler HKM2 Mitte;Zusatzpufferfühler HKM2 unten
G25a;differenzregler;G1;1,2,3;;PWM Differenzregler 3 Überhöhung der Wärmequelle (Kreis 2);INT;3;;rw;21342;21343;1;K;1;50;1;;;;;;;;;;;;;;;;;;;;;
G25b;differenzregler;G1;1,2,3;;PWM Differenzregler 3 Schaltdifferenz (Kreis 2);INT;3;;rw;21343;21344;1;K;1;50;1;;;;;;;;;;;;;;;;;;;;;
G25c;differenzregler;G1;1,2,3;;PWM Differenzregler 3 Abschaltung Kreis 2;INT;3;;rw;21344;21345;1;°C;10;95;1;;;;;;;;;;;;;;;;;;;;;
G25e;differenzregler;G1;1,2,3;;PWM Differenzregler 3 Umschaltung auf Kreis 2 wenn Differenz bei Kreis 1 kleiner;INT;3;;rw;21345;21346;1;K;1;20;1;;;;;;;;;;;;;;;;;;;;;
G25f;differenzregler;G1;1,2,3;;PWM Differenzregler 3 Umschaltung auf Kreis 2 wenn Kreis 1 über;INT;3;;rw;21346;21347;1;°C;20;90;1;;;;;;;;;;;;;;;;;;;;;
G25g;differenzregler;G1;1,2,3;;PWM Differenzregler 3 Zeitverzögerung für Umschaltung zwischen den Kreisen;INT;3;;rw;21347;21348;1;Min;0;60;1;;;;;;;;;;;;;;;;;;;;;
G25h;differenzregler;G1;1,2,3;;PWM Differenzregler 3 Vorspüldauer;INT;3;;rw;21348;21349;1;Sek;0;60;1;;;;;;;;;;;;;;;;;;;;;
G25i;differenzregler;G1;1,2,3;;PWM Differenzregler 3 Sperrzeit für wiederholtes Einschalten;INT;3;;rw;21349;21350;1;Min;0;60;1;;;;;;;;;;;;;;;;;;;;;
G25j;differenzregler;G1;1,2,3;;PWM Differenzregler 3 Startdrehzahl Regler;INT;3;;rw;21350;21351;1;%;10;100;1;;;;;;;;;;;;;;;;;;;;;
G25k;differenzregler;G1;1,2,3;;PWM Differenzregler 3 Differenzdrehzahl Pumpe 2 (basierend auf Pumpe 1);INT;3;;rw;21351;21352;1;%;-40;40;1;;;;;;;;;;;;;;;;;;;;;
G25l;differenzregler;G1;1,2,3;;PWM Differenzregler 3 Differenzdrehzahl Pumpe 3 (basierend auf Pumpe 1);INT;3;;rw;21352;21353;1;%;-40;40;1;;;;;;;;;;;;;;;;;;;;;
G26;differenzregler;G1;1,2,3;;PWM Differenzregler 3 Fremdwärmekessel;WAHL;3;;rw;21353;21354;1;;;;;mit Rücklaufmischer;nur Pumpe;;;;;;;;;;;;;;;;;;;
G26a;differenzregler;G1;1,2,3;;PWM Differenzregler 3 Mischerlaufzeit;INT;3;;rw;21354;21355;1;Sek;10;300;1;;;;;;;;;;;;;;;;;;;;;
G26b;differenzregler;G1;1,2,3;;PWM Differenzregler 3 Rücklauftemperatur Sollwert;INT;3;;rw;21355;21356;1;°C;10;90;1;;;;;;;;;;;;;;;;;;;;;
G26c;differenzregler;G1;1,2,3;;PWM Differenzregler 3 Info bei nicht erreichter Rücklauftemperatur;INT;3;;rw;21356;21357;1;°C;10;90;1;;;;;;;;;;;;;;;;;;;;;
G26d;differenzregler;G1;1,2,3;;PWM Differenzregler 3 Zeit für Info;INT;3;;rw;21357;21358;1;Min;1;120;1;;;;;;;;;;;;;;;;;;;;;
G26e;;;;;;;3;;rw;21358;21359;;;;;;Platine S Klemme S3;Zentralpufferfühler oben;Zentralpufferfühler Mitte;Zentralpufferfühler unten;Zentralpufferfühler TPMO;Zentralpufferfühler TPMU;Boilerfühler A;Boilerfühler 1;Boilerfühler 2;Boilerfühler 3;Boilerfühler B;Platine S Klemme S2;Zusatzpufferfühler HKM0 oben;Zusatzpufferfühler HKM0 Mitte;Zusatzpufferfühler HKM0 unten;Zusatzpufferfühler HKM1 oben;Zusatzpufferfühler HKM1 Mitte;Zusatzpufferfühler HKM1 unten;Zusatzpufferfühler HKM2 oben;Zusatzpufferfühler HKM2 Mitte;Zusatzpufferfühler HKM2 unten
G26f;differenzregler;G1;1,2,3;;PWM Differenzregler 3 Überhöhung der Wärmequelle (Fremdwärmekessel);INT;3;;rw;21359;21360;1;°C;1;50;1;;;;;;;;;;;;;;;;;;;;;
G26g;differenzregler;G1;1,2,3;;PWM Differenzregler 3 Schaltdifferenz (Fremdwärmekessel);INT;3;;rw;21360;21361;1;°C;1;50;1;;;;;;;;;;;;;;;;;;;;;
G27;differenzregler;G1;1,2,3;;PWM Differenzregler 3 Sicherheitsschaltung ab Wärmequelle (Platine S, Klemme S4);INT;3;;rw;21361;21362;1;°C;80;105;1;;;;;;;;;;;;;;;;;;;;;
G28;mbus_wmz;;;;PWM Differenzregler 3 Wärmemengenzähler PWM Differenzregler;WAHL;3;;rw;21362;21363;1;;;;;Inaktiv;Aktiv;;;;;;;;;;;;;;;;;;;
G28a;differenzregler;G1;1,2,3;;PWM Differenzregler 3 Durchfluss Pumpe 1 Minimum;FLOAT;3;;rw;21363;21364;1;l/min;0.00;999.00;0.10;;;;;;;;;;;;;;;;;;;;;
G28b;differenzregler;G1;1,2,3;;PWM Differenzregler 3 Durchfluss Pumpe 1 Maximum;FLOAT;3;;rw;21365;21366;1;l/min;0.00;999.00;0.10;;;;;;;;;;;;;;;;;;;;;
G28c;differenzregler;G1;1,2,3;;PWM Differenzregler 3 Durchfluss Pumpe 2 Minimum;FLOAT;3;;rw;21367;21368;1;l/min;0.00;999.00;0.10;;;;;;;;;;;;;;;;;;;;;
G28d;differenzregler;G1;1,2,3;;PWM Differenzregler 3 Durchfluss Pumpe 2 Maximum;FLOAT;3;;rw;21369;21370;1;l/min;0.00;999.00;0.10;;;;;;;;;;;;;;;;;;;;;
G28e;differenzregler;G1;1,2,3;;PWM Differenzregler 3 Durchfluss Pumpe 3 Minimum;FLOAT;3;;rw;21371;21372;1;l/min;0.00;999.00;0.10;;;;;;;;;;;;;;;;;;;;;
G28f;differenzregler;G1;1,2,3;;PWM Differenzregler 3 Durchfluss Pumpe 3 Maximum;FLOAT;3;;rw;21373;21374;1;l/min;0.00;999.00;0.10;;;;;;;;;;;;;;;;;;;;;
G28g;differenzregler;G1;1,2,3;;PWM Differenzregler 3 Wärmekapazität Trägermedium;FLOAT;3;;rw;21375;21376;1;Wh/kgK;0.10;3.00;0.00;;;;;;;;;;;;;;;;;;;;;
G29;differenzregler;G1;1,2,3;;PWM Differenzregler 3 Abtaufunktion;WAHL;3;;rw;24311;24312;1;;;;;Nicht vorhanden;Vorhanden;;;;;;;;;;;;;;;;;;;
G29a;differenzregler;G29;1;;PWM Differenzregler 3 Dauer Abtaufunktion;INT;3;;rw;24312;24313;1;Min;1;30;1;;;;;;;;;;;;;;;;;;;;;
