Beschreibung;Typ;Registertyp lesen;Registertyp schreiben;rw;Adresse;Register;Multiplikator;Unit;Min;Max;Inc;0;1;2;3;4;5;6;7;8;9;10;11;12;13;14;15;16;17;18;19;20
Kesselzustand PK;DAQ-ANA;3;;r;11588;11589;0,1;;;;;Initialisierung;Aus;SR Init;Start;Zündung Einschub;Zündung Pause;Leistungsbrand Start;Leistungsbrand;Gluterhaltung;Ausbrand;Entaschung Rost;Entaschung Nachlauf;Reinigung;Füllen Start;Füllen;Handbetrieb;Aschebox Warten;Verbrennungsassistent;ABS;STB;
O2-Soll;DAQ-ANA;3;;r;11592;11593;;%;;;;;;;;;;;;;;;;;;;;;;;;
Kesseltemperatur;DAQ-ANA;3;;r;10082;10083;;°C;;;;;;;;;;;;;;;;;;;;;;;;
Kessel-Solltemperatur;DAQ-ANA;3;;r;11538;11539;;°C;;;;;;;;;;;;;;;;;;;;;;;;
Rücklauftemperatur;DAQ-ANA;3;;r;11514;11515;;°C;;;;;;;;;;;;;;;;;;;;;;;;
Rücklauf-Solltemperatur;DAQ-ANA;3;;r;11610;11611;;°C;;;;;;;;;;;;;;;;;;;;;;;;
Spreizung Rücklauf;DAQ-ANA;3;;r;11684;11685;;°C;;;;;;;;;;;;;;;;;;;;;;;;
Rauchgastemperatur;DAQ-ANA;3;;r;11512;11513;;°C;;;;;;;;;;;;;;;;;;;;;;;;
Puffertemperatur oben;DAQ-ANA;3;;rw;10122;10123;;°C;;;;;;;;;;;;;;;;;;;;;;;;
Puffertemperatur Mitte;DAQ-ANA;3;;rw;10254;10255;;°C;;;;;;;;;;;;;;;;;;;;;;;;
Puffertemperatur unten;DAQ-ANA;3;;rw;10124;10125;;°C;;;;;;;;;;;;;;;;;;;;;;;;
Pufferfüllgrad Zentralpuffer;DAQ-ANA;3;;r;11342;11343;0,1;%;;;;;;;;;;;;;;;;;;;;;;;;
Puffer oben Sollwert;DAQ-ANA;3;;r;11344;11345;;°C;;;;;;;;;;;;;;;;;;;;;;;;
Puffer unten Sollwert;DAQ-ANA;3;;r;11346;11347;;°C;;;;;;;;;;;;;;;;;;;;;;;;
Zustand Zentralpuffer;DAQ-ANA;3;;r;10202;10203;0,1;;;;;Aus;Restwärme;Ein;Laden;Handbetrieb;Rauchfangkehrer;;;;;;;;;;;;;;;
höchste Anforderung Kessel;DAQ-ANA;3;;r;11678;11679;;;;;;;;;;;;;;;;;;;;;;;;;;
Fremdwärmetemperatur;DAQ-ANA;3;;rw;11500;11501;;°C;;;;;;;;;;;;;;;;;;;;;;;;
Kesselleistung;DAQ-ANA;3;;r;11536;11537;;%;;;;;;;;;;;;;;;;;;;;;;;;
Programmwahlschalter;DAQ-ANA;3;6;rw;11336;11337;0,1;;;;;Hand;Aus;Boiler;Auto;Feuerung aus;;;;;;;;;;;;;;;;
aktuelle Störungsnummer;DAQ-ANA;3;;r;11530;11531;;;;;;;;;;;;;;;;;;;;;;;;;;
höchste Anforderung Zentralpuffer;DAQ-ANA;3;;r;13246;13247;;°C;;;;;;;;;;;;;;;;;;;;;;;;
Strom Einschubschnecke;DAQ-ANA;3;;r;11628;11629;;mA;;;;;;;;;;;;;;;;;;;;;;;;
Strom Raumaustragung;DAQ-ANA;3;;r;11630;11631;;mA;;;;;;;;;;;;;;;;;;;;;;;;
Strom Ascheaustragung;DAQ-ANA;3;;r;11632;11633;;mA;;;;;;;;;;;;;;;;;;;;;;;;
Strom Schieberost;DAQ-ANA;3;;r;11836;11837;;mA;;;;;;;;;;;;;;;;;;;;;;;;
Strom Putzeinrichtung;DAQ-ANA;3;;r;11838;11839;;mA;;;;;;;;;;;;;;;;;;;;;;;;
Einschub seit letztem Füllen;DAQ-ANA;3;;r;11676;11677;;Min;;;;;;;;;;;;;;;;;;;;;;;;
Einschub seit letzter Entaschung;DAQ-ANA;3;;r;11850;11851;;Min;;;;;;;;;;;;;;;;;;;;;;;;
Einschub seit letzter Entaschung;DAQ-ANA;3;;r;11850;11851;;Min;;;;;;;;;;;;;;;;;;;;;;;;
Anzahl Entaschungen;DAQ-ANA;3;;r;11852;11853;;;;;;;;;;;;;;;;;;;;;;;;;;
Anzahl Bewegungen Schieberost;DAQ-ANA;3;;r;11854;11855;;;;;;;;;;;;;;;;;;;;;;;;;;
Lagerstand Brennstoff;DAQ-ANA;3;;r;11534;11535;0,1;kg;;;;;;;;;;;;;;;;;;;;;;;;
Verbrauch Pellets;DAQ-ANA;3;;r;11858;11859;;kg;;;;;;;;;;;;;;;;;;;;;;;;
Spannung Netzteil;DAQ-ANA;3;;r;11862;11863;;mV;;;;;;;;;;;;;;;;;;;;;;;;
Temperatur Nano-PK Plus;DAQ-ANA;3;;r;11860;11861;;°C;;;;;;;;;;;;;;;;;;;;;;;;
Temperatur Platine;DAQ-ANA;3;;r;11682;11683;;°C;;;;;;;;;;;;;;;;;;;;;;;;
Vorlauftemperatur geregelte Fernleitung;DAQ-ANA;3;;r;11278;11279;;°C;;;;;;;;;;;;;;;;;;;;;;;;
Vorlauftemperatur geregelte Fernleitung 2;DAQ-ANA;3;;r;11942;11943;;°C;;;;;;;;;;;;;;;;;;;;;;;;
AIN 17;DAQ-ANA;3;;r;11856;11857;;V;;;;;;;;;;;;;;;;;;;;;;;;
Außentemperatur;DAQ-ANA;3;;rw;10008;10009;;°C;;;;;;;;;;;;;;;;;;;;;;;;
Außentemperatur gemittelt;DAQ-ANA;3;;r;10006;10007;;°C;;;;;;;;;;;;;;;;;;;;;;;;
Puffer-Solltemperatur;DAQ-ANA;3;;r;11260;11261;;°C;;;;;;;;;;;;;;;;;;;;;;;;
Puffertemperatur Mitte oben;DAQ-ANA;3;;rw;11504;11505;;°C;;;;;;;;;;;;;;;;;;;;;;;;
Puffertemperatur Mitte unten;DAQ-ANA;3;;rw;11506;11507;;°C;;;;;;;;;;;;;;;;;;;;;;;;
Programmwahlschalter HKM1;DAQ-ANA;3;;r;11338;11339;;;;;;Hand;Aus;Boiler;Auto;;;;;;;;;;;;;;;;;
Programmwahlschalter HKM2;DAQ-ANA;3;;r;11340;11341;;;;;;;;;;;;;;;;;;;;;;;;;;
Anf. externer HK Spannung;DAQ-ANA;3;;r;11300;11301;;V;;;;Hand;Aus;Boiler;Auto;;;;;;;;;;;;;;;;;
Solltemperatur externer Heizkreis;DAQ-ANA;3;;r;11296;11297;;°C;;;;;;;;;;;;;;;;;;;;;;;;
Solltemperatur externer Heizkreis 2;DAQ-ANA;3;;r;11292;11293;;°C;;;;;;;;;;;;;;;;;;;;;;;;
Solltemperatur externer Heizkreis 3;DAQ-ANA;3;;r;11294;11295;;°C;;;;;;;;;;;;;;;;;;;;;;;;
Vorlauftemperatur Heizkreis A;DAQ-ANA;3;;r;10244;10245;;°C;;;;;;;;;;;;;;;;;;;;;;;;
Vorlauf-Solltemperatur Heizkreis A;DAQ-ANA;3;;r;10246;10247;;°C;;;;;;;;;;;;;;;;;;;;;;;;
Raumfühler Heizkreis A;DAQ-ANA;3;;r;10052;10053;;°C;;;;;;;;;;;;;;;;;;;;;;;;
Raum-Solltemperatur Heizkreis A;DAQ-ANA;3;;r;11226;11227;;°C;;;;;;;;;;;;;;;;;;;;;;;;
Zustand Heizkreis A;DAQ-ANA;3;;r;10248;10249;;;;;;Aus;Heizen;Rampe Absenken;Absenken;Tag/Nacht Abschaltung;Sommerabschaltung;Frostschutz;Estrich;Handbetrieb;Restwärme;Solarheizen;;;;;;;;;;
Raumfernbedienung Zustand Heizkreis A;DAQ-ANA;3;;r;11542;11543;;;;;;Keine;Auto;Nacht;Tag;Aus;Party;Frostschutz;;;;;;;;;;;;;;
Vorgabe Raumtemp. HKA;DAQ-ANA;3;;rw;11000;11001;;°C;;;;;;;;;;;;;;;;;;;;;;;;
Vorlauftemperatur Heizkreis 1;DAQ-ANA;3;;r;10144;10145;;°C;;;;;;;;;;;;;;;;;;;;;;;;
Vorlauf-Solltemperatur Heizkreis 1;DAQ-ANA;3;;r;10146;10147;;°C;;;;;;;;;;;;;;;;;;;;;;;;
Raumfühler Heizkreis 1;DAQ-ANA;3;;r;10040;10041;;°C;;;;;;;;;;;;;;;;;;;;;;;;
Raum-Solltemperatur Heizkreis 1;DAQ-ANA;3;;r;11228;11229;;°C;;;;;;;;;;;;;;;;;;;;;;;;
Zustand Heizkreis 1;DAQ-ANA;3;;r;10178;10179;;;;;;Aus;Heizen;Rampe Absenken;Absenken;Tag/Nacht Abschaltung;Sommerabschaltung;Frostschutz;Estrich;Handbetrieb;Restwärme;Solarheizen;;;;;;;;;;
Raumfernbedienung Zustand Heizkreis 1;DAQ-ANA;3;;r;11544;11545;;;;;;Keine;Auto;Nacht;Tag;Aus;Party;Frostschutz;;;;;;;;;;;;;;
Vorgabe Raumtemp. HK1;DAQ-ANA;3;;rw;11002;11003;;°C;;;;;;;;;;;;;;;;;;;;;;;;
Vorlauftemperatur Heizkreis 2;DAQ-ANA;3;;r;10148;10149;;°C;;;;;;;;;;;;;;;;;;;;;;;;
Vorlauf-Solltemperatur Heizkreis 2;DAQ-ANA;3;;r;10150;10151;;°C;;;;;;;;;;;;;;;;;;;;;;;;
Raumfühler Heizkreis 2;DAQ-ANA;3;;r;10042;10043;;°C;;;;;;;;;;;;;;;;;;;;;;;;
Raum-Solltemperatur Heizkreis 2;DAQ-ANA;3;;r;11230;11231;;°C;;;;;;;;;;;;;;;;;;;;;;;;
Zustand Heizkreis 2;DAQ-ANA;3;;r;10180;10181;;;;;;Aus;Heizen;Rampe Absenken;Absenken;Tag/Nacht Abschaltung;Sommerabschaltung;Frostschutz;Estrich;Handbetrieb;Restwärme;Solarheizen;;;;;;;;;;
Raumfernbedienung Zustand Heizkreis 2;DAQ-ANA;3;;r;11546;11547;;;;;;Keine;Auto;Nacht;Tag;Aus;Party;Frostschutz;;;;;;;;;;;;;;
Vorgabe Raumtemp. HK2;DAQ-ANA;3;;rw;11004;11005;;°C;;;;;;;;;;;;;;;;;;;;;;;;
Vorlauftemperatur Heizkreis 3;DAQ-ANA;3;;r;10152;10153;;°C;;;;;;;;;;;;;;;;;;;;;;;;
Vorlauf-Solltemperatur Heizkreis 3;DAQ-ANA;3;;r;10154;10155;;°C;;;;;;;;;;;;;;;;;;;;;;;;
Raumfühler Heizkreis 3;DAQ-ANA;3;;r;10044;10045;;°C;;;;;;;;;;;;;;;;;;;;;;;;
Raum-Solltemperatur Heizkreis 3;DAQ-ANA;3;;r;11232;11233;;°C;;;;;;;;;;;;;;;;;;;;;;;;
Zustand Heizkreis 3;DAQ-ANA;3;;r;10182;10183;;;;;;Aus;Heizen;Rampe Absenken;Absenken;Tag/Nacht Abschaltung;Sommerabschaltung;Frostschutz;Estrich;Handbetrieb;Restwärme;Solarheizen;;;;;;;;;;
Raumfernbedienung Zustand Heizkreis 3;DAQ-ANA;3;;r;11548;11549;;;;;;Keine;Auto;Nacht;Tag;Aus;Party;Frostschutz;;;;;;;;;;;;;;
Vorgabe Raumtemp. HK3;DAQ-ANA;3;;rw;11006;11007;;°C;;;;;;;;;;;;;;;;;;;;;;;;
Vorlauftemperatur Heizkreis 4;DAQ-ANA;3;;r;10156;10157;;°C;;;;;;;;;;;;;;;;;;;;;;;;
Vorlauf-Solltemperatur Heizkreis 4;DAQ-ANA;3;;r;10158;10159;;°C;;;;;;;;;;;;;;;;;;;;;;;;
Raumfühler Heizkreis 4;DAQ-ANA;3;;r;10046;10047;;°C;;;;;;;;;;;;;;;;;;;;;;;;
Raum-Solltemperatur Heizkreis 4;DAQ-ANA;3;;r;11234;11235;;°C;;;;;;;;;;;;;;;;;;;;;;;;
Zustand Heizkreis 4;DAQ-ANA;3;;r;10184;10185;;;;;;Aus;Heizen;Rampe Absenken;Absenken;Tag/Nacht Abschaltung;Sommerabschaltung;Frostschutz;Estrich;Handbetrieb;Restwärme;Solarheizen;;;;;;;;;;
Raumfernbedienung Zustand Heizkreis 4;DAQ-ANA;3;;r;11550;11551;;;;;;Keine;Auto;Nacht;Tag;Aus;Party;Frostschutz;;;;;;;;;;;;;;
Vorgabe Raumtemp. HK4;DAQ-ANA;3;;rw;11008;11009;;°C;;;;;;;;;;;;;;;;;;;;;;;;
Vorlauftemperatur Heizkreis 5;DAQ-ANA;3;;r;10160;10161;;°C;;;;;;;;;;;;;;;;;;;;;;;;
Vorlauf-Solltemperatur Heizkreis 5;DAQ-ANA;3;;r;10162;10163;;°C;;;;;;;;;;;;;;;;;;;;;;;;
Raumfühler Heizkreis 5;DAQ-ANA;3;;r;10048;10049;;°C;;;;;;;;;;;;;;;;;;;;;;;;
Raum-Solltemperatur Heizkreis 5;DAQ-ANA;3;;r;11236;11237;;°C;;;;;;;;;;;;;;;;;;;;;;;;
Zustand Heizkreis 5;DAQ-ANA;3;;r;10186;10187;;;;;;Aus;Heizen;Rampe Absenken;Absenken;Tag/Nacht Abschaltung;Sommerabschaltung;Frostschutz;Estrich;Handbetrieb;Restwärme;Solarheizen;;;;;;;;;;
Raumfernbedienung Zustand Heizkreis 5;DAQ-ANA;3;;r;11552;11553;;;;;;Keine;Auto;Nacht;Tag;Aus;Party;Frostschutz;;;;;;;;;;;;;;
Vorgabe Raumtemp. HK5;DAQ-ANA;3;;rw;11010;11011;;°C;;;;;;;;;;;;;;;;;;;;;;;;
Vorlauftemperatur Heizkreis 6;DAQ-ANA;3;;r;10164;10165;;°C;;;;;;;;;;;;;;;;;;;;;;;;
Vorlauf-Solltemperatur Heizkreis 6;DAQ-ANA;3;;r;10166;10167;;°C;;;;;;;;;;;;;;;;;;;;;;;;
Raumfühler Heizkreis 6;DAQ-ANA;3;;r;10050;10051;;°C;;;;;;;;;;;;;;;;;;;;;;;;
Raum-Solltemperatur Heizkreis 6;DAQ-ANA;3;;r;11238;11239;;°C;;;;;;;;;;;;;;;;;;;;;;;;
Zustand Heizkreis 6;DAQ-ANA;3;;r;10188;10189;;;;;;Aus;Heizen;Rampe Absenken;Absenken;Tag/Nacht Abschaltung;Sommerabschaltung;Frostschutz;Estrich;Handbetrieb;Restwärme;Solarheizen;;;;;;;;;;
Raumfernbedienung Zustand Heizkreis 6;DAQ-ANA;3;;r;11554;11555;;;;;;Keine;Auto;Nacht;Tag;Aus;Party;Frostschutz;;;;;;;;;;;;;;
Vorgabe Raumtemp. HK6;DAQ-ANA;3;;rw;11012;11013;;°C;;;;;;;;;;;;;;;;;;;;;;;;
Vorlauftemperatur Heizkreis B;DAQ-ANA;3;;r;10300;10301;;°C;;;;;;;;;;;;;;;;;;;;;;;;
Vorlauf-Solltemperatur Heizkreis B;DAQ-ANA;3;;r;10302;10303;;°C;;;;;;;;;;;;;;;;;;;;;;;;
Raumfühler Heizkreis B;DAQ-ANA;3;;r;10296;10297;;°C;;;;;;;;;;;;;;;;;;;;;;;;
Raum-Solltemperatur Heizkreis B;DAQ-ANA;3;;r;11302;11303;;°C;;;;;;;;;;;;;;;;;;;;;;;;
Zustand Heizkreis B;DAQ-ANA;3;;r;10304;10305;;;;;;Aus;Heizen;Rampe Absenken;Absenken;Tag/Nacht Abschaltung;Sommerabschaltung;Frostschutz;Estrich;Handbetrieb;Restwärme;Solarheizen;;;;;;;;;;
Raumfernbedienung Zustand Heizkreis B;DAQ-ANA;3;;r;11556;11557;;;;;;Keine;Auto;Nacht;Tag;Aus;Party;Frostschutz;;;;;;;;;;;;;;
Vorgabe Raumtemp. HKB;DAQ-ANA;3;;rw;11014;11015;;°C;;;;;;;;;;;;;;;;;;;;;;;;
Temperatur Boiler A;DAQ-ANA;3;;r;10016;10017;;°C;;;;;;;;;;;;;;;;;;;;;;;;
Solltemperatur Boiler A;DAQ-ANA;3;;r;11252;11253;;°C;;;;;;;;;;;;;;;;;;;;;;;;
Zustand Boiler A;DAQ-ANA;3;;r;10196;10197;;;;;;Aus;Laden;Restwärme;Übertemperatur;Handbetrieb;ABS;;;;;;;;;;;;;;;
Temperatur Boiler 1;DAQ-ANA;3;;r;10010;10011;;°C;;;;;;;;;;;;;;;;;;;;;;;;
Solltemperatur Boiler 1;DAQ-ANA;3;;r;11254;11255;;°C;;;;;;;;;;;;;;;;;;;;;;;;
Zustand Boiler 1;DAQ-ANA;3;;r;10190;10191;;;;;;Aus;Laden;Restwärme;Übertemperatur;Handbetrieb;ABS;;;;;;;;;;;;;;;
Temperatur Boiler 2;DAQ-ANA;3;;r;10012;10013;;°C;;;;;;;;;;;;;;;;;;;;;;;;
Solltemperatur Boiler 2;DAQ-ANA;3;;r;11256;11257;;°C;;;;;;;;;;;;;;;;;;;;;;;;
Zustand Boiler 2;DAQ-ANA;3;;r;10192;10193;;;;;;Aus;Laden;Restwärme;Übertemperatur;Handbetrieb;ABS;;;;;;;;;;;;;;;
Temperatur Boiler 3;DAQ-ANA;3;;r;10014;10015;;°C;;;;;;;;;;;;;;;;;;;;;;;;
Solltemperatur Boiler 3;DAQ-ANA;3;;r;11258;11259;;°C;;;;;;;;;;;;;;;;;;;;;;;;
Zustand Boiler 3;DAQ-ANA;3;;r;10194;10195;;;;;;Aus;Laden;Restwärme;Übertemperatur;Handbetrieb;ABS;;;;;;;;;;;;;;;
Temperatur Boiler B;DAQ-ANA;3;;r;10294;10295;;°C;;;;;;;;;;;;;;;;;;;;;;;;
Solltemperatur Boiler B;DAQ-ANA;3;;r;11298;11299;;°C;;;;;;;;;;;;;;;;;;;;;;;;
Zustand Boiler B;DAQ-ANA;3;;r;10306;10307;;;;;;Aus;Laden;Restwärme;Übertemperatur;Handbetrieb;ABS;;;;;;;;;;;;;;;
höchste Anforderung aller Heizkreisregler;DAQ-ANA;3;;r;11680;11681;;°C;;;;;;;;;;;;;;;;;;;;;;;;
Anforderung Heizkreisregler 0;DAQ-ANA;3;;r;11304;11305;;°C;;;;;;;;;;;;;;;;;;;;;;;;
Anforderung Heizkreisregler 1;DAQ-ANA;3;;r;11306;11307;;°C;;;;;;;;;;;;;;;;;;;;;;;;
Anforderung Heizkreisregler 2;DAQ-ANA;3;;r;11308;11309;;°C;;;;;;;;;;;;;;;;;;;;;;;;
Anforderung Heizkreisregler 3;DAQ-ANA;3;;r;11310;11311;;°C;;;;;;;;;;;;;;;;;;;;;;;;
Anforderung Heizkreisregler 4;DAQ-ANA;3;;r;11312;11313;;°C;;;;;;;;;;;;;;;;;;;;;;;;
Anforderung Heizkreisregler 5;DAQ-ANA;3;;r;11314;11315;;°C;;;;;;;;;;;;;;;;;;;;;;;;
Anforderung Heizkreisregler 6;DAQ-ANA;3;;r;11316;11317;;°C;;;;;;;;;;;;;;;;;;;;;;;;
Anforderung Heizkreisregler 7;DAQ-ANA;3;;r;11318;11319;;°C;;;;;;;;;;;;;;;;;;;;;;;;
Anforderung Heizkreisregler 8;DAQ-ANA;3;;r;11320;11321;;°C;;;;;;;;;;;;;;;;;;;;;;;;
Anforderung Heizkreisregler 9;DAQ-ANA;3;;r;11322;11323;;°C;;;;;;;;;;;;;;;;;;;;;;;;
Anforderung Heizkreisregler 10;DAQ-ANA;3;;r;11324;11325;;°C;;;;;;;;;;;;;;;;;;;;;;;;
Anforderung Heizkreisregler 11;DAQ-ANA;3;;r;11326;11327;;°C;;;;;;;;;;;;;;;;;;;;;;;;
Anforderung Heizkreisregler 12;DAQ-ANA;3;;r;11328;11329;;°C;;;;;;;;;;;;;;;;;;;;;;;;
Anforderung Heizkreisregler 13;DAQ-ANA;3;;r;11330;11331;;°C;;;;;;;;;;;;;;;;;;;;;;;;
Anforderung Heizkreisregler 14;DAQ-ANA;3;;r;11332;11333;;°C;;;;;;;;;;;;;;;;;;;;;;;;
Anforderung Heizkreisregler 15;DAQ-ANA;3;;r;11334;11335;;°C;;;;;;;;;;;;;;;;;;;;;;;;
Sensorplatine 1 Analog 1;DAQ-ANA;3;;r;11432;11433;;V;;;;;;;;;;;;;;;;;;;;;;;;
Sensorplatine 1 Analog 2;DAQ-ANA;3;;r;11434;11435;;V;;;;;;;;;;;;;;;;;;;;;;;;
Sensorplatine 1 Analog 3;DAQ-ANA;3;;r;11436;11437;;V;;;;;;;;;;;;;;;;;;;;;;;;
Sensorplatine 1 Analog 4;DAQ-ANA;3;;r;11438;11439;;V;;;;;;;;;;;;;;;;;;;;;;;;
Sensorplatine 1 Analog 5;DAQ-ANA;3;;r;11440;11441;;V;;;;;;;;;;;;;;;;;;;;;;;;
Sensorplatine 1 Analog 6;DAQ-ANA;3;;r;11442;11443;;V;;;;;;;;;;;;;;;;;;;;;;;;
Sensorplatine 1 Analog 7;DAQ-ANA;3;;r;11444;11445;;V;;;;;;;;;;;;;;;;;;;;;;;;
Sensorplatine 1 Analog 8;DAQ-ANA;3;;r;11446;11447;;V;;;;;;;;;;;;;;;;;;;;;;;;
Sensorplatine 1 PT1000 1;DAQ-ANA;3;;r;11448;11449;;°C;;;;;;;;;;;;;;;;;;;;;;;;
Sensorplatine 1 PT1000 2;DAQ-ANA;3;;r;11450;11451;;°C;;;;;;;;;;;;;;;;;;;;;;;;
Sensorplatine 1 PT1000 3;DAQ-ANA;3;;r;11452;11453;;°C;;;;;;;;;;;;;;;;;;;;;;;;
Sensorplatine 1 PT1000 4;DAQ-ANA;3;;r;11454;11455;;°C;;;;;;;;;;;;;;;;;;;;;;;;
Sensorplatine 1 Type-K 1;DAQ-ANA;3;;r;11456;11457;;°C;;;;;;;;;;;;;;;;;;;;;;;;
Sensorplatine 1 Type-K 2;DAQ-ANA;3;;r;11458;11459;;°C;;;;;;;;;;;;;;;;;;;;;;;;
Sensorplatine 1 Type-K 3;DAQ-ANA;3;;r;11460;11461;;°C;;;;;;;;;;;;;;;;;;;;;;;;
Sensorplatine 1 Type-K 4;DAQ-ANA;3;;r;11462;11463;;°C;;;;;;;;;;;;;;;;;;;;;;;;
Sensorplatine 2 Analog 1;DAQ-ANA;3;;r;11464;11465;;V;;;;;;;;;;;;;;;;;;;;;;;;
Sensorplatine 2 Analog 2;DAQ-ANA;3;;r;11466;11467;;V;;;;;;;;;;;;;;;;;;;;;;;;
Sensorplatine 2 Analog 3;DAQ-ANA;3;;r;11468;11469;;V;;;;;;;;;;;;;;;;;;;;;;;;
Sensorplatine 2 Analog 4;DAQ-ANA;3;;r;11470;11471;;V;;;;;;;;;;;;;;;;;;;;;;;;
Sensorplatine 2 Analog 5;DAQ-ANA;3;;r;11472;11473;;V;;;;;;;;;;;;;;;;;;;;;;;;
Sensorplatine 2 Analog 6;DAQ-ANA;3;;r;11474;11475;;V;;;;;;;;;;;;;;;;;;;;;;;;
Sensorplatine 2 Analog 7;DAQ-ANA;3;;r;11476;11477;;V;;;;;;;;;;;;;;;;;;;;;;;;
Sensorplatine 2 Analog 8;DAQ-ANA;3;;r;11478;11479;;V;;;;;;;;;;;;;;;;;;;;;;;;
Sensorplatine 2 PT1000 1;DAQ-ANA;3;;r;11480;11481;;°C;;;;;;;;;;;;;;;;;;;;;;;;
Sensorplatine 2 PT1000 2;DAQ-ANA;3;;r;11482;11483;;°C;;;;;;;;;;;;;;;;;;;;;;;;
Sensorplatine 2 PT1000 3;DAQ-ANA;3;;r;11484;11485;;°C;;;;;;;;;;;;;;;;;;;;;;;;
Sensorplatine 2 PT1000 4;DAQ-ANA;3;;r;11486;11487;;°C;;;;;;;;;;;;;;;;;;;;;;;;
Sensorplatine 2 Type-K 1;DAQ-ANA;3;;r;11488;11489;;°C;;;;;;;;;;;;;;;;;;;;;;;;
Sensorplatine 2 Type-K 2;DAQ-ANA;3;;r;11490;11491;;°C;;;;;;;;;;;;;;;;;;;;;;;;
Sensorplatine 2 Type-K 3;DAQ-ANA;3;;r;11492;11493;;°C;;;;;;;;;;;;;;;;;;;;;;;;
Sensorplatine 2 Type-K 4;DAQ-ANA;3;;r;11494;11495;;°C;;;;;;;;;;;;;;;;;;;;;;;;
Sensorplatine 2 Input-Capture 1;DAQ-ANA;3;;r;11496;11497;;Hz;;;;;;;;;;;;;;;;;;;;;;;;
Sensorplatine 2 Input-Capture 2;DAQ-ANA;3;;r;11498;11499;;Hz;;;;;;;;;;;;;;;;;;;;;;;;
MBUS Kanal 1 Vorlauftemperatur;DAQ-ANA;3;;r;11016;11017;;°C;;;;;;;;;;;;;;;;;;;;;;;;
MBUS Kanal 1 Rücklauftemperatur;DAQ-ANA;3;;r;11018;11019;;°C;;;;;;;;;;;;;;;;;;;;;;;;
MBUS Kanal 1 Leistung;DAQ-ANA;3;;r;11020;11021;;kW;;;;;;;;;;;;;;;;;;;;;;;;
MBUS Kanal 1 Durchfluss;DAQ-ANA;3;;r;11022;11023;;l/h;;;;;;;;;;;;;;;;;;;;;;;;
MBUS Kanal 1 Energie;DAQ-ANA;3;;r;11024;11025;;kWh;;;;;;;;;;;;;;;;;;;;;;;;
MBUS Kanal 2 Vorlauftemperatur;DAQ-ANA;3;;r;11026;11027;;°C;;;;;;;;;;;;;;;;;;;;;;;;
MBUS Kanal 2 Rücklauftemperatur;DAQ-ANA;3;;r;11028;11029;;°C;;;;;;;;;;;;;;;;;;;;;;;;
MBUS Kanal 2 Leistung;DAQ-ANA;3;;r;11030;11031;;kW;;;;;;;;;;;;;;;;;;;;;;;;
MBUS Kanal 2 Durchfluss;DAQ-ANA;3;;r;11032;11033;;l/h;;;;;;;;;;;;;;;;;;;;;;;;
MBUS Kanal 2 Energie;DAQ-ANA;3;;r;11034;11035;;kWh;;;;;;;;;;;;;;;;;;;;;;;;
MBUS Kanal 3 Vorlauftemperatur;DAQ-ANA;3;;r;11036;11037;;°C;;;;;;;;;;;;;;;;;;;;;;;;
MBUS Kanal 3 Rücklauftemperatur;DAQ-ANA;3;;r;11038;11039;;°C;;;;;;;;;;;;;;;;;;;;;;;;
MBUS Kanal 3 Leistung;DAQ-ANA;3;;r;11040;11041;;kW;;;;;;;;;;;;;;;;;;;;;;;;
MBUS Kanal 3 Durchfluss;DAQ-ANA;3;;r;11042;11043;;l/h;;;;;;;;;;;;;;;;;;;;;;;;
MBUS Kanal 3 Energie;DAQ-ANA;3;;r;11044;11045;;kWh;;;;;;;;;;;;;;;;;;;;;;;;
MBUS Kanal 4 Vorlauftemperatur;DAQ-ANA;3;;r;11046;11047;;°C;;;;;;;;;;;;;;;;;;;;;;;;
MBUS Kanal 4 Rücklauftemperatur;DAQ-ANA;3;;r;11048;11049;;°C;;;;;;;;;;;;;;;;;;;;;;;;
MBUS Kanal 4 Leistung;DAQ-ANA;3;;r;11050;11051;;kW;;;;;;;;;;;;;;;;;;;;;;;;
MBUS Kanal 4 Durchfluss;DAQ-ANA;3;;r;11052;11053;;l/h;;;;;;;;;;;;;;;;;;;;;;;;
MBUS Kanal 4 Energie;DAQ-ANA;3;;r;11054;11055;;kWh;;;;;;;;;;;;;;;;;;;;;;;;
MBUS Kanal 5 Vorlauftemperatur;DAQ-ANA;3;;r;11056;11057;;°C;;;;;;;;;;;;;;;;;;;;;;;;
MBUS Kanal 5 Rücklauftemperatur;DAQ-ANA;3;;r;11058;11059;;°C;;;;;;;;;;;;;;;;;;;;;;;;
MBUS Kanal 5 Leistung;DAQ-ANA;3;;r;11060;11061;;kW;;;;;;;;;;;;;;;;;;;;;;;;
MBUS Kanal 5 Durchfluss;DAQ-ANA;3;;r;11062;11063;;l/h;;;;;;;;;;;;;;;;;;;;;;;;
MBUS Kanal 5 Energie;DAQ-ANA;3;;r;11064;11065;;kWh;;;;;;;;;;;;;;;;;;;;;;;;
MBUS Kanal 6 Vorlauftemperatur;DAQ-ANA;3;;r;11066;11067;;°C;;;;;;;;;;;;;;;;;;;;;;;;
MBUS Kanal 6 Rücklauftemperatur;DAQ-ANA;3;;r;11068;11069;;°C;;;;;;;;;;;;;;;;;;;;;;;;
MBUS Kanal 6 Leistung;DAQ-ANA;3;;r;11070;11071;;kW;;;;;;;;;;;;;;;;;;;;;;;;
MBUS Kanal 6 Durchfluss;DAQ-ANA;3;;r;11072;11073;;l/h;;;;;;;;;;;;;;;;;;;;;;;;
MBUS Kanal 6 Energie;DAQ-ANA;3;;r;11074;11075;;kWh;;;;;;;;;;;;;;;;;;;;;;;;
MBUS Kanal 7 Vorlauftemperatur;DAQ-ANA;3;;r;11076;11077;;°C;;;;;;;;;;;;;;;;;;;;;;;;
MBUS Kanal 7 Rücklauftemperatur;DAQ-ANA;3;;r;11078;11079;;°C;;;;;;;;;;;;;;;;;;;;;;;;
MBUS Kanal 7 Leistung;DAQ-ANA;3;;r;11080;11081;;kW;;;;;;;;;;;;;;;;;;;;;;;;
MBUS Kanal 7 Durchfluss;DAQ-ANA;3;;r;11082;11083;;l/h;;;;;;;;;;;;;;;;;;;;;;;;
MBUS Kanal 7 Energie;DAQ-ANA;3;;r;11084;11085;;kWh;;;;;;;;;;;;;;;;;;;;;;;;
MBUS Kanal 8 Vorlauftemperatur;DAQ-ANA;3;;r;11086;11087;;°C;;;;;;;;;;;;;;;;;;;;;;;;
MBUS Kanal 8 Rücklauftemperatur;DAQ-ANA;3;;r;11088;11089;;°C;;;;;;;;;;;;;;;;;;;;;;;;
MBUS Kanal 8 Leistung;DAQ-ANA;3;;r;11090;11091;;kW;;;;;;;;;;;;;;;;;;;;;;;;
MBUS Kanal 8 Durchfluss;DAQ-ANA;3;;r;11092;11093;;l/h;;;;;;;;;;;;;;;;;;;;;;;;
MBUS Kanal 8 Energie;DAQ-ANA;3;;r;11094;11095;;kWh;;;;;;;;;;;;;;;;;;;;;;;;
MBUS Kanal 9 Vorlauftemperatur;DAQ-ANA;3;;r;11096;11097;;°C;;;;;;;;;;;;;;;;;;;;;;;;
MBUS Kanal 9 Rücklauftemperatur;DAQ-ANA;3;;r;11098;11099;;°C;;;;;;;;;;;;;;;;;;;;;;;;
MBUS Kanal 9 Leistung;DAQ-ANA;3;;r;11100;11101;;kW;;;;;;;;;;;;;;;;;;;;;;;;
MBUS Kanal 9 Durchfluss;DAQ-ANA;3;;r;11102;11103;;l/h;;;;;;;;;;;;;;;;;;;;;;;;
MBUS Kanal 9 Energie;DAQ-ANA;3;;r;11104;11105;;kWh;;;;;;;;;;;;;;;;;;;;;;;;
MBUS Kanal 10 Vorlauftemperatur;DAQ-ANA;3;;r;11106;11107;;°C;;;;;;;;;;;;;;;;;;;;;;;;
MBUS Kanal 10 Rücklauftemperatur;DAQ-ANA;3;;r;11108;11109;;°C;;;;;;;;;;;;;;;;;;;;;;;;
MBUS Kanal 10 Leistung;DAQ-ANA;3;;r;11110;11111;;kW;;;;;;;;;;;;;;;;;;;;;;;;
MBUS Kanal 10 Durchfluss;DAQ-ANA;3;;r;11112;11113;;l/h;;;;;;;;;;;;;;;;;;;;;;;;
MBUS Kanal 10 Energie;DAQ-ANA;3;;r;11114;11115;;kWh;;;;;;;;;;;;;;;;;;;;;;;;
MBUS Kanal 11 Vorlauftemperatur;DAQ-ANA;3;;r;11116;11117;;°C;;;;;;;;;;;;;;;;;;;;;;;;
MBUS Kanal 11 Rücklauftemperatur;DAQ-ANA;3;;r;11118;11119;;°C;;;;;;;;;;;;;;;;;;;;;;;;
MBUS Kanal 11 Leistung;DAQ-ANA;3;;r;11120;11121;;kW;;;;;;;;;;;;;;;;;;;;;;;;
MBUS Kanal 11 Durchfluss;DAQ-ANA;3;;r;11122;11123;;l/h;;;;;;;;;;;;;;;;;;;;;;;;
MBUS Kanal 11 Energie;DAQ-ANA;3;;r;11124;11125;;kWh;;;;;;;;;;;;;;;;;;;;;;;;
MBUS Kanal 12 Vorlauftemperatur;DAQ-ANA;3;;r;11126;11127;;°C;;;;;;;;;;;;;;;;;;;;;;;;
MBUS Kanal 12 Rücklauftemperatur;DAQ-ANA;3;;r;11128;11129;;°C;;;;;;;;;;;;;;;;;;;;;;;;
MBUS Kanal 12 Leistung;DAQ-ANA;3;;r;11130;11131;;kW;;;;;;;;;;;;;;;;;;;;;;;;
MBUS Kanal 12 Durchfluss;DAQ-ANA;3;;r;11132;11133;;l/h;;;;;;;;;;;;;;;;;;;;;;;;
MBUS Kanal 12 Energie;DAQ-ANA;3;;r;11134;11135;;kWh;;;;;;;;;;;;;;;;;;;;;;;;
MBUS Kanal 13 Vorlauftemperatur;DAQ-ANA;3;;r;11136;11137;;°C;;;;;;;;;;;;;;;;;;;;;;;;
MBUS Kanal 13 Rücklauftemperatur;DAQ-ANA;3;;r;11138;11139;;°C;;;;;;;;;;;;;;;;;;;;;;;;
MBUS Kanal 13 Leistung;DAQ-ANA;3;;r;11140;11141;;kW;;;;;;;;;;;;;;;;;;;;;;;;
MBUS Kanal 13 Durchfluss;DAQ-ANA;3;;r;11142;11143;;l/h;;;;;;;;;;;;;;;;;;;;;;;;
MBUS Kanal 13 Energie;DAQ-ANA;3;;r;11144;11145;;kWh;;;;;;;;;;;;;;;;;;;;;;;;
MBUS Kanal 14 Vorlauftemperatur;DAQ-ANA;3;;r;11146;11147;;°C;;;;;;;;;;;;;;;;;;;;;;;;
MBUS Kanal 14 Rücklauftemperatur;DAQ-ANA;3;;r;11148;11149;;°C;;;;;;;;;;;;;;;;;;;;;;;;
MBUS Kanal 14 Leistung;DAQ-ANA;3;;r;11150;11151;;kW;;;;;;;;;;;;;;;;;;;;;;;;
MBUS Kanal 14 Durchfluss;DAQ-ANA;3;;r;11152;11153;;l/h;;;;;;;;;;;;;;;;;;;;;;;;
MBUS Kanal 14 Energie;DAQ-ANA;3;;r;11154;11155;;kWh;;;;;;;;;;;;;;;;;;;;;;;;
MBUS Kanal 15 Vorlauftemperatur;DAQ-ANA;3;;r;11156;11157;;°C;;;;;;;;;;;;;;;;;;;;;;;;
MBUS Kanal 15 Rücklauftemperatur;DAQ-ANA;3;;r;11158;11159;;°C;;;;;;;;;;;;;;;;;;;;;;;;
MBUS Kanal 15 Leistung;DAQ-ANA;3;;r;11160;11161;;kW;;;;;;;;;;;;;;;;;;;;;;;;
MBUS Kanal 15 Durchfluss;DAQ-ANA;3;;r;11162;11163;;l/h;;;;;;;;;;;;;;;;;;;;;;;;
MBUS Kanal 15 Energie;DAQ-ANA;3;;r;11164;11165;;kWh;;;;;;;;;;;;;;;;;;;;;;;;
MBUS Kanal 16 Vorlauftemperatur;DAQ-ANA;3;;r;11166;11167;;°C;;;;;;;;;;;;;;;;;;;;;;;;
MBUS Kanal 16 Rücklauftemperatur;DAQ-ANA;3;;r;11168;11169;;°C;;;;;;;;;;;;;;;;;;;;;;;;
MBUS Kanal 16 Leistung;DAQ-ANA;3;;r;11170;11171;;kW;;;;;;;;;;;;;;;;;;;;;;;;
MBUS Kanal 16 Durchfluss;DAQ-ANA;3;;r;11172;11173;;l/h;;;;;;;;;;;;;;;;;;;;;;;;
MBUS Kanal 16 Energie;DAQ-ANA;3;;r;11174;11175;;kWh;;;;;;;;;;;;;;;;;;;;;;;;
MBUS Kanal 17 Vorlauftemperatur;DAQ-ANA;3;;r;11176;11177;;°C;;;;;;;;;;;;;;;;;;;;;;;;
MBUS Kanal 17 Rücklauftemperatur;DAQ-ANA;3;;r;11178;11179;;°C;;;;;;;;;;;;;;;;;;;;;;;;
MBUS Kanal 17 Leistung;DAQ-ANA;3;;r;11180;11181;;kW;;;;;;;;;;;;;;;;;;;;;;;;
MBUS Kanal 17 Durchfluss;DAQ-ANA;3;;r;11182;11183;;l/h;;;;;;;;;;;;;;;;;;;;;;;;
MBUS Kanal 17 Energie;DAQ-ANA;3;;r;11184;11185;;kWh;;;;;;;;;;;;;;;;;;;;;;;;
MBUS Kanal 18 Vorlauftemperatur;DAQ-ANA;3;;r;11186;11187;;°C;;;;;;;;;;;;;;;;;;;;;;;;
MBUS Kanal 18 Rücklauftemperatur;DAQ-ANA;3;;r;11188;11189;;°C;;;;;;;;;;;;;;;;;;;;;;;;
MBUS Kanal 18 Leistung;DAQ-ANA;3;;r;11190;11191;;kW;;;;;;;;;;;;;;;;;;;;;;;;
MBUS Kanal 18 Durchfluss;DAQ-ANA;3;;r;11192;11193;;l/h;;;;;;;;;;;;;;;;;;;;;;;;
MBUS Kanal 18 Energie;DAQ-ANA;3;;r;11194;11195;;kWh;;;;;;;;;;;;;;;;;;;;;;;;
MBUS Kanal 19 Vorlauftemperatur;DAQ-ANA;3;;r;11196;11197;;°C;;;;;;;;;;;;;;;;;;;;;;;;
MBUS Kanal 19 Rücklauftemperatur;DAQ-ANA;3;;r;11198;11199;;°C;;;;;;;;;;;;;;;;;;;;;;;;
MBUS Kanal 19 Leistung;DAQ-ANA;3;;r;11200;11201;;kW;;;;;;;;;;;;;;;;;;;;;;;;
MBUS Kanal 19 Durchfluss;DAQ-ANA;3;;r;11202;11203;;l/h;;;;;;;;;;;;;;;;;;;;;;;;
MBUS Kanal 19 Energie;DAQ-ANA;3;;r;11204;11205;;kWh;;;;;;;;;;;;;;;;;;;;;;;;
MBUS Kanal 20 Vorlauftemperatur;DAQ-ANA;3;;r;11206;11207;;°C;;;;;;;;;;;;;;;;;;;;;;;;
MBUS Kanal 20 Rücklauftemperatur;DAQ-ANA;3;;r;11208;11209;;°C;;;;;;;;;;;;;;;;;;;;;;;;
MBUS Kanal 20 Leistung;DAQ-ANA;3;;r;11210;11211;;kW;;;;;;;;;;;;;;;;;;;;;;;;
MBUS Kanal 20 Durchfluss;DAQ-ANA;3;;r;11212;11213;;l/h;;;;;;;;;;;;;;;;;;;;;;;;
MBUS Kanal 20 Energie;DAQ-ANA;3;;r;11214;11215;;kWh;;;;;;;;;;;;;;;;;;;;;;;;
MBUS Kanal 21 Vorlauftemperatur;DAQ-ANA;3;;r;11216;11217;;°C;;;;;;;;;;;;;;;;;;;;;;;;
MBUS Kanal 21 Rücklauftemperatur;DAQ-ANA;3;;r;11218;11219;;°C;;;;;;;;;;;;;;;;;;;;;;;;
MBUS Kanal 21 Leistung;DAQ-ANA;3;;r;11220;11221;;kW;;;;;;;;;;;;;;;;;;;;;;;;
MBUS Kanal 21 Durchfluss;DAQ-ANA;3;;r;11222;11223;;l/h;;;;;;;;;;;;;;;;;;;;;;;;
MBUS Kanal 21 Energie;DAQ-ANA;3;;r;11224;11225;;kWh;;;;;;;;;;;;;;;;;;;;;;;;
Wärmemengenzähler Vorlauftemperatur;DAQ-ANA;3;;r;11756;11757;;°C;;;;;;;;;;;;;;;;;;;;;;;;
Wärmemengenzähler Rücklauftemperatur;DAQ-ANA;3;;r;11758;11759;;°C;;;;;;;;;;;;;;;;;;;;;;;;
Wärmemengenzähler Durchfluss;DAQ-ANA;3;;r;11760;11761;;;;;;;;;;;;;;;;;;;;;;;;;;
Wärmemengenzähler Leistung;DAQ-ANA;3;;r;11762;11763;;KW;;;;;;;;;;;;;;;;;;;;;;;;
Kaskade Solltemperatur Kessel A;DAQ-ANA;3;;r;11558;11559;;°C;;;;;;;;;;;;;;;;;;;;;;;;
Kaskade Solltemperatur Kessel B;DAQ-ANA;3;;r;11560;11561;;°C;;;;;;;;;;;;;;;;;;;;;;;;
Kaskade Solltemperatur Kessel C;DAQ-ANA;3;;r;11562;11563;;°C;;;;;;;;;;;;;;;;;;;;;;;;
Kaskade Solltemperatur Kessel D;DAQ-ANA;3;;r;11564;11565;;°C;;;;;;;;;;;;;;;;;;;;;;;;
Kaskade Temperatur Kessel A;DAQ-ANA;3;;r;11570;11571;;°C;;;;;;;;;;;;;;;;;;;;;;;;
Kaskade Temperatur Kessel B;DAQ-ANA;3;;r;11572;11573;;°C;;;;;;;;;;;;;;;;;;;;;;;;
Kaskade Temperatur Kessel C;DAQ-ANA;3;;r;11574;11575;;°C;;;;;;;;;;;;;;;;;;;;;;;;
Kaskade Temperatur Kessel D;DAQ-ANA;3;;r;11576;11577;;°C;;;;;;;;;;;;;;;;;;;;;;;;
Laufzeit Kaskade Leistung-Min Kessel A;DAQ-ANA;3;;r;11692;11693;;Min;;;;;;;;;;;;;;;;;;;;;;;;
Laufzeit Kaskade Leistung-Min Kessel B;DAQ-ANA;3;;r;11694;11695;;Min;;;;;;;;;;;;;;;;;;;;;;;;
Laufzeit Kaskade Leistung-Min Kessel C;DAQ-ANA;3;;r;11696;11697;;Min;;;;;;;;;;;;;;;;;;;;;;;;
Laufzeit Kaskade Leistung-Min Kessel D;DAQ-ANA;3;;r;11698;11699;;Min;;;;;;;;;;;;;;;;;;;;;;;;
Laufzeit Kaskade Leistung-Max Kessel A;DAQ-ANA;3;;r;11704;11705;;Min;;;;;;;;;;;;;;;;;;;;;;;;
Laufzeit Kaskade Leistung-Max Kessel B;DAQ-ANA;3;;r;11706;11707;;Min;;;;;;;;;;;;;;;;;;;;;;;;
Laufzeit Kaskade Leistung-Max Kessel C;DAQ-ANA;3;;r;11708;11709;;Min;;;;;;;;;;;;;;;;;;;;;;;;
Laufzeit Kaskade Leistung-Max Kessel D;DAQ-ANA;3;;r;11710;11711;;Min;;;;;;;;;;;;;;;;;;;;;;;;
Laufzeit Kaskade Leistung-Max KWK;DAQ-ANA;3;;r;11716;11717;;Min;;;;;;;;;;;;;;;;;;;;;;;;
Laufzeit Kaskade Leistung-Max Fremdwärme;DAQ-ANA;3;;r;11718;11719;;Min;;;;;;;;;;;;;;;;;;;;;;;;
Kaskade Laufzeit Kessel A;DAQ-ANA;3;;r;11720;11721;;h;;;;;;;;;;;;;;;;;;;;;;;;
Kaskade Laufzeit Kessel B;DAQ-ANA;3;;r;11722;11723;;h;;;;;;;;;;;;;;;;;;;;;;;;
Kaskade Laufzeit Kessel C;DAQ-ANA;3;;r;11724;11725;;h;;;;;;;;;;;;;;;;;;;;;;;;
Kaskade Laufzeit Kessel D;DAQ-ANA;3;;r;11726;11727;;h;;;;;;;;;;;;;;;;;;;;;;;;
Kaskade Laufzeit KWK;DAQ-ANA;3;;r;11732;11733;;h;;;;;;;;;;;;;;;;;;;;;;;;
Kaskade Laufzeit Fremdwärme;DAQ-ANA;3;;r;11734;11735;;h;;;;;;;;;;;;;;;;;;;;;;;;
Differenzregler Wärmequellentemperatur;DAQ-ANA;3;;r;10312;10313;;°C;;;;;;;;;;;;;;;;;;;;;;;;
Differenzregler Kreis 1 aktiv;DAQ-ANA;3;;r;11390;11391;;;;;;;;;;;;;;;;;;;;;;;;;;
Differenzregler Kreis 2 aktiv;DAQ-ANA;3;;r;11392;11393;;;;;;;;;;;;;;;;;;;;;;;;;;
Differenzregler Temperatur Kreis 1;DAQ-ANA;3;;r;11394;11395;;°C;;;;;;;;;;;;;;;;;;;;;;;;
Differenzregler Temperatur Kreis 2;DAQ-ANA;3;;r;11396;11397;;°C;;;;;;;;;;;;;;;;;;;;;;;;
Differenzregler WMZ Gesamtwert;DAQ-ANA;3;;r;11830;11831;;kWh;;;;;;;;;;;;;;;;;;;;;;;;
Differenzregler WMZ Tageswert;DAQ-ANA;3;;r;11832;11833;;kWh;;;;;;;;;;;;;;;;;;;;;;;;
Differenzregler WMZ Aktuell;DAQ-ANA;3;;r;11834;11835;;kW;;;;;;;;;;;;;;;;;;;;;;;;
Fremdwärmeregler Wärmequellentemperatur;DAQ-ANA;3;;r;10316;10317;;°C;;;;;;;;;;;;;;;;;;;;;;;;
Fremdwärmeregler Kreis 1 aktiv;DAQ-ANA;3;;r;11398;11399;;;;;;;;;;;;;;;;;;;;;;;;;;
Fremdwärmeregler Kreis 1 aktiv;DAQ-ANA;3;;r;11400;11401;;°C;;;;;;;;;;;;;;;;;;;;;;;;
Fremdwärmeregler Kreis 2 aktiv;DAQ-ANA;3;;r;11402;11403;;°C;;;;;;;;;;;;;;;;;;;;;;;;
Differenzregler PWM Wärmequellentemperatur;DAQ-ANA;3;;r;11404;11405;;°C;;;;;;;;;;;;;;;;;;;;;;;;
Differenzregler PWM Kreis 1 aktiv;DAQ-ANA;3;;r;11406;11407;;;;;;;;;;;;;;;;;;;;;;;;;;
Differenzregler PWM Kreis 2 aktiv;DAQ-ANA;3;;r;11408;11409;;;;;;;;;;;;;;;;;;;;;;;;;;
Differenzregler PWM Temperatur Kreis 1;DAQ-ANA;3;;r;11410;11411;;°C;;;;;;;;;;;;;;;;;;;;;;;;
Differenzregler PWM Temperatur Kreis 2;DAQ-ANA;3;;r;11412;11413;;°C;;;;;;;;;;;;;;;;;;;;;;;;
Differenzregler PWM P1;DAQ-ANA;3;;r;11414;11415;;%;;;;;;;;;;;;;;;;;;;;;;;;
Differenzregler PWM P2;DAQ-ANA;3;;r;11416;11417;;%;;;;;;;;;;;;;;;;;;;;;;;;
Differenzregler PWM P3;DAQ-ANA;3;;r;11418;11419;;%;;;;;;;;;;;;;;;;;;;;;;;;
Differenzregler PWM WMZ Gesamtwert;DAQ-ANA;3;;r;11420;11421;;kWh;;;;;;;;;;;;;;;;;;;;;;;;
Differenzregler PWM WMZ Tageswert;DAQ-ANA;3;;r;11422;11423;;kWh;;;;;;;;;;;;;;;;;;;;;;;;
Differenzregler PWM WMZ Aktuell;DAQ-ANA;3;;r;11424;11425;;kW;;;;;;;;;;;;;;;;;;;;;;;;
Differenzregler PWM P1 CAN Value;DAQ-ANA;3;;r;11426;11427;;;;;;;;;;;;;;;;;;;;;;;;;;
Differenzregler PWM P2 CAN Value;DAQ-ANA;3;;r;11428;11429;;;;;;;;;;;;;;;;;;;;;;;;;;
Differenzregler PWM P3 CAN Value;DAQ-ANA;3;;r;11430;11431;;;;;;;;;;;;;;;;;;;;;;;;;;
FWS 1 Puffertemperatur;DAQ-ANA;3;;r;10320;10321;;°C;;;;;;;;;;;;;;;;;;;;;;;;
FWS 1 Vorlauftemperatur;DAQ-ANA;3;;r;11990;11991;;°C;;;;;;;;;;;;;;;;;;;;;;;;
FWS 1 Solltemperatur;DAQ-ANA;3;;r;10322;10323;;°C;;;;;;;;;;;;;;;;;;;;;;;;
FWS 1 Isttemperatur;DAQ-ANA;3;;r;10324;10325;;°C;;;;;;;;;;;;;;;;;;;;;;;;
FWS 1 Durchfluss;DAQ-ANA;3;;r;11350;11351;;l/min;;;;;;;;;;;;;;;;;;;;;;;;
FWS 1 Leistung;DAQ-ANA;3;;r;11348;11349;;kW;;;;;;;;;;;;;;;;;;;;;;;;
FWS 1 Pumpenleistung;DAQ-ANA;3;;r;10326;10327;;%;;;;;;;;;;;;;;;;;;;;;;;;
FWS 1 Tagesmenge;DAQ-ANA;3;;r;12060;12061;;l;;;;;;;;;;;;;;;;;;;;;;;;
FWS 1 Gesamtmenge;DAQ-ANA;3;;r;12068;12069;;l;;;;;;;;;;;;;;;;;;;;;;;;
FWS 1 Puffertemperatur;DAQ-ANA;3;;r;13196;13197;;°C;;;;;;;;;;;;;;;;;;;;;;;;
FWS 2 Vorlauftemperatur;DAQ-ANA;3;;r;11992;11993;;°C;;;;;;;;;;;;;;;;;;;;;;;;
FWS 2 Solltemperatur;DAQ-ANA;3;;r;10332;10333;;°C;;;;;;;;;;;;;;;;;;;;;;;;
FWS 2 Isttemperatur;DAQ-ANA;3;;r;10334;10335;;°C;;;;;;;;;;;;;;;;;;;;;;;;
FWS 2 Durchfluss;DAQ-ANA;3;;r;11360;11361;;l/min;;;;;;;;;;;;;;;;;;;;;;;;
FWS 2 Leistung;DAQ-ANA;3;;r;11358;11359;;kW;;;;;;;;;;;;;;;;;;;;;;;;
FWS 2 Pumpenleistung;DAQ-ANA;3;;r;10336;10337;;%;;;;;;;;;;;;;;;;;;;;;;;;
FWS 2 Tagesmenge;DAQ-ANA;3;;r;12062;12063;;l;;;;;;;;;;;;;;;;;;;;;;;;
FWS 2 Gesamtmenge;DAQ-ANA;3;;r;12070;12071;;l;;;;;;;;;;;;;;;;;;;;;;;;
FWS 1 Puffertemperatur;DAQ-ANA;3;;r;13198;13199;;°C;;;;;;;;;;;;;;;;;;;;;;;;
FWS 3 Vorlauftemperatur;DAQ-ANA;3;;r;11994;11995;;°C;;;;;;;;;;;;;;;;;;;;;;;;
FWS 3 Solltemperatur;DAQ-ANA;3;;r;10342;10343;;°C;;;;;;;;;;;;;;;;;;;;;;;;
FWS 3 Isttemperatur;DAQ-ANA;3;;r;10344;10345;;°C;;;;;;;;;;;;;;;;;;;;;;;;
FWS 3 Durchfluss;DAQ-ANA;3;;r;11370;11371;;l/min;;;;;;;;;;;;;;;;;;;;;;;;
FWS 3 Leistung;DAQ-ANA;3;;r;11368;11369;;kW;;;;;;;;;;;;;;;;;;;;;;;;
FWS 3 Pumpenleistung;DAQ-ANA;3;;r;10346;10347;;%;;;;;;;;;;;;;;;;;;;;;;;;
FWS 3 Tagesmenge;DAQ-ANA;3;;r;12064;12065;;l;;;;;;;;;;;;;;;;;;;;;;;;
FWS 3 Gesamtmenge;DAQ-ANA;3;;r;12072;12073;;l;;;;;;;;;;;;;;;;;;;;;;;;
FWS 1 Puffertemperatur;DAQ-ANA;3;;r;13200;13201;;°C;;;;;;;;;;;;;;;;;;;;;;;;
FWS 4 Vorlauftemperatur;DAQ-ANA;3;;r;11996;11997;;°C;;;;;;;;;;;;;;;;;;;;;;;;
FWS 4 Solltemperatur;DAQ-ANA;3;;r;10352;10353;;°C;;;;;;;;;;;;;;;;;;;;;;;;
FWS 4 Isttemperatur;DAQ-ANA;3;;r;10354;10355;;°C;;;;;;;;;;;;;;;;;;;;;;;;
FWS 4 Durchfluss;DAQ-ANA;3;;r;11380;11381;;l/min;;;;;;;;;;;;;;;;;;;;;;;;
FWS 4 Leistung;DAQ-ANA;3;;r;11378;11379;;kW;;;;;;;;;;;;;;;;;;;;;;;;
FWS 4 Pumpenleistung;DAQ-ANA;3;;r;10356;10357;;%;;;;;;;;;;;;;;;;;;;;;;;;
FWS 4 Tagesmenge;DAQ-ANA;3;;r;12066;12067;;l;;;;;;;;;;;;;;;;;;;;;;;;
FWS 4 Gesamtmenge;DAQ-ANA;3;;r;12074;12075;;l;;;;;;;;;;;;;;;;;;;;;;;;
FWS Kaskade Leistung;DAQ-ANA;3;;r;11388;11389;;%;;;;;;;;;;;;;;;;;;;;;;;;
Zustand Smart Kessel;DAQ-ANA;3;;r;11864;11865;;;;;;;;;;;;;;;;;;;;;;;;;;
Anforderung Smart Kessel;DAQ-ANA;3;;r;11866;11867;;°C;;;;;;;;;;;;;;;;;;;;;;;;
Flags Smart Kessel;DAQ-ANA;3;;r;11868;11869;;;;;;;;;;;;;;;;;;;;;;;;;;
Smart Kessel gesperrt;DAQ-ANA;3;;r;11870;11871;;;;;;;;;;;;;;;;;;;;;;;;;;
Position Umschalteinheit;DAQ-ANA;3;;r;11524;11525;;;;;;;;;;;;;;;;;;;;;;;;;;
Sollposition Motor Umschalteinheit;DAQ-ANA;3;;r;11526;11527;;mm;;;;;;;;;;;;;;;;;;;;;;;;
Position Motor Umschalteinheit;DAQ-ANA;3;;r;11522;11523;;mm;;;;;;;;;;;;;;;;;;;;;;;;
Sollposition AUP;DAQ-ANA;3;;r;11582;11583;;mm;;;;;;;;;;;;;;;;;;;;;;;;
Position AUP;DAQ-ANA;3;;r;11584;11585;;mm;;;;;;;;;;;;;;;;;;;;;;;;
Stromaufnahme AUP;DAQ-ANA;3;;r;11586;11587;;mA;;;;;;;;;;;;;;;;;;;;;;;;
Zusatzpuffer-Temperatur oben (HKM1);DAQ-ANA;3;;rw;13178;13179;;°C;;;;;;;;;;;;;;;;;;;;;;;;
Zusatzpuffer-Temperatur Mitte (HKM1);DAQ-ANA;3;;rw;13180;13181;;°C;;;;;;;;;;;;;;;;;;;;;;;;
Zusatzpuffer-Temperatur unten (HKM1);DAQ-ANA;3;;rw;13182;13183;;°C;;;;;;;;;;;;;;;;;;;;;;;;
Pufferfüllgrad Zusatzpuffer (HKM1);DAQ-ANA;3;;r;13192;13193;;%;;;;;;;;;;;;;;;;;;;;;;;;
Pufferpumpe Zusatzpuffer (HKM1);DAQ-ANA;3;;r;13210;13211;;;;;;;;;;;;;;;;;;;;;;;;;;
Solltemperatur oben Zusatzpuffer (HKM1);DAQ-ANA;3;;r;13212;13213;;°C;;;;;;;;;;;;;;;;;;;;;;;;
Solltemperatur unten Zusatzpuffer (HKM1);DAQ-ANA;3;;r;13214;13215;;°C;;;;;;;;;;;;;;;;;;;;;;;;
Zustand Zusatzpuffer (HKM1);DAQ-ANA;3;;r;13216;13217;;;;;;Aus;Restwärme;Ein;Laden;Handbetrieb;Rauchfangkehrer;;;;;;;;;;;;;;;
höchste Anforderung Zusatzpuffer HKM1;DAQ-ANA;3;;r;13250;13251;;°C;;;;;;;;;;;;;;;;;;;;;;;;
Zusatzpuffer-Temperatur oben (HKM2);DAQ-ANA;3;;rw;13184;13185;;°C;;;;;;;;;;;;;;;;;;;;;;;;
Zusatzpuffer-Temperatur Mitte (HKM2);DAQ-ANA;3;;rw;13186;13187;;°C;;;;;;;;;;;;;;;;;;;;;;;;
Zusatzpuffer-Temperatur unten (HKM2);DAQ-ANA;3;;rw;13188;13189;;°C;;;;;;;;;;;;;;;;;;;;;;;;
Pufferfüllgrad Zusatzpuffer (HKM2);DAQ-ANA;3;;r;13194;13195;;%;;;;;;;;;;;;;;;;;;;;;;;;
Pufferpumpe Zusatzpuffer (HKM2);DAQ-ANA;3;;r;13218;13219;;;;;;;;;;;;;;;;;;;;;;;;;;
Solltemperatur oben Zusatzpuffer (HKM2);DAQ-ANA;3;;r;13220;13221;;°C;;;;;;;;;;;;;;;;;;;;;;;;
Solltemperatur unten Zusatzpuffer (HKM2);DAQ-ANA;3;;r;13222;13223;;°C;;;;;;;;;;;;;;;;;;;;;;;;
Zustand Zusatzpuffer (HKM2);DAQ-ANA;3;;r;13224;13225;;;;;;Aus;Restwärme;Ein;Laden;Handbetrieb;Rauchfangkehrer;;;;;;;;;;;;;;;
höchste Anforderung Zusatzpuffer HKM2;DAQ-ANA;3;;r;13252;13253;;°C;;;;;;;;;;;;;;;;;;;;;;;;
eCleaner Hochspannung Soll;DAQ-ANA;3;;r;13244;13245;;kV;;;;;;;;;;;;;;;;;;;;;;;;
Wasserdrucksensor;DAQ-ANA;3;;r;11686;11687;;bar;;;;;;;;;;;;;;;;;;;;;;;;
Störung;DAQ-DIG;3;;r;16036;16037;;;;;;;;;;;;;;;;;;;;;;;;;;
Sicherheitstemperaturbegrenzer;DAQ-DIG;3;;r;16072;16073;;;;;;;;;;;;;;;;;;;;;;;;;;
Füllstand Pellets;DAQ-DIG;3;;r;16093;16094;;;;;;;;;;;;;;;;;;;;;;;;;;
Pumpe Rücklauf/Puffer;DAQ-DIG;3;;r;16024;16025;;;;;;;;;;;;;;;;;;;;;;;;;;
Rücklaufmischer Auf;DAQ-DIG;3;;r;16096;16097;;;;;;;;;;;;;;;;;;;;;;;;;;
Rücklaufmischer Zu;DAQ-DIG;3;;r;16097;16098;;;;;;;;;;;;;;;;;;;;;;;;;;
Aktivität am Kessel;DAQ-DIG;3;;r;16069;16070;;;;;;;;;;;;;;;;;;;;;;;;;;
Aktiver Servicecode/Mastercode;DAQ-DIG;3;;r;16070;16071;;;;;;;;;;;;;;;;;;;;;;;;;;
Freigabe Fremdwärme;DAQ-DIG;3;;r;16054;16055;;;;;;;;;;;;;;;;;;;;;;;;;;
Pumpe geregelte Fernleitung 1;DAQ-DIG;3;;r;16059;16060;;;;;;;;;;;;;;;;;;;;;;;;;;
Mischer Auf geregelte Fernleitung 1;DAQ-DIG;3;;r;16060;16061;;;;;;;;;;;;;;;;;;;;;;;;;;
Mischer Zu geregelte Fernleitung 1;DAQ-DIG;3;;r;16061;16062;;;;;;;;;;;;;;;;;;;;;;;;;;
Pumpe geregelte Fernleitung 2;DAQ-DIG;3;;r;16190;16191;;;;;;;;;;;;;;;;;;;;;;;;;;
Mischer Auf geregelte Fernleitung 2;DAQ-DIG;3;;r;16191;16192;;;;;;;;;;;;;;;;;;;;;;;;;;
Mischer Zu geregelte Fernleitung 2;DAQ-DIG;3;;r;16192;16193;;;;;;;;;;;;;;;;;;;;;;;;;;
Heizung Lambdasonde;DAQ-DIG;3;;r;16078;16079;;;;;;;;;;;;;;;;;;;;;;;;;;
Heizung Zündung;DAQ-DIG;3;;r;16079;16080;;;;;;;;;;;;;;;;;;;;;;;;;;
Gebläse Zündung;DAQ-DIG;3;;r;16080;16081;;;;;;;;;;;;;;;;;;;;;;;;;;
Ascheaustragung aktiv;DAQ-DIG;3;;r;16081;16082;;;;;;;;;;;;;;;;;;;;;;;;;;
Richtung Ascheaustragung;DAQ-DIG;3;;r;16082;16083;;;;;;;;;;;;;;;;;;;;;;;;;;
Einschubschnecke aktiv;DAQ-DIG;3;;r;16084;16085;;;;;;;;;;;;;;;;;;;;;;;;;;
Richtung Einschubschnecke;DAQ-DIG;3;;r;16085;16086;;;;;;;;;;;;;;;;;;;;;;;;;;
Raumaustragung Sauger aktiv;DAQ-DIG;3;;r;16077;16078;;;;;;;;;;;;;;;;;;;;;;;;;;
Raumaustragung aktiv;DAQ-DIG;3;;r;16086;16087;;;;;;;;;;;;;;;;;;;;;;;;;;
Richtung Raumaustragung;DAQ-DIG;3;;r;16087;16088;;;;;;;;;;;;;;;;;;;;;;;;;;
Reinigung freigegeben;DAQ-DIG;3;;r;16188;16189;;;;;;;;;;;;;;;;;;;;;;;;;;
Reinigung aktiv;DAQ-DIG;3;;r;16189;16190;;;;;;;;;;;;;;;;;;;;;;;;;;
Reinigung in Endlage;DAQ-DIG;3;;r;16161;16162;;;;;;;;;;;;;;;;;;;;;;;;;;
Anforderung Füllen;DAQ-DIG;3;;r;16164;16165;;;;;;;;;;;;;;;;;;;;;;;;;;
Pumpe Heizkreis A;DAQ-DIG;3;;r;16028;16029;;;;;;;;;;;;;;;;;;;;;;;;;;
Mischer Auf Heizkreis A;DAQ-DIG;3;;r;16008;16009;;;;;;;;;;;;;;;;;;;;;;;;;;
Mischer Zu Heizkreis A;DAQ-DIG;3;;r;16009;16010;;;;;;;;;;;;;;;;;;;;;;;;;;
Pumpe Heizkreis 1;DAQ-DIG;3;;r;16029;16030;;;;;;;;;;;;;;;;;;;;;;;;;;
Mischer Auf Heizkreis 1;DAQ-DIG;3;;r;16010;16011;;;;;;;;;;;;;;;;;;;;;;;;;;
Mischer Zu Heizkreis 1;DAQ-DIG;3;;r;16011;16012;;;;;;;;;;;;;;;;;;;;;;;;;;
Pumpe Heizkreis 2;DAQ-DIG;3;;r;16030;16031;;;;;;;;;;;;;;;;;;;;;;;;;;
Mischer Auf Heizkreis 2;DAQ-DIG;3;;r;16012;16013;;;;;;;;;;;;;;;;;;;;;;;;;;
Mischer Zu Heizkreis 2;DAQ-DIG;3;;r;16013;16014;;;;;;;;;;;;;;;;;;;;;;;;;;
Pumpe Heizkreis 3;DAQ-DIG;3;;r;16031;16032;;;;;;;;;;;;;;;;;;;;;;;;;;
Mischer Auf Heizkreis 3;DAQ-DIG;3;;r;16014;16015;;;;;;;;;;;;;;;;;;;;;;;;;;
Mischer Zu Heizkreis 3;DAQ-DIG;3;;r;16015;16016;;;;;;;;;;;;;;;;;;;;;;;;;;
Pumpe Heizkreis 4;DAQ-DIG;3;;r;16032;16033;;;;;;;;;;;;;;;;;;;;;;;;;;
Mischer Auf Heizkreis 4;DAQ-DIG;3;;r;16016;16017;;;;;;;;;;;;;;;;;;;;;;;;;;
Mischer Zu Heizkreis 4;DAQ-DIG;3;;r;16017;16018;;;;;;;;;;;;;;;;;;;;;;;;;;
Pumpe Heizkreis 5;DAQ-DIG;3;;r;16033;16034;;;;;;;;;;;;;;;;;;;;;;;;;;
Mischer Auf Heizkreis 5;DAQ-DIG;3;;r;16018;16019;;;;;;;;;;;;;;;;;;;;;;;;;;
Mischer Zu Heizkreis 5;DAQ-DIG;3;;r;16019;16020;;;;;;;;;;;;;;;;;;;;;;;;;;
Pumpe Heizkreis 6;DAQ-DIG;3;;r;16034;16035;;;;;;;;;;;;;;;;;;;;;;;;;;
Mischer Auf Heizkreis 6;DAQ-DIG;3;;r;16020;16021;;;;;;;;;;;;;;;;;;;;;;;;;;
Mischer Zu Heizkreis 6;DAQ-DIG;3;;r;16021;16022;;;;;;;;;;;;;;;;;;;;;;;;;;
Pumpe Heizkreis B;DAQ-DIG;3;;r;16035;16036;;;;;;;;;;;;;;;;;;;;;;;;;;
Mischer Auf Heizkreis B;DAQ-DIG;3;;r;16022;16023;;;;;;;;;;;;;;;;;;;;;;;;;;
Mischer Zu Heizkreis B;DAQ-DIG;3;;r;16023;16024;;;;;;;;;;;;;;;;;;;;;;;;;;
Pumpe Boiler A;DAQ-DIG;3;;r;16002;16003;;;;;;;;;;;;;;;;;;;;;;;;;;
Pumpe Boiler 1;DAQ-DIG;3;;r;16003;16004;;;;;;;;;;;;;;;;;;;;;;;;;;
Pumpe Boiler 2;DAQ-DIG;3;;r;16004;16005;;;;;;;;;;;;;;;;;;;;;;;;;;
Pumpe Boiler 3;DAQ-DIG;3;;r;16005;16006;;;;;;;;;;;;;;;;;;;;;;;;;;
Pumpe Boiler B;DAQ-DIG;3;;r;16006;16007;;;;;;;;;;;;;;;;;;;;;;;;;;
Zirkulationspumpe Boiler A;DAQ-DIG;3;;r;16049;16050;;;;;;;;;;;;;;;;;;;;;;;;;;
Zirkulationspumpe Boiler 1;DAQ-DIG;3;;r;16050;16051;;;;;;;;;;;;;;;;;;;;;;;;;;
Zirkulationspumpe Boiler 2;DAQ-DIG;3;;r;16051;16052;;;;;;;;;;;;;;;;;;;;;;;;;;
Zirkulationspumpe Boiler 3;DAQ-DIG;3;;r;16052;16053;;;;;;;;;;;;;;;;;;;;;;;;;;
Zirkulationspumpe Boiler B;DAQ-DIG;3;;r;16053;16054;;;;;;;;;;;;;;;;;;;;;;;;;;
Sicherheitsschalter Aschebox;DAQ-DIG;3;;r;16098;16099;;;;;;;;;;;;;;;;;;;;;;;;;;
Netztrafo aktiv;DAQ-DIG;3;;r;16165;16166;;;;;;;;;;;;;;;;;;;;;;;;;;
Netzrelais aktiv;DAQ-DIG;3;;r;16166;16167;;;;;;;;;;;;;;;;;;;;;;;;;;
Sicherheitsschalter Lager;DAQ-DIG;3;;r;16101;16102;;;;;;;;;;;;;;;;;;;;;;;;;;
Pumpe Fernleitung 1;DAQ-DIG;3;;r;16107;16108;;;;;;;;;;;;;;;;;;;;;;;;;;
Abgastemperaturwächter;DAQ-DIG;3;;r;16113;16114;;;;;;;;;;;;;;;;;;;;;;;;;;
Entaschung gesperrt;DAQ-DIG;3;;r;16112;16113;;;;;;;;;;;;;;;;;;;;;;;;;;
Heizkreisventil;DAQ-DIG;3;;r;16055;16056;;;;;;;;;;;;;;;;;;;;;;;;;;
Spülung aktiv Nano-PK Plus;DAQ-DIG;3;;r;16167;16168;;;;;;;;;;;;;;;;;;;;;;;;;;
Externer Heizkreis vorhanden;DAQ-DIG;3;;r;16540;16541;;;;;;;;;;;;;;;;;;;;;;;;;;
Externer Heizkreis 2 vorhanden;DAQ-DIG;3;;r;16542;16543;;;;;;;;;;;;;;;;;;;;;;;;;;
Externer Heizkreis 3 vorhanden;DAQ-DIG;3;;r;16543;16544;;;;;;;;;;;;;;;;;;;;;;;;;;
Anforderung externer Heizkreis;DAQ-DIG;3;;r;15999;16000;;;;;;;;;;;;;;;;;;;;;;;;;;
Anforderung externer Heizkreis 2;DAQ-DIG;3;;r;16001;16002;;;;;;;;;;;;;;;;;;;;;;;;;;
Anforderung externer Heizkreis 3;DAQ-DIG;3;;r;16115;16116;;;;;;;;;;;;;;;;;;;;;;;;;;
Pumpe externer Heizkreis 1;DAQ-DIG;3;;r;16025;16026;;;;;;;;;;;;;;;;;;;;;;;;;;
Pumpe externer Heizkreis 2;DAQ-DIG;3;;r;16027;16028;;;;;;;;;;;;;;;;;;;;;;;;;;
Pumpe externer Heizkreis 3;DAQ-DIG;3;;r;16106;16107;;;;;;;;;;;;;;;;;;;;;;;;;;
Kaskade minimale Leistung Kessel A;DAQ-DIG;3;;r;16120;16121;;;;;;;;;;;;;;;;;;;;;;;;;;
Kaskade minimale Leistung Kessel B;DAQ-DIG;3;;r;16121;16122;;;;;;;;;;;;;;;;;;;;;;;;;;
Kaskade minimale Leistung Kessel C;DAQ-DIG;3;;r;16122;16123;;;;;;;;;;;;;;;;;;;;;;;;;;
Kaskade minimale Leistung Kessel D;DAQ-DIG;3;;r;16123;16124;;;;;;;;;;;;;;;;;;;;;;;;;;
Kaskade maximale Leistung Kessel A;DAQ-DIG;3;;r;16126;16127;;;;;;;;;;;;;;;;;;;;;;;;;;
Kaskade maximale Leistung Kessel B;DAQ-DIG;3;;r;16127;16128;;;;;;;;;;;;;;;;;;;;;;;;;;
Kaskade maximale Leistung Kessel C;DAQ-DIG;3;;r;16128;16129;;;;;;;;;;;;;;;;;;;;;;;;;;
Kaskade maximale Leistung Kessel D;DAQ-DIG;3;;r;16129;16130;;;;;;;;;;;;;;;;;;;;;;;;;;
Kaskade Kessel A aktiv;DAQ-DIG;3;;r;16132;16133;;;;;;;;;;;;;;;;;;;;;;;;;;
Kaskade Kessel B aktiv;DAQ-DIG;3;;r;16133;16134;;;;;;;;;;;;;;;;;;;;;;;;;;
Kaskade Kessel C aktiv;DAQ-DIG;3;;r;16134;16135;;;;;;;;;;;;;;;;;;;;;;;;;;
Kaskade Kessel D aktiv;DAQ-DIG;3;;r;16135;16136;;;;;;;;;;;;;;;;;;;;;;;;;;
Kaskade Kessel A Startbereit;DAQ-DIG;3;;r;16138;16139;;;;;;;;;;;;;;;;;;;;;;;;;;
Kaskade Kessel B Startbereit;DAQ-DIG;3;;r;16139;16140;;;;;;;;;;;;;;;;;;;;;;;;;;
Kaskade Kessel C Startbereit;DAQ-DIG;3;;r;16140;16141;;;;;;;;;;;;;;;;;;;;;;;;;;
Kaskade Kessel D Startbereit;DAQ-DIG;3;;r;16141;16142;;;;;;;;;;;;;;;;;;;;;;;;;;
Kaskade KWK Out;DAQ-DIG;3;;r;16168;16169;;;;;;;;;;;;;;;;;;;;;;;;;;
Ausgang Ölkessel;DAQ-DIG;3;;r;16157;16158;;;;;;;;;;;;;;;;;;;;;;;;;;
Kaskade KWK ok;DAQ-DIG;3;;r;16162;16163;;;;;;;;;;;;;;;;;;;;;;;;;;
Kaskade FW ok;DAQ-DIG;3;;r;16163;16164;;;;;;;;;;;;;;;;;;;;;;;;;;
Differenzregler Pumpe 2;DAQ-DIG;3;;r;16037;16038;;;;;;;;;;;;;;;;;;;;;;;;;;
Differenzregler Pumpe 3;DAQ-DIG;3;;r;16038;16039;;;;;;;;;;;;;;;;;;;;;;;;;;
Differenzregler Mischer/Ventil Auf;DAQ-DIG;3;;r;16039;16040;;;;;;;;;;;;;;;;;;;;;;;;;;
Differenzregler Mischer Zu;DAQ-DIG;3;;r;16040;16041;;;;;;;;;;;;;;;;;;;;;;;;;;
Fremdwärmeregler Pumpe 2;DAQ-DIG;3;;r;16041;16042;;;;;;;;;;;;;;;;;;;;;;;;;;
Fremdwärmeregler Mischer/Ventil Auf;DAQ-DIG;3;;r;16043;16044;;;;;;;;;;;;;;;;;;;;;;;;;;
Fremdwärmeregler Mischer Zu;DAQ-DIG;3;;r;16044;16045;;;;;;;;;;;;;;;;;;;;;;;;;;
Differenzregler 3 Pumpe 2;DAQ-DIG;3;;r;16045;16046;;;;;;;;;;;;;;;;;;;;;;;;;;
Differenzregler 3 Pumpe 3;DAQ-DIG;3;;r;16046;16047;;;;;;;;;;;;;;;;;;;;;;;;;;
Differenzregler 3 Mischer/Ventil Auf;DAQ-DIG;3;;r;16047;16048;;;;;;;;;;;;;;;;;;;;;;;;;;
Differenzregler 3 Mischer Zu;DAQ-DIG;3;;r;16048;16049;;;;;;;;;;;;;;;;;;;;;;;;;;
Heizkreis A Modus;WAHL;3;6;rw;19999;20000;1;;;;;Aus;Auto;Absenken;Heizen;1x Heizen;Kühlen;;;;;;;;;;;;;;;
Heizkreis 1 Modus;WAHL;3;6;rw;20000;20001;;;;;;Aus;Auto;Absenken;Heizen;1x Heizen;Kühlen;;;;;;;;;;;;;;;
Heizkreis 2 Modus;WAHL;3;6;rw;20001;20002;;;;;;Aus;Auto;Absenken;Heizen;1x Heizen;Kühlen;;;;;;;;;;;;;;;
Heizkreis 3 Modus;WAHL;3;6;rw;20002;20003;;;;;;Aus;Auto;Absenken;Heizen;1x Heizen;Kühlen;;;;;;;;;;;;;;;
Heizkreis 4 Modus;WAHL;3;6;rw;20003;20004;;;;;;Aus;Auto;Absenken;Heizen;1x Heizen;Kühlen;;;;;;;;;;;;;;;
Heizkreis 5 Modus;WAHL;3;6;rw;20004;20005;;;;;;Aus;Auto;Absenken;Heizen;1x Heizen;Kühlen;;;;;;;;;;;;;;;
Heizkreis 6 Modus;WAHL;3;6;rw;20005;20006;;;;;;Aus;Auto;Absenken;Heizen;1x Heizen;Kühlen;;;;;;;;;;;;;;;
Heizkreis B Modus;WAHL;3;6;rw;20006;20007;;;;;;Aus;Auto;Absenken;Heizen;1x Heizen;Kühlen;;;;;;;;;;;;;;;
Auswahl Wochenprogramm KNX ;WAHL;3;6;rw;20007;20008;;;;;;0;1;2;3;4;5;6;;;;;;;;;;;;;;
Zentralpuffer Ladung starten;WAHL;3;6;rw;20929;20930;;;;;;Nein;Ja;;;;;;;;;;;;;;;;;;;
Boiler A Ladung starten;WAHL;3;6;rw;20930;20931;;;;;;Nein;Ja;;;;;;;;;;;;;;;;;;;
Boiler 1 Ladung starten;WAHL;3;6;rw;20931;20932;;;;;;Nein;Ja;;;;;;;;;;;;;;;;;;;
Boiler 2 Ladung starten;WAHL;3;6;rw;20932;20933;;;;;;Nein;Ja;;;;;;;;;;;;;;;;;;;
Boiler 3 Ladung starten;WAHL;3;6;rw;20933;20934;;;;;;Nein;Ja;;;;;;;;;;;;;;;;;;;
Boiler B Ladung starten;WAHL;3;6;rw;20934;20935;;;;;;Nein;Ja;;;;;;;;;;;;;;;;;;;
Zusatzpuffer HKM1 Ladung starten;WAHL;3;;rw;23981;23982;;;;;;Nein;Ja;;;;;;;;;;;;;;;;;;;
Zusatzpuffer HKM2 Ladung starten;WAHL;3;;rw;23982;23983;;;;;;Nein;Ja;;;;;;;;;;;;;;;;;;;
Boiler 1 Tagesuhr Mo-So;TPROG;3;;rw;20099;20100;;;;;;;;;;;;;;;;;;;;;;;;;;
Boiler 1 Wochenuhr;WPROG;3;;rw;20103;20104;;;;;;;;;;;;;;;;;;;;;;;;;;
Boiler 1 Wochenuhr;WPROG;3;;rw;20108;20109;;;;;;;;;;;;;;;;;;;;;;;;;;
Boiler 1 Wochenuhr;WPROG;3;;rw;20113;20114;;;;;;;;;;;;;;;;;;;;;;;;;;
Boiler 1 Wochenuhr;WPROG;3;;rw;20118;20119;;;;;;;;;;;;;;;;;;;;;;;;;;
Boiler 1 Wochenuhr;WPROG;3;;rw;20123;20124;;;;;;;;;;;;;;;;;;;;;;;;;;
Boiler 1 Wochenuhr;WPROG;3;;rw;20128;20129;;;;;;;;;;;;;;;;;;;;;;;;;;
Boiler 1 Wochenuhr;WPROG;3;;rw;20133;20134;;;;;;;;;;;;;;;;;;;;;;;;;;
Boiler 1 Solltemperatur;INT;3;;rw;20138;20139;;°C;10;84;1;;;;;;;;;;;;;;;;;;;;;
Boiler 1 Zirkulationspumpe;TPROG;3;;rw;20139;20140;;;;;;;;;;;;;;;;;;;;;;;;;;
Heizkreis 1 Tagesuhr Mo-So;TPROG;3;;rw;20143;20144;;;;;;;;;;;;;;;;;;;;;;;;;;
Heizkreis 1 Wochenuhr;WPROG;3;;rw;20147;20148;;;;;;;;;;;;;;;;;;;;;;;;;;
Heizkreis 1 Wochenuhr;WPROG;3;;rw;20152;20153;;;;;;;;;;;;;;;;;;;;;;;;;;
Heizkreis 1 Wochenuhr;WPROG;3;;rw;20157;20158;;;;;;;;;;;;;;;;;;;;;;;;;;
Heizkreis 1 Wochenuhr;WPROG;3;;rw;20162;20163;;;;;;;;;;;;;;;;;;;;;;;;;;
Heizkreis 1 Wochenuhr;WPROG;3;;rw;20167;20168;;;;;;;;;;;;;;;;;;;;;;;;;;
Heizkreis 1 Wochenuhr;WPROG;3;;rw;20172;20173;;;;;;;;;;;;;;;;;;;;;;;;;;
Heizkreis 1 Wochenuhr;WPROG;3;;rw;20177;20178;;;;;;;;;;;;;;;;;;;;;;;;;;
Heizkreis 1 Tages-Raumtemperatur;FLOAT;3;;rw;20182;20183;;°C;14.00;26.00;0.50;;;;;;;;;;;;;;;;;;;;;
Heizkreis 1 Absenk-Raumtemperatur;FLOAT;3;;rw;20184;20185;;°C;8.00;24.00;0.50;;;;;;;;;;;;;;;;;;;;;
Heizkreis 2 Tagesuhr Mo-So;TPROG;3;;rw;20186;20187;;;;;;;;;;;;;;;;;;;;;;;;;;
Heizkreis 2 Wochenuhr;WPROG;3;;rw;20190;20191;;;;;;;;;;;;;;;;;;;;;;;;;;
Heizkreis 2 Wochenuhr;WPROG;3;;rw;20195;20196;;;;;;;;;;;;;;;;;;;;;;;;;;
Heizkreis 2 Wochenuhr;WPROG;3;;rw;20200;20201;;;;;;;;;;;;;;;;;;;;;;;;;;
Heizkreis 2 Wochenuhr;WPROG;3;;rw;20205;20206;;;;;;;;;;;;;;;;;;;;;;;;;;
Heizkreis 2 Wochenuhr;WPROG;3;;rw;20210;20211;;;;;;;;;;;;;;;;;;;;;;;;;;
Heizkreis 2 Wochenuhr;WPROG;3;;rw;20215;20216;;;;;;;;;;;;;;;;;;;;;;;;;;
Heizkreis 2 Wochenuhr;WPROG;3;;rw;20220;20221;;;;;;;;;;;;;;;;;;;;;;;;;;
Heizkreis 2 Tages-Raumtemperatur;FLOAT;3;;rw;20225;20226;;°C;14.00;26.00;0.50;;;;;;;;;;;;;;;;;;;;;
Heizkreis 2 Absenk-Raumtemperatur;FLOAT;3;;rw;20227;20228;;°C;8.00;24.00;0.50;;;;;;;;;;;;;;;;;;;;;
Boiler A Tagesuhr Mo-So;TPROG;3;;rw;20008;20009;;;;;;;;;;;;;;;;;;;;;;;;;;
Boiler A Wochenuhr;WPROG;3;;rw;20012;20013;;;;;;;;;;;;;;;;;;;;;;;;;;
Boiler A Wochenuhr;WPROG;3;;rw;20017;20018;;;;;;;;;;;;;;;;;;;;;;;;;;
Boiler A Wochenuhr;WPROG;3;;rw;20022;20023;;;;;;;;;;;;;;;;;;;;;;;;;;
Boiler A Wochenuhr;WPROG;3;;rw;20027;20028;;;;;;;;;;;;;;;;;;;;;;;;;;
Boiler A Wochenuhr;WPROG;3;;rw;20032;20033;;;;;;;;;;;;;;;;;;;;;;;;;;
Boiler A Wochenuhr;WPROG;3;;rw;20037;20038;;;;;;;;;;;;;;;;;;;;;;;;;;
Boiler A Wochenuhr;WPROG;3;;rw;20042;20043;;;;;;;;;;;;;;;;;;;;;;;;;;
Boiler A Solltemperatur;INT;3;;rw;20047;20048;;°C;10;84;1;;;;;;;;;;;;;;;;;;;;;
Boiler A Zirkulationspumpe;TPROG;3;;rw;20052;20053;;;;;;;;;;;;;;;;;;;;;;;;;;
Heizkreis A Tagesuhr Mo-So;TPROG;3;;rw;20056;20057;;;;;;;;;;;;;;;;;;;;;;;;;;
Heizkreis A Wochenuhr;WPROG;3;;rw;20060;20061;;;;;;;;;;;;;;;;;;;;;;;;;;
Heizkreis A Wochenuhr;WPROG;3;;rw;20065;20066;;;;;;;;;;;;;;;;;;;;;;;;;;
Heizkreis A Wochenuhr;WPROG;3;;rw;20070;20071;;;;;;;;;;;;;;;;;;;;;;;;;;
Heizkreis A Wochenuhr;WPROG;3;;rw;20075;20076;;;;;;;;;;;;;;;;;;;;;;;;;;
Heizkreis A Wochenuhr;WPROG;3;;rw;20080;20081;;;;;;;;;;;;;;;;;;;;;;;;;;
Heizkreis A Wochenuhr;WPROG;3;;rw;20085;20086;;;;;;;;;;;;;;;;;;;;;;;;;;
Heizkreis A Wochenuhr;WPROG;3;;rw;20090;20091;;;;;;;;;;;;;;;;;;;;;;;;;;
Heizkreis A Tages-Raumtemperatur;FLOAT;3;;rw;20095;20096;;°C;14.00;26.00;0.50;;;;;;;;;;;;;;;;;;;;;
Heizkreis A Absenk-Raumtemperatur;FLOAT;3;;rw;20097;20098;;°C;8.00;24.00;0.50;;;;;;;;;;;;;;;;;;;;;
Boiler 2 Tagesuhr Mo-So;TPROG;3;;rw;20229;20230;;;;;;;;;;;;;;;;;;;;;;;;;;
Boiler 2 Wochenuhr;WPROG;3;;rw;20233;20234;;;;;;;;;;;;;;;;;;;;;;;;;;
Boiler 2 Wochenuhr;WPROG;3;;rw;20238;20239;;;;;;;;;;;;;;;;;;;;;;;;;;
Boiler 2 Wochenuhr;WPROG;3;;rw;20243;20244;;;;;;;;;;;;;;;;;;;;;;;;;;
Boiler 2 Wochenuhr;WPROG;3;;rw;20248;20249;;;;;;;;;;;;;;;;;;;;;;;;;;
Boiler 2 Wochenuhr;WPROG;3;;rw;20253;20254;;;;;;;;;;;;;;;;;;;;;;;;;;
Boiler 2 Wochenuhr;WPROG;3;;rw;20258;20259;;;;;;;;;;;;;;;;;;;;;;;;;;
Boiler 2 Wochenuhr;WPROG;3;;rw;20263;20264;;;;;;;;;;;;;;;;;;;;;;;;;;
Boiler 2 Solltemperatur;INT;3;;rw;20268;20269;;°C;10;84;1;;;;;;;;;;;;;;;;;;;;;
Boiler 2 Zirkulationspumpe;TPROG;3;;rw;20269;20270;;;;;;;;;;;;;;;;;;;;;;;;;;
Heizkreis 3 Tagesuhr Mo-So;TPROG;3;;rw;20327;20328;;;;;;;;;;;;;;;;;;;;;;;;;;
Heizkreis 3 Wochenuhr;WPROG;3;;rw;20331;20332;;;;;;;;;;;;;;;;;;;;;;;;;;
Heizkreis 3 Wochenuhr;WPROG;3;;rw;20336;20337;;;;;;;;;;;;;;;;;;;;;;;;;;
Heizkreis 3 Wochenuhr;WPROG;3;;rw;20341;20342;;;;;;;;;;;;;;;;;;;;;;;;;;
Heizkreis 3 Wochenuhr;WPROG;3;;rw;20346;20347;;;;;;;;;;;;;;;;;;;;;;;;;;
Heizkreis 3 Wochenuhr;WPROG;3;;rw;20351;20352;;;;;;;;;;;;;;;;;;;;;;;;;;
Heizkreis 3 Wochenuhr;WPROG;3;;rw;20356;20357;;;;;;;;;;;;;;;;;;;;;;;;;;
Heizkreis 3 Wochenuhr;WPROG;3;;rw;20361;20362;;;;;;;;;;;;;;;;;;;;;;;;;;
Heizkreis 3 Tages-Raumtemperatur;FLOAT;3;;rw;20366;20367;;°C;14.00;26.00;0.50;;;;;;;;;;;;;;;;;;;;;
Heizkreis 3 Absenk-Raumtemperatur;FLOAT;3;;rw;20368;20369;;°C;8.00;24.00;0.50;;;;;;;;;;;;;;;;;;;;;
Heizkreis 4 Tagesuhr Mo-So;TPROG;3;;rw;20370;20371;;;;;;;;;;;;;;;;;;;;;;;;;;
Heizkreis 4 Wochenuhr;WPROG;3;;rw;20374;20375;;;;;;;;;;;;;;;;;;;;;;;;;;
Heizkreis 4 Wochenuhr;WPROG;3;;rw;20379;20380;;;;;;;;;;;;;;;;;;;;;;;;;;
Heizkreis 4 Wochenuhr;WPROG;3;;rw;20384;20385;;;;;;;;;;;;;;;;;;;;;;;;;;
Heizkreis 4 Wochenuhr;WPROG;3;;rw;20389;20390;;;;;;;;;;;;;;;;;;;;;;;;;;
Heizkreis 4 Wochenuhr;WPROG;3;;rw;20394;20395;;;;;;;;;;;;;;;;;;;;;;;;;;
Heizkreis 4 Wochenuhr;WPROG;3;;rw;20399;20400;;;;;;;;;;;;;;;;;;;;;;;;;;
Heizkreis 4 Wochenuhr;WPROG;3;;rw;20404;20405;;;;;;;;;;;;;;;;;;;;;;;;;;
Heizkreis 4 Tages-Raumtemperatur;FLOAT;3;;rw;20409;20410;;°C;14.00;26.00;0.50;;;;;;;;;;;;;;;;;;;;;
Heizkreis 4 Absenk-Raumtemperatur;FLOAT;3;;rw;20411;20412;;°C;8.00;24.00;0.50;;;;;;;;;;;;;;;;;;;;;
Boiler 3 Tagesuhr Mo-So;TPROG;3;;rw;20283;20284;;;;;;;;;;;;;;;;;;;;;;;;;;
Boiler 3 Wochenuhr;WPROG;3;;rw;20287;20288;;;;;;;;;;;;;;;;;;;;;;;;;;
Boiler 3 Wochenuhr;WPROG;3;;rw;20292;20293;;;;;;;;;;;;;;;;;;;;;;;;;;
Boiler 3 Wochenuhr;WPROG;3;;rw;20297;20298;;;;;;;;;;;;;;;;;;;;;;;;;;
Boiler 3 Wochenuhr;WPROG;3;;rw;20302;20303;;;;;;;;;;;;;;;;;;;;;;;;;;
Boiler 3 Wochenuhr;WPROG;3;;rw;20307;20308;;;;;;;;;;;;;;;;;;;;;;;;;;
Boiler 3 Wochenuhr;WPROG;3;;rw;20312;20313;;;;;;;;;;;;;;;;;;;;;;;;;;
Boiler 3 Wochenuhr;WPROG;3;;rw;20317;20318;;;;;;;;;;;;;;;;;;;;;;;;;;
Boiler 3 Solltemperatur;INT;3;;rw;20322;20323;;°C;10;84;1;;;;;;;;;;;;;;;;;;;;;
Boiler 3 Zirkulationspumpe;TPROG;3;;rw;20323;20324;;;;;;;;;;;;;;;;;;;;;;;;;;
Heizkreis 5 Tagesuhr Mo-So;TPROG;3;;rw;20413;20414;;;;;;;;;;;;;;;;;;;;;;;;;;
Heizkreis 5 Wochenuhr;WPROG;3;;rw;20417;20418;;;;;;;;;;;;;;;;;;;;;;;;;;
Heizkreis 5 Wochenuhr;WPROG;3;;rw;20422;20423;;;;;;;;;;;;;;;;;;;;;;;;;;
Heizkreis 5 Wochenuhr;WPROG;3;;rw;20427;20428;;;;;;;;;;;;;;;;;;;;;;;;;;
Heizkreis 5 Wochenuhr;WPROG;3;;rw;20432;20433;;;;;;;;;;;;;;;;;;;;;;;;;;
Heizkreis 5 Wochenuhr;WPROG;3;;rw;20437;20438;;;;;;;;;;;;;;;;;;;;;;;;;;
Heizkreis 5 Wochenuhr;WPROG;3;;rw;20442;20443;;;;;;;;;;;;;;;;;;;;;;;;;;
Heizkreis 5 Wochenuhr;WPROG;3;;rw;20447;20448;;;;;;;;;;;;;;;;;;;;;;;;;;
Heizkreis 5 Tages-Raumtemperatur;FLOAT;3;;rw;20452;20453;;°C;14.00;26.00;0.50;;;;;;;;;;;;;;;;;;;;;
Heizkreis 5 Absenk-Raumtemperatur;FLOAT;3;;rw;20454;20455;;°C;8.00;24.00;0.50;;;;;;;;;;;;;;;;;;;;;
Heizkreis 6 Tagesuhr Mo-So;TPROG;3;;rw;20456;20457;;;;;;;;;;;;;;;;;;;;;;;;;;
Heizkreis 6 Wochenuhr;WPROG;3;;rw;20460;20461;;;;;;;;;;;;;;;;;;;;;;;;;;
Heizkreis 6 Wochenuhr;WPROG;3;;rw;20465;20466;;;;;;;;;;;;;;;;;;;;;;;;;;
Heizkreis 6 Wochenuhr;WPROG;3;;rw;20470;20471;;;;;;;;;;;;;;;;;;;;;;;;;;
Heizkreis 6 Wochenuhr;WPROG;3;;rw;20475;20476;;;;;;;;;;;;;;;;;;;;;;;;;;
Heizkreis 6 Wochenuhr;WPROG;3;;rw;20480;20481;;;;;;;;;;;;;;;;;;;;;;;;;;
Heizkreis 6 Wochenuhr;WPROG;3;;rw;20485;20486;;;;;;;;;;;;;;;;;;;;;;;;;;
Heizkreis 6 Wochenuhr;WPROG;3;;rw;20490;20491;;;;;;;;;;;;;;;;;;;;;;;;;;
Heizkreis 6 Tages-Raumtemperatur;FLOAT;3;;rw;20495;20496;;°C;14.00;26.00;0.50;;;;;;;;;;;;;;;;;;;;;
Heizkreis 6 Absenk-Raumtemperatur;FLOAT;3;;rw;20497;20498;;°C;8.00;24.00;0.50;;;;;;;;;;;;;;;;;;;;;
Boiler B Tagesuhr Mo-So;TPROG;3;;rw;20499;20500;;;;;;;;;;;;;;;;;;;;;;;;;;
Boiler B Wochenuhr;WPROG;3;;rw;20503;20504;;;;;;;;;;;;;;;;;;;;;;;;;;
Boiler B Wochenuhr;WPROG;3;;rw;20508;20509;;;;;;;;;;;;;;;;;;;;;;;;;;
Boiler B Wochenuhr;WPROG;3;;rw;20513;20514;;;;;;;;;;;;;;;;;;;;;;;;;;
Boiler B Wochenuhr;WPROG;3;;rw;20518;20519;;;;;;;;;;;;;;;;;;;;;;;;;;
Boiler B Wochenuhr;WPROG;3;;rw;20523;20524;;;;;;;;;;;;;;;;;;;;;;;;;;
Boiler B Wochenuhr;WPROG;3;;rw;20528;20529;;;;;;;;;;;;;;;;;;;;;;;;;;
Boiler B Wochenuhr;WPROG;3;;rw;20533;20534;;;;;;;;;;;;;;;;;;;;;;;;;;
Boiler B Solltemperatur;INT;3;;rw;20538;20539;;°C;10;84;1;;;;;;;;;;;;;;;;;;;;;
Boiler B Zirkulationspumpe;TPROG;3;;rw;20539;20540;;;;;;;;;;;;;;;;;;;;;;;;;;
Heizkreis B Tagesuhr Mo-So;TPROG;3;;rw;20543;20544;;;;;;;;;;;;;;;;;;;;;;;;;;
Heizkreis B Wochenuhr;WPROG;3;;rw;20547;20548;;;;;;;;;;;;;;;;;;;;;;;;;;
Heizkreis B Wochenuhr;WPROG;3;;rw;20552;20553;;;;;;;;;;;;;;;;;;;;;;;;;;
Heizkreis B Wochenuhr;WPROG;3;;rw;20557;20558;;;;;;;;;;;;;;;;;;;;;;;;;;
Heizkreis B Wochenuhr;WPROG;3;;rw;20562;20563;;;;;;;;;;;;;;;;;;;;;;;;;;
Heizkreis B Wochenuhr;WPROG;3;;rw;20567;20568;;;;;;;;;;;;;;;;;;;;;;;;;;
Heizkreis B Wochenuhr;WPROG;3;;rw;20572;20573;;;;;;;;;;;;;;;;;;;;;;;;;;
Heizkreis B Wochenuhr;WPROG;3;;rw;20577;20578;;;;;;;;;;;;;;;;;;;;;;;;;;
Heizkreis B Tages-Raumtemperatur;FLOAT;3;;rw;20582;20583;;°C;14.00;26.00;0.50;;;;;;;;;;;;;;;;;;;;;
Heizkreis B Absenk-Raumtemperatur;FLOAT;3;;rw;20584;20585;;°C;8.00;24.00;0.50;;;;;;;;;;;;;;;;;;;;;
 Tagesuhr Warmwasserbereitung FWS;TPROG;3;;rw;20966;20967;;;;;;;;;;;;;;;;;;;;;;;;;;
 Wochenuhr Warmwasserbereitung FWS;WPROG;3;;rw;20970;20971;;;;;;;;;;;;;;;;;;;;;;;;;;
 Wochenuhr Warmwasserbereitung FWS;WPROG;3;;rw;20975;20976;;;;;;;;;;;;;;;;;;;;;;;;;;
 Wochenuhr Warmwasserbereitung FWS;WPROG;3;;rw;20980;20981;;;;;;;;;;;;;;;;;;;;;;;;;;
 Wochenuhr Warmwasserbereitung FWS;WPROG;3;;rw;20985;20986;;;;;;;;;;;;;;;;;;;;;;;;;;
 Wochenuhr Warmwasserbereitung FWS;WPROG;3;;rw;20990;20991;;;;;;;;;;;;;;;;;;;;;;;;;;
 Wochenuhr Warmwasserbereitung FWS;WPROG;3;;rw;20995;20996;;;;;;;;;;;;;;;;;;;;;;;;;;
 Wochenuhr Warmwasserbereitung FWS;WPROG;3;;rw;21000;21001;;;;;;;;;;;;;;;;;;;;;;;;;;
Frischwasserstation Auslauf-Solltemperatur Kaskade;INT;3;;rw;21005;21006;;°C;45;70;1;;;;;;;;;;;;;;;;;;;;;
Frischwasserstation 1 Auslauf-Solltemperatur;INT;3;;rw;21006;21007;;°C;45;70;1;;;;;;;;;;;;;;;;;;;;;
FWS 1 Zirkulationspumpe Zirkulationspumpe;TPROG;3;;rw;21007;21008;;;;;;;;;;;;;;;;;;;;;;;;;;
Frischwasserstation 2 Auslauf-Solltemperatur;INT;3;;rw;21011;21012;;°C;45;70;1;;;;;;;;;;;;;;;;;;;;;
FWS 2 Zirkulationspumpe Zirkulationspumpe;TPROG;3;;rw;21012;21013;;;;;;;;;;;;;;;;;;;;;;;;;;
Frischwasserstation 3 Auslauf-Solltemperatur;INT;3;;rw;21016;21017;;°C;45;70;1;;;;;;;;;;;;;;;;;;;;;
FWS 3 Zirkulationspumpe Zirkulationspumpe;TPROG;3;;rw;21017;21018;;;;;;;;;;;;;;;;;;;;;;;;;;
Frischwasserstation 4 Auslauf-Solltemperatur;INT;3;;rw;21021;21022;;°C;45;70;1;;;;;;;;;;;;;;;;;;;;;
FWS 4 Zirkulationspumpe Zirkulationspumpe;TPROG;3;;rw;21022;21023;;;;;;;;;;;;;;;;;;;;;;;;;;
Alle Heizkreise Aus über Außentemperatur;INT;3;;rw;20586;20587;;°C;0;50;1;;;;;;;;;;;;;;;;;;;;;
Heizkreis 1 Heizung Aus über Außentemperatur;INT;3;;rw;20588;20589;;°C;0;50;1;;;;;;;;;;;;;;;;;;;;;
Heizkreis 2 Heizung Aus über Außentemperatur;INT;3;;rw;20590;20591;;°C;0;50;1;;;;;;;;;;;;;;;;;;;;;
Heizkreis 3 Heizung Aus über Außentemperatur;INT;3;;rw;20592;20593;;°C;0;50;1;;;;;;;;;;;;;;;;;;;;;
Heizkreis 4 Heizung Aus über Außentemperatur;INT;3;;rw;20594;20595;;°C;0;50;1;;;;;;;;;;;;;;;;;;;;;
Heizkreis 5 Heizung Aus über Außentemperatur;INT;3;;rw;20596;20597;;°C;0;50;1;;;;;;;;;;;;;;;;;;;;;
Heizkreis 6 Heizung Aus über Außentemperatur;INT;3;;rw;20598;20599;;°C;0;50;1;;;;;;;;;;;;;;;;;;;;;
Externer HK Aus über Außentemperatur;INT;3;;rw;20600;20601;;°C;-40;50;1;;;;;;;;;;;;;;;;;;;;;
Heizkreis A Heizung Aus über Außentemperatur;INT;3;;rw;20601;20602;;°C;0;50;1;;;;;;;;;;;;;;;;;;;;;
Heizkreis B Heizung Aus über Außentemperatur;INT;3;;rw;20603;20604;;°C;0;50;1;;;;;;;;;;;;;;;;;;;;;
Alle Heizkreise Aus bei Tagabsenkung;INT;3;;rw;20605;20606;;°C;-40;50;1;;;;;;;;;;;;;;;;;;;;;
Heizkreis 1 Heizung Aus bei Tagabsenkung;INT;3;;rw;20607;20608;;°C;-40;50;1;;;;;;;;;;;;;;;;;;;;;
Heizkreis 2 Heizung Aus bei Tagabsenkung;INT;3;;rw;20609;20610;;°C;-40;50;1;;;;;;;;;;;;;;;;;;;;;
Heizkreis 3 Heizung Aus bei Tagabsenkung;INT;3;;rw;20611;20612;;°C;-40;50;1;;;;;;;;;;;;;;;;;;;;;
Heizkreis 4 Heizung Aus bei Tagabsenkung;INT;3;;rw;20613;20614;;°C;-40;50;1;;;;;;;;;;;;;;;;;;;;;
Heizkreis 5 Heizung Aus bei Tagabsenkung;INT;3;;rw;20615;20616;;°C;-40;50;1;;;;;;;;;;;;;;;;;;;;;
Heizkreis 6 Heizung Aus bei Tagabsenkung;INT;3;;rw;20617;20618;;°C;-40;50;1;;;;;;;;;;;;;;;;;;;;;
Heizkreis A Heizung Aus bei Tagabsenkung;INT;3;;rw;20619;20620;;°C;-40;50;1;;;;;;;;;;;;;;;;;;;;;
Heizkreis B Heizung Aus bei Tagabsenkung;INT;3;;rw;20621;20622;;°C;-40;50;1;;;;;;;;;;;;;;;;;;;;;
Alle Heizkreise Aus bei Nachtabsenkung;INT;3;;rw;20623;20624;;°C;-40;50;1;;;;;;;;;;;;;;;;;;;;;
Heizkreis 1 Heizung Aus bei Nachtabsenkung;INT;3;;rw;20625;20626;;°C;-40;50;1;;;;;;;;;;;;;;;;;;;;;
Heizkreis 2 Heizung Aus bei Nachtabsenkung;INT;3;;rw;20627;20628;;°C;-40;50;1;;;;;;;;;;;;;;;;;;;;;
Heizkreis 3 Heizung Aus bei Nachtabsenkung;INT;3;;rw;20629;20630;;°C;-40;50;1;;;;;;;;;;;;;;;;;;;;;
Heizkreis 4 Heizung Aus bei Nachtabsenkung;INT;3;;rw;20631;20632;;°C;-40;50;1;;;;;;;;;;;;;;;;;;;;;
Heizkreis 5 Heizung Aus bei Nachtabsenkung;INT;3;;rw;20633;20634;;°C;-40;50;1;;;;;;;;;;;;;;;;;;;;;
Heizkreis 6 Heizung Aus bei Nachtabsenkung;INT;3;;rw;20635;20636;;°C;-40;50;1;;;;;;;;;;;;;;;;;;;;;
Heizkreis A Heizung Aus bei Nachtabsenkung;INT;3;;rw;20637;20638;;°C;-40;50;1;;;;;;;;;;;;;;;;;;;;;
Heizkreis B Heizung Aus bei Nachtabsenkung;INT;3;;rw;20639;20640;;°C;-40;50;1;;;;;;;;;;;;;;;;;;;;;
 Füllen automatisch und bei Saugzeiten;TPROG;3;;rw;21853;21854;;;;;;;;;;;;;;;;;;;;;;;;;;
 Füllen automatisch und bei Saugzeiten;TPROG;3;;rw;21857;21858;;;;;;;;;;;;;;;;;;;;;;;;;;
 Füllen automatisch und bei Saugzeiten;TPROG;3;;rw;21887;21888;;;;;;;;;;;;;;;;;;;;;;;;;;
Urlaubsschaltung;WAHL;3;;rw;20641;20642;;;;;;Frostschutz;Inaktiv;Absenken;;;;;;;;;;;;;;;;;;
Heizkreis 1 Urlaubsschaltung;WAHL;3;;rw;20642;20643;;;;;;Frostschutz;Inaktiv;Absenken;;;;;;;;;;;;;;;;;;
Heizkreis 2 Urlaubsschaltung;WAHL;3;;rw;20643;20644;;;;;;Frostschutz;Inaktiv;Absenken;;;;;;;;;;;;;;;;;;
Heizkreis 3 Urlaubsschaltung;WAHL;3;;rw;20644;20645;;;;;;Frostschutz;Inaktiv;Absenken;;;;;;;;;;;;;;;;;;
Heizkreis 4 Urlaubsschaltung;WAHL;3;;rw;20645;20646;;;;;;Frostschutz;Inaktiv;Absenken;;;;;;;;;;;;;;;;;;
Heizkreis 5 Urlaubsschaltung;WAHL;3;;rw;20646;20647;;;;;;Frostschutz;Inaktiv;Absenken;;;;;;;;;;;;;;;;;;
Heizkreis 6 Urlaubsschaltung;WAHL;3;;rw;20647;20648;;;;;;Frostschutz;Inaktiv;Absenken;;;;;;;;;;;;;;;;;;
Heizkreis A Urlaubsschaltung;WAHL;3;;rw;20648;20649;;;;;;Frostschutz;Inaktiv;Absenken;;;;;;;;;;;;;;;;;;
Heizkreis B Urlaubsschaltung;WAHL;3;;rw;20650;20651;;;;;;Frostschutz;Inaktiv;Absenken;;;;;;;;;;;;;;;;;;
Entaschung Entaschung Start;WAHL;3;;rw;21846;21847;;;;;;Nein;Ja;Ja (mit Spülung);;;;;;;;;;;;;;;;;;
Freigabe Fernwartung ;WAHL;3;;rw;20651;20652;;;;;;nicht freigegeben;freigegeben;;;;;;;;;;;;;;;;;;;
Automatisches Deakivieren der Freigabe;INT;3;;rw;20652;20653;;h;0;48;1;;;;;;;;;;;;;;;;;;;;;
Freigabe Fernsteuerung;WAHL;3;;rw;21578;21579;;;;;;Inaktiv;Aktiv;;;;;;;;;;;;;;;;;;;
Sperrdauer für Fernsteuerung Sperrdauer nach Interaktion am Display;INT;3;;rw;21579;21580;;Min;1;1500;1;;;;;;;;;;;;;;;;;;;;;
Verbrauchsanzeige Fassungsvermögen Pelletslager;INT32;3;;rw;21750;21751;;kg;0;100000;50;;;;;;;;;;;;;;;;;;;;;
 geplante Entaschung Kaskade;TPROG;3;;rw;21756;21757;;;;;;;;;;;;;;;;;;;;;;;;;;
Rauchfangkehrer Heizung weiter mit Auto-Funktion;INT;3;;rw;23307;23308;;h;1;24;1;;;;;;;;;;;;;;;;;;;;;
Heizkreis 1 ;WAHL;3;;rw;20673;20674;;;;;;Nicht vorhanden;Pumpe;Mischer Radiatoren;Loxone/Modbus;Mischer FBH;;;;;;;;;;;;;;;;
Fehlererkennung Heizkreispumpe 1 HKP. check;WAHL;3;;rw;21861;21862;;;;;;Inaktiv;Aktiv;;;;;;;;;;;;;;;;;;;
Heizkreis 1 Steilheit;FLOAT;3;;rw;20674;20675;;;0.20;Mrz 50;0.05;;;;;;;;;;;;;;;;;;;;;
Heizkreis 1 Steilheit FBH;FLOAT;3;;rw;21037;21038;;;0.20;Mrz 50;0.05;;;;;;;;;;;;;;;;;;;;;
Heizkreis 1 Vorlauftemperatur Minimum;INT;3;;rw;20676;20677;;°C;1;80;1;;;;;;;;;;;;;;;;;;;;;
Heizkreis 1 Vorlauftemperatur Minimum FBH;INT;3;;rw;21039;21040;;°C;1;55;1;;;;;;;;;;;;;;;;;;;;;
Heizkreis 1 Vorlauftemperatur Maximum;INT;3;;rw;20677;20678;;°C;1;95;1;;;;;;;;;;;;;;;;;;;;;
Heizkreis 1 Vorlauftemperatur Maximum FBH;INT;3;;rw;21040;21041;;°C;1;55;1;;;;;;;;;;;;;;;;;;;;;
Heizkreis 1 Mischerlaufzeit;INT;3;;rw;20678;20679;;Sek;10;300;5;;;;;;;;;;;;;;;;;;;;;
Heizkreis 1 Fernbedienung;WAHL;3;;rw;20679;20680;;;;;;Nicht vorhanden;FR25 (analog);FR35 (digital);FR40 (digital);ext. Schaltkontakt;KNX;Modbus;;;;;;;;;;;;;;
Heizkreis 1 Fernbedienung;WAHL;3;;rw;20680;20681;;;;;;mit Raumfühler;ohne Raumfühler;;;;;;;;;;;;;;;;;;;
Heizkreis 1 Anzeige Fernbedienung;WAHL;3;;rw;20681;20682;;;;;;Boiler A;Boiler 1;Boiler 2;Boiler 3;Zentralpuffer;Boiler B;Fühler FWS;Zusatzpuffer HKM1;Zusatzpuffer HKM2;;;;;;;;;;;;
Heizkreis 1 FR40-Ansicht;BITFIELD;3;;rw;21041;21042;;;;;;;;;;;;;;;;;;;;;;;;;;
Heizkreis 1 FR40-Ansicht;BITFIELD;3;;rw;23985;23986;;;;;;;;;;;;;;;;;;;;;;;;;;
Heizkreis 1 Raumkorr. Fernbedienung;FLOAT;3;;rw;20682;20683;;°C;-6.00;6.00;0.50;;;;;;;;;;;;;;;;;;;;;
"Heizkreis 1 Pumpenabschaltung bei
Überschreitung der Raumtemp. Raumregler";WAHL;3;;rw;21043;21044;;;;;;Deaktiviert;Aktiviert;;;;;;;;;;;;;;;;;;;
Heizkreis 1 Eingang externer Kontakt FR25;WAHL;3;;rw;21044;21045;;;;;;Öffner;Schließer;;;;;;;;;;;;;;;;;;;
Heizkreis 1 Raumkorrektur über App/Web;WAHL;3;;rw;23838;23839;;;;;;Nein;Ja;;;;;;;;;;;;;;;;;;;
Heizkreis 1 Fernleitungspumpe;WAHL;3;;rw;20684;20685;;;;;;keine Fernleitung;mit Fernleitung 1;geregelte Fernleitung 1;geregelte Fernleitung 2;;;;;;;;;;;;;;;;;
Heizkreis 1 Sommer-Badheizen;WAHL;3;;rw;20685;20686;;;;;;Sommer-Badheizen Aus;Sommer-Badheizen Ein;Sommer-Badheizen Auto;;;;;;;;;;;;;;;;;;
Heizkreis 1 Sommer-Badheizen Puffer-Mindesttemperatur;INT;3;;rw;20686;20687;;°C;20;100;1;;;;;;;;;;;;;;;;;;;;;
Heizkreis 1 Sommer-Badheizen Tagesuhr Mo-So;TPROG;3;;rw;20687;20688;;;;;;;;;;;;;;;;;;;;;;;;;;
Heizkreis 1 Sommer-Badheizen Vorlauf-Soll;INT;3;;rw;20691;20692;;°C;20;100;1;;;;;;;;;;;;;;;;;;;;;
Heizkreis 1 Boilervorrang bei Sommer-Badheizen;WAHL;3;;rw;21045;21046;;;;;;Inaktiv;Aktiv;;;;;;;;;;;;;;;;;;;
Heizkreis 1 Fühler Sommer- Badheizen Puffer- Mindesttemperatur;WAHL;3;;rw;24109;24110;;;;;;Puffer unten;Puffer oben;Puffer Mitte oben;Puffer Mitte;Puffer Mitte unten;;;;;;;;;;;;;;;;
Heizkreis 1 Estrich;WAHL;3;;rw;20692;20693;;;;;;Aus;Ein;;;;;;;;;;;;;;;;;;;
Heizkreis 1 Estrich pausiert;WAHL;3;;rw;21046;21047;;;;;;Nein;Ja;;;;;;;;;;;;;;;;;;;
"Heizkreis 1 Loxone Verbindungsausfall Notbetrieb 
Solltemperatur";INT;3;;rw;21047;21048;;°C;1;90;1;;;;;;;;;;;;;;;;;;;;;
Heizkreis 2 ;WAHL;3;;rw;20693;20694;;;;;;Nicht vorhanden;Pumpe;Mischer Radiatoren;Loxone/Modbus;Mischer FBH;;;;;;;;;;;;;;;;
Fehlererkennung Heizkreispumpe 2 HKP. check;WAHL;3;;rw;21862;21863;;;;;;Inaktiv;Aktiv;;;;;;;;;;;;;;;;;;;
Heizkreis 2 Steilheit;FLOAT;3;;rw;20694;20695;;;0.20;Mrz 50;0.05;;;;;;;;;;;;;;;;;;;;;
Heizkreis 2 Steilheit FBH;FLOAT;3;;rw;21048;21049;;;0.20;Mrz 50;0.05;;;;;;;;;;;;;;;;;;;;;
Heizkreis 2 Vorlauftemperatur Minimum;INT;3;;rw;20696;20697;;°C;1;80;1;;;;;;;;;;;;;;;;;;;;;
Heizkreis 2 Vorlauftemperatur Minimum FBH;INT;3;;rw;21050;21051;;°C;1;55;1;;;;;;;;;;;;;;;;;;;;;
Heizkreis 2 Vorlauftemperatur Maximum;INT;3;;rw;20697;20698;;°C;1;95;1;;;;;;;;;;;;;;;;;;;;;
Heizkreis 2 Vorlauftemperatur Maximum FBH;INT;3;;rw;21051;21052;;°C;1;55;1;;;;;;;;;;;;;;;;;;;;;
Heizkreis 2 Mischerlaufzeit;INT;3;;rw;20698;20699;;Sek;10;300;5;;;;;;;;;;;;;;;;;;;;;
Heizkreis 2 Fernbedienung;WAHL;3;;rw;20699;20700;;;;;;Nicht vorhanden;FR25 (analog);FR35 (digital);FR40 (digital);ext. Schaltkontakt;KNX;Modbus;;;;;;;;;;;;;;
Heizkreis 2 Fernbedienung;WAHL;3;;rw;20700;20701;;;;;;mit Raumfühler;ohne Raumfühler;;;;;;;;;;;;;;;;;;;
Heizkreis 2 Anzeige Fernbedienung;WAHL;3;;rw;20701;20702;;;;;;Boiler A;Boiler 1;Boiler 2;Boiler 3;Zentralpuffer;Boiler B;Fühler FWS;Zusatzpuffer HKM1;Zusatzpuffer HKM2;;;;;;;;;;;;
Heizkreis 2 FR40-Ansicht;BITFIELD;3;;rw;21052;21053;;;;;;;;;;;;;;;;;;;;;;;;;;
Heizkreis 2 FR40-Ansicht;BITFIELD;3;;rw;23987;23988;;;;;;;;;;;;;;;;;;;;;;;;;;
Heizkreis 2 Raumkorr. Fernbedienung;FLOAT;3;;rw;20702;20703;;°C;-6.00;6.00;0.50;;;;;;;;;;;;;;;;;;;;;
"Heizkreis 2 Pumpenabschaltung bei
Überschreitung der Raumtemp. Raumregler";WAHL;3;;rw;21054;21055;;;;;;Deaktiviert;Aktiviert;;;;;;;;;;;;;;;;;;;
Heizkreis 2 Eingang externer Kontakt FR25;WAHL;3;;rw;21055;21056;;;;;;Öffner;Schließer;;;;;;;;;;;;;;;;;;;
Heizkreis 2 Raumkorrektur über App/Web;WAHL;3;;rw;23839;23840;;;;;;Nein;Ja;;;;;;;;;;;;;;;;;;;
Heizkreis 2 Fernleitungspumpe;WAHL;3;;rw;20704;20705;;;;;;keine Fernleitung;mit Fernleitung 1;geregelte Fernleitung 1;geregelte Fernleitung 2;;;;;;;;;;;;;;;;;
Heizkreis 2 Sommer-Badheizen;WAHL;3;;rw;20705;20706;;;;;;Sommer-Badheizen Aus;Sommer-Badheizen Ein;Sommer-Badheizen Auto;;;;;;;;;;;;;;;;;;
Heizkreis 2 Sommer-Badheizen Puffer-Mindesttemperatur;INT;3;;rw;20706;20707;;°C;20;100;1;;;;;;;;;;;;;;;;;;;;;
Heizkreis 2 Sommer-Badheizen Tagesuhr Mo-So;TPROG;3;;rw;20707;20708;;;;;;;;;;;;;;;;;;;;;;;;;;
Heizkreis 2 Sommer-Badheizen Vorlauf-Soll;INT;3;;rw;20711;20712;;°C;20;100;1;;;;;;;;;;;;;;;;;;;;;
Heizkreis 2 Boilervorrang bei Sommer-Badheizen;WAHL;3;;rw;21056;21057;;;;;;Inaktiv;Aktiv;;;;;;;;;;;;;;;;;;;
Heizkreis 2 Fühler Sommer- Badheizen Puffer- Mindesttemperatur;WAHL;3;;rw;24110;24111;;;;;;Puffer unten;Puffer oben;Puffer Mitte oben;Puffer Mitte;Puffer Mitte unten;;;;;;;;;;;;;;;;
Heizkreis 2 Estrich;WAHL;3;;rw;20712;20713;;;;;;Aus;Ein;;;;;;;;;;;;;;;;;;;
Heizkreis 2 Estrich pausiert;WAHL;3;;rw;21057;21058;;;;;;Nein;Ja;;;;;;;;;;;;;;;;;;;
Heizkreis 2 Loxone Verbindungsausfall Notbetrieb Solltemperatur;INT;3;;rw;21058;21059;;°C;1;90;1;;;;;;;;;;;;;;;;;;;;;
Heizkreis 3 ;WAHL;3;;rw;20713;20714;;;;;;Nicht vorhanden;Pumpe;Mischer Radiatoren;Loxone/Modbus;Mischer FBH;;;;;;;;;;;;;;;;
Heizkreis 3 Steilheit;FLOAT;3;;rw;20714;20715;;;0.20;Mrz 50;0.05;;;;;;;;;;;;;;;;;;;;;
Heizkreis 3 Steilheit FBH;FLOAT;3;;rw;21059;21060;;;0.20;Mrz 50;0.05;;;;;;;;;;;;;;;;;;;;;
Heizkreis 3 Vorlauftemperatur Minimum;INT;3;;rw;20716;20717;;°C;1;80;1;;;;;;;;;;;;;;;;;;;;;
Heizkreis 3 Vorlauftemperatur Minimum FBH;INT;3;;rw;21061;21062;;°C;1;55;1;;;;;;;;;;;;;;;;;;;;;
Heizkreis 3 Vorlauftemperatur Maximum;INT;3;;rw;20717;20718;;°C;1;95;1;;;;;;;;;;;;;;;;;;;;;
Heizkreis 3 Vorlauftemperatur Maximum FBH;INT;3;;rw;21062;21063;;°C;1;55;1;;;;;;;;;;;;;;;;;;;;;
Heizkreis 3 Mischerlaufzeit;INT;3;;rw;20718;20719;;Sek;10;300;5;;;;;;;;;;;;;;;;;;;;;
Heizkreis 3 Fernbedienung;WAHL;3;;rw;20719;20720;;;;;;Nicht vorhanden;FR25 (analog);FR35 (digital);FR40 (digital);ext. Schaltkontakt;KNX;Modbus;;;;;;;;;;;;;;
Heizkreis 3 Fernbedienung;WAHL;3;;rw;20720;20721;;;;;;mit Raumfühler;ohne Raumfühler;;;;;;;;;;;;;;;;;;;
Heizkreis 3 Anzeige Fernbedienung;WAHL;3;;rw;20721;20722;;;;;;Boiler A;Boiler 1;Boiler 2;Boiler 3;Zentralpuffer;Boiler B;Fühler FWS;Zusatzpuffer HKM1;Zusatzpuffer HKM2;;;;;;;;;;;;
Heizkreis 3 FR40-Ansicht;BITFIELD;3;;rw;21063;21064;;;;;;;;;;;;;;;;;;;;;;;;;;
Heizkreis 3 FR40-Ansicht;BITFIELD;3;;rw;23989;23990;;;;;;;;;;;;;;;;;;;;;;;;;;
Heizkreis 3 Raumkorr. Fernbedienung;FLOAT;3;;rw;20722;20723;;°C;-6.00;6.00;0.50;;;;;;;;;;;;;;;;;;;;;
"Heizkreis 3 Pumpenabschaltung bei
Überschreitung der Raumtemp. Raumregler";WAHL;3;;rw;21065;21066;;;;;;Deaktiviert;Aktiviert;;;;;;;;;;;;;;;;;;;
Heizkreis 3 Eingang externer Kontakt FR25;WAHL;3;;rw;21066;21067;;;;;;Öffner;Schließer;;;;;;;;;;;;;;;;;;;
Heizkreis 3 Raumkorrektur über App/Web;WAHL;3;;rw;23840;23841;;;;;;Nein;Ja;;;;;;;;;;;;;;;;;;;
Heizkreis 3 Fernleitungspumpe;WAHL;3;;rw;20724;20725;;;;;;keine Fernleitung;mit Fernleitung 1;geregelte Fernleitung 1;geregelte Fernleitung 2;;;;;;;;;;;;;;;;;
Heizkreis 3 Sommer-Badheizen;WAHL;3;;rw;20725;20726;;;;;;Sommer-Badheizen Aus;Sommer-Badheizen Ein;Sommer-Badheizen Auto;;;;;;;;;;;;;;;;;;
Heizkreis 3 Sommer-Badheizen Puffer-Mindesttemperatur;INT;3;;rw;20726;20727;;°C;20;100;1;;;;;;;;;;;;;;;;;;;;;
Heizkreis 3 Sommer-Badheizen Tagesuhr Mo-So;TPROG;3;;rw;20727;20728;;;;;;;;;;;;;;;;;;;;;;;;;;
Heizkreis 3 Sommer-Badheizen Vorlauf-Soll;INT;3;;rw;20731;20732;;°C;20;100;1;;;;;;;;;;;;;;;;;;;;;
Heizkreis 3 Boilervorrang bei Sommer-Badheizen;WAHL;3;;rw;21067;21068;;;;;;Inaktiv;Aktiv;;;;;;;;;;;;;;;;;;;
Heizkreis 3 Fühler Sommer- Badheizen Puffer- Mindesttemperatur;WAHL;3;;rw;24111;24112;;;;;;Puffer unten;Puffer oben;Puffer Mitte oben;Puffer Mitte;Puffer Mitte unten;;;;;;;;;;;;;;;;
Heizkreis 3 Estrich;WAHL;3;;rw;20732;20733;;;;;;Aus;Ein;;;;;;;;;;;;;;;;;;;
Heizkreis 3 Estrich pausiert;WAHL;3;;rw;21068;21069;;;;;;Nein;Ja;;;;;;;;;;;;;;;;;;;
"Heizkreis 3 Loxone Verbindungsausfall Notbetrieb 
Solltemperatur";INT;3;;rw;21069;21070;;°C;1;90;1;;;;;;;;;;;;;;;;;;;;;
Heizkreis 4 ;WAHL;3;;rw;20733;20734;;;;;;Nicht vorhanden;Pumpe;Mischer Radiatoren;Loxone/Modbus;Mischer FBH;;;;;;;;;;;;;;;;
Heizkreis 4 Steilheit;FLOAT;3;;rw;20734;20735;;;0.20;Mrz 50;0.05;;;;;;;;;;;;;;;;;;;;;
Heizkreis 4 Steilheit FBH;FLOAT;3;;rw;21070;21071;;;0.20;Mrz 50;0.05;;;;;;;;;;;;;;;;;;;;;
Heizkreis 4 Vorlauftemperatur Minimum;INT;3;;rw;20736;20737;;°C;1;80;1;;;;;;;;;;;;;;;;;;;;;
Heizkreis 4 Vorlauftemperatur Minimum FBH;INT;3;;rw;21072;21073;;°C;1;55;1;;;;;;;;;;;;;;;;;;;;;
Heizkreis 4 Vorlauftemperatur Maximum;INT;3;;rw;20737;20738;;°C;1;95;1;;;;;;;;;;;;;;;;;;;;;
Heizkreis 4 Vorlauftemperatur Maximum FBH;INT;3;;rw;21073;21074;;°C;1;55;1;;;;;;;;;;;;;;;;;;;;;
Heizkreis 4 Mischerlaufzeit;INT;3;;rw;20738;20739;;Sek;10;300;5;;;;;;;;;;;;;;;;;;;;;
Heizkreis 4 Fernbedienung;WAHL;3;;rw;20739;20740;;;;;;Nicht vorhanden;FR25 (analog);FR35 (digital);FR40 (digital);ext. Schaltkontakt;KNX;Modbus;;;;;;;;;;;;;;
Heizkreis 4 Fernbedienung;WAHL;3;;rw;20740;20741;;;;;;mit Raumfühler;ohne Raumfühler;;;;;;;;;;;;;;;;;;;
Heizkreis 4 Anzeige Fernbedienung;WAHL;3;;rw;20741;20742;;;;;;Boiler A;Boiler 1;Boiler 2;Boiler 3;Zentralpuffer;Boiler B;Fühler FWS;Zusatzpuffer HKM1;Zusatzpuffer HKM2;;;;;;;;;;;;
Heizkreis 4 FR40-Ansicht;BITFIELD;3;;rw;21074;21075;;;;;;;;;;;;;;;;;;;;;;;;;;
Heizkreis 4 FR40-Ansicht;BITFIELD;3;;rw;23991;23992;;;;;;;;;;;;;;;;;;;;;;;;;;
Heizkreis 4 Raumkorr. Fernbedienung;FLOAT;3;;rw;20742;20743;;°C;-6.00;6.00;0.50;;;;;;;;;;;;;;;;;;;;;
"Heizkreis 4 Pumpenabschaltung bei
Überschreitung der Raumtemp. Raumregler";WAHL;3;;rw;21076;21077;;;;;;Deaktiviert;Aktiviert;;;;;;;;;;;;;;;;;;;
Heizkreis 4 Eingang externer Kontakt FR25;WAHL;3;;rw;21077;21078;;;;;;Öffner;Schließer;;;;;;;;;;;;;;;;;;;
Heizkreis 4 Raumkorrektur über App/Web;WAHL;3;;rw;23841;23842;;;;;;Nein;Ja;;;;;;;;;;;;;;;;;;;
Heizkreis 4 Fernleitungspumpe;WAHL;3;;rw;20744;20745;;;;;;keine Fernleitung;mit Fernleitung 1;geregelte Fernleitung 1;geregelte Fernleitung 2;;;;;;;;;;;;;;;;;
Heizkreis 4 Sommer-Badheizen;WAHL;3;;rw;20745;20746;;;;;;Sommer-Badheizen Aus;Sommer-Badheizen Ein;Sommer-Badheizen Auto;;;;;;;;;;;;;;;;;;
Heizkreis 4 Sommer-Badheizen Puffer-Mindesttemperatur;INT;3;;rw;20746;20747;;°C;20;100;1;;;;;;;;;;;;;;;;;;;;;
Heizkreis 4 Sommer-Badheizen Tagesuhr Mo-So;TPROG;3;;rw;20747;20748;;;;;;;;;;;;;;;;;;;;;;;;;;
Heizkreis 4 Sommer-Badheizen Vorlauf-Soll;INT;3;;rw;20751;20752;;°C;20;100;1;;;;;;;;;;;;;;;;;;;;;
Heizkreis 4 Boilervorrang bei Sommer-Badheizen;WAHL;3;;rw;21078;21079;;;;;;Inaktiv;Aktiv;;;;;;;;;;;;;;;;;;;
Heizkreis 4 Fühler Sommer- Badheizen Puffer- Mindesttemperatur;WAHL;3;;rw;24112;24113;;;;;;Puffer unten;Puffer oben;Puffer Mitte oben;Puffer Mitte;Puffer Mitte unten;;;;;;;;;;;;;;;;
Heizkreis 4 Estrich;WAHL;3;;rw;20752;20753;;;;;;Aus;Ein;;;;;;;;;;;;;;;;;;;
Heizkreis 4 Estrich pausiert;WAHL;3;;rw;21079;21080;;;;;;Nein;Ja;;;;;;;;;;;;;;;;;;;
"Heizkreis 4 Loxone Verbindungsausfall Notbetrieb 
Solltemperatur";INT;3;;rw;21080;21081;;°C;1;90;1;;;;;;;;;;;;;;;;;;;;;
Heizkreis 5 ;WAHL;3;;rw;20753;20754;;;;;;Nicht vorhanden;Pumpe;Mischer Radiatoren;Loxone/Modbus;Mischer FBH;;;;;;;;;;;;;;;;
Heizkreis 5 Steilheit;FLOAT;3;;rw;20754;20755;;;0.20;Mrz 50;0.05;;;;;;;;;;;;;;;;;;;;;
Heizkreis 5 Steilheit FBH;FLOAT;3;;rw;21081;21082;;;0.20;Mrz 50;0.05;;;;;;;;;;;;;;;;;;;;;
Heizkreis 5 Vorlauftemperatur Minimum;INT;3;;rw;20756;20757;;°C;1;80;1;;;;;;;;;;;;;;;;;;;;;
Heizkreis 5 Vorlauftemperatur Minimum FBH;INT;3;;rw;21083;21084;;°C;1;55;1;;;;;;;;;;;;;;;;;;;;;
Heizkreis 5 Vorlauftemperatur Maximum;INT;3;;rw;20757;20758;;°C;1;95;1;;;;;;;;;;;;;;;;;;;;;
Heizkreis 5 Vorlauftemperatur Maximum FBH;INT;3;;rw;21084;21085;;°C;1;55;1;;;;;;;;;;;;;;;;;;;;;
Heizkreis 5 Mischerlaufzeit;INT;3;;rw;20758;20759;;Sek;10;300;5;;;;;;;;;;;;;;;;;;;;;
Heizkreis 5 Fernbedienung;WAHL;3;;rw;20759;20760;;;;;;Nicht vorhanden;FR25 (analog);FR35 (digital);FR40 (digital);ext. Schaltkontakt;KNX;Modbus;;;;;;;;;;;;;;
Heizkreis 5 Fernbedienung;WAHL;3;;rw;20760;20761;;;;;;mit Raumfühler;ohne Raumfühler;;;;;;;;;;;;;;;;;;;
Heizkreis 5 Anzeige Fernbedienung;WAHL;3;;rw;20761;20762;;;;;;Boiler A;Boiler 1;Boiler 2;Boiler 3;Zentralpuffer;Boiler B;Fühler FWS;Zusatzpuffer HKM1;Zusatzpuffer HKM2;;;;;;;;;;;;
Heizkreis 5 FR40-Ansicht;BITFIELD;3;;rw;21085;21086;;;;;;;;;;;;;;;;;;;;;;;;;;
Heizkreis 5 FR40-Ansicht;BITFIELD;3;;rw;23993;23994;;;;;;;;;;;;;;;;;;;;;;;;;;
Heizkreis 5 Raumkorr. Fernbedienung;FLOAT;3;;rw;20762;20763;;°C;-6.00;6.00;0.50;;;;;;;;;;;;;;;;;;;;;
"Heizkreis 5 Pumpenabschaltung bei
Überschreitung der Raumtemp. Raumregler";WAHL;3;;rw;21087;21088;;;;;;Deaktiviert;Aktiviert;;;;;;;;;;;;;;;;;;;
Heizkreis 5 Eingang externer Kontakt FR25;WAHL;3;;rw;21088;21089;;;;;;Öffner;Schließer;;;;;;;;;;;;;;;;;;;
Heizkreis 5 Raumkorrektur über App/Web;WAHL;3;;rw;23842;23843;;;;;;Nein;Ja;;;;;;;;;;;;;;;;;;;
Heizkreis 5 Fernleitungspumpe;WAHL;3;;rw;20764;20765;;;;;;keine Fernleitung;mit Fernleitung 1;geregelte Fernleitung 1;geregelte Fernleitung 2;;;;;;;;;;;;;;;;;
Heizkreis 5 Sommer-Badheizen;WAHL;3;;rw;20765;20766;;;;;;Sommer-Badheizen Aus;Sommer-Badheizen Ein;Sommer-Badheizen Auto;;;;;;;;;;;;;;;;;;
Heizkreis 5 Sommer-Badheizen Puffer-Mindesttemperatur;INT;3;;rw;20766;20767;;°C;20;100;1;;;;;;;;;;;;;;;;;;;;;
Heizkreis 5 Sommer-Badheizen Tagesuhr Mo-So;TPROG;3;;rw;20767;20768;;;;;;;;;;;;;;;;;;;;;;;;;;
Heizkreis 5 Sommer-Badheizen Vorlauf-Soll;INT;3;;rw;20771;20772;;°C;20;100;1;;;;;;;;;;;;;;;;;;;;;
Heizkreis 5 Boilervorrang bei Sommer-Badheizen;WAHL;3;;rw;21089;21090;;;;;;Inaktiv;Aktiv;;;;;;;;;;;;;;;;;;;
Heizkreis 5 Fühler Sommer- Badheizen Puffer- Mindesttemperatur;WAHL;3;;rw;24113;24114;;;;;;Puffer unten;Puffer oben;Puffer Mitte oben;Puffer Mitte;Puffer Mitte unten;;;;;;;;;;;;;;;;
Heizkreis 5 Estrich;WAHL;3;;rw;20772;20773;;;;;;Aus;Ein;;;;;;;;;;;;;;;;;;;
Heizkreis 5 Estrich pausiert;WAHL;3;;rw;21090;21091;;;;;;Nein;Ja;;;;;;;;;;;;;;;;;;;
"Heizkreis 5 Loxone Verbindungsausfall Notbetrieb 
Solltemperatur";INT;3;;rw;21091;21092;;°C;1;90;1;;;;;;;;;;;;;;;;;;;;;
Heizkreis 6 ;WAHL;3;;rw;20773;20774;;;;;;Nicht vorhanden;Pumpe;Mischer Radiatoren;Loxone/Modbus;Mischer FBH;;;;;;;;;;;;;;;;
Heizkreis 6 Steilheit;FLOAT;3;;rw;20774;20775;;;0.20;Mrz 50;0.05;;;;;;;;;;;;;;;;;;;;;
Heizkreis 6 Steilheit FBH;FLOAT;3;;rw;21092;21093;;;0.20;Mrz 50;0.05;;;;;;;;;;;;;;;;;;;;;
Heizkreis 6 Vorlauftemperatur Minimum;INT;3;;rw;20776;20777;;°C;1;80;1;;;;;;;;;;;;;;;;;;;;;
Heizkreis 6 Vorlauftemperatur Minimum FBH;INT;3;;rw;21094;21095;;°C;1;55;1;;;;;;;;;;;;;;;;;;;;;
Heizkreis 6 Vorlauftemperatur Maximum;INT;3;;rw;20777;20778;;°C;1;95;1;;;;;;;;;;;;;;;;;;;;;
Heizkreis 6 Vorlauftemperatur Maximum FBH;INT;3;;rw;21095;21096;;°C;1;55;1;;;;;;;;;;;;;;;;;;;;;
Heizkreis 6 Mischerlaufzeit;INT;3;;rw;20778;20779;;Sek;10;300;5;;;;;;;;;;;;;;;;;;;;;
Heizkreis 6 Fernbedienung;WAHL;3;;rw;20779;20780;;;;;;Nicht vorhanden;FR25 (analog);FR35 (digital);FR40 (digital);ext. Schaltkontakt;KNX;Modbus;;;;;;;;;;;;;;
Heizkreis 6 Fernbedienung;WAHL;3;;rw;20780;20781;;;;;;mit Raumfühler;ohne Raumfühler;;;;;;;;;;;;;;;;;;;
Heizkreis 6 Anzeige Fernbedienung;WAHL;3;;rw;20781;20782;;;;;;Boiler A;Boiler 1;Boiler 2;Boiler 3;Zentralpuffer;Boiler B;Fühler FWS;Zusatzpuffer HKM1;Zusatzpuffer HKM2;;;;;;;;;;;;
Heizkreis 6 FR40-Ansicht;BITFIELD;3;;rw;21096;21097;;;;;;;;;;;;;;;;;;;;;;;;;;
Heizkreis 6 FR40-Ansicht;BITFIELD;3;;rw;23995;23996;;;;;;;;;;;;;;;;;;;;;;;;;;
Heizkreis 6 Raumkorr. Fernbedienung;FLOAT;3;;rw;20782;20783;;°C;-6.00;6.00;0.50;;;;;;;;;;;;;;;;;;;;;
"Heizkreis 6 Pumpenabschaltung bei
Überschreitung der Raumtemp. Raumregler";WAHL;3;;rw;21098;21099;;;;;;Deaktiviert;Aktiviert;;;;;;;;;;;;;;;;;;;
Heizkreis 6 Eingang externer Kontakt FR25;WAHL;3;;rw;21099;21100;;;;;;Öffner;Schließer;;;;;;;;;;;;;;;;;;;
Heizkreis 6 Raumkorrektur über App/Web;WAHL;3;;rw;23843;23844;;;;;;Nein;Ja;;;;;;;;;;;;;;;;;;;
Heizkreis 6 Fernleitungspumpe;WAHL;3;;rw;20784;20785;;;;;;keine Fernleitung;mit Fernleitung 1;geregelte Fernleitung 1;geregelte Fernleitung 2;;;;;;;;;;;;;;;;;
Heizkreis 6 Sommer-Badheizen;WAHL;3;;rw;20785;20786;;;;;;Sommer-Badheizen Aus;Sommer-Badheizen Ein;Sommer-Badheizen Auto;;;;;;;;;;;;;;;;;;
Heizkreis 6 Sommer-Badheizen Puffer-Mindesttemperatur;INT;3;;rw;20786;20787;;°C;20;100;1;;;;;;;;;;;;;;;;;;;;;
Heizkreis 6 Sommer-Badheizen Tagesuhr Mo-So;TPROG;3;;rw;20787;20788;;;;;;;;;;;;;;;;;;;;;;;;;;
Heizkreis 6 Sommer-Badheizen Vorlauf-Soll;INT;3;;rw;20791;20792;;°C;20;100;1;;;;;;;;;;;;;;;;;;;;;
Heizkreis 6 Boilervorrang bei Sommer-Badheizen;WAHL;3;;rw;21100;21101;;;;;;Inaktiv;Aktiv;;;;;;;;;;;;;;;;;;;
Heizkreis 6 Fühler Sommer- Badheizen Puffer- Mindesttemperatur;WAHL;3;;rw;24114;24115;;;;;;Puffer unten;Puffer oben;Puffer Mitte oben;Puffer Mitte;Puffer Mitte unten;;;;;;;;;;;;;;;;
Heizkreis 6 Estrich;WAHL;3;;rw;20792;20793;;;;;;Aus;Ein;;;;;;;;;;;;;;;;;;;
Heizkreis 6 Estrich pausiert;WAHL;3;;rw;21101;21102;;;;;;Nein;Ja;;;;;;;;;;;;;;;;;;;
"Heizkreis 6 Loxone Verbindungsausfall Notbetrieb 
Solltemperatur";INT;3;;rw;21102;21103;;°C;1;90;1;;;;;;;;;;;;;;;;;;;;;
Heizkreis A ;WAHL;3;;rw;20653;20654;;;;;;Nicht vorhanden;Pumpe;Mischer Radiatoren;Loxone/Modbus;Mischer FBH;;;;;;;;;;;;;;;;
Heizkreis A Steilheit;FLOAT;3;;rw;20654;20655;;;0.20;Mrz 50;0.05;;;;;;;;;;;;;;;;;;;;;
Heizkreis A Steilheit FBH;FLOAT;3;;rw;21026;21027;;;0.20;Mrz 50;0.05;;;;;;;;;;;;;;;;;;;;;
Heizkreis A Vorlauftemperatur Minimum;INT;3;;rw;20656;20657;;°C;1;80;1;;;;;;;;;;;;;;;;;;;;;
Heizkreis A Vorlauftemperatur Minimum FBH;INT;3;;rw;21028;21029;;°C;1;55;1;;;;;;;;;;;;;;;;;;;;;
Heizkreis A Vorlauftemperatur Maximum;INT;3;;rw;20657;20658;;°C;1;95;1;;;;;;;;;;;;;;;;;;;;;
Heizkreis A Vorlauftemperatur Maximum FBH;INT;3;;rw;21029;21030;;°C;1;55;1;;;;;;;;;;;;;;;;;;;;;
Heizkreis A Mischerlaufzeit;INT;3;;rw;20658;20659;;Sek;10;300;5;;;;;;;;;;;;;;;;;;;;;
Heizkreis A Fernbedienung;WAHL;3;;rw;20659;20660;;;;;;Nicht vorhanden;FR25 (analog);FR35 (digital);FR40 (digital);ext. Schaltkontakt;KNX;Modbus;;;;;;;;;;;;;;
Heizkreis A Fernbedienung;WAHL;3;;rw;20660;20661;;;;;;mit Raumfühler;ohne Raumfühler;;;;;;;;;;;;;;;;;;;
Heizkreis A Anzeige Fernbedienung;WAHL;3;;rw;20661;20662;;;;;;Boiler A;Boiler 1;Boiler 2;Boiler 3;Zentralpuffer;Boiler B;Fühler FWS;Zusatzpuffer HKM1;Zusatzpuffer HKM2;;;;;;;;;;;;
Heizkreis A FR40-Ansicht;BITFIELD;3;;rw;21030;21031;;;;;;;;;;;;;;;;;;;;;;;;;;
Heizkreis A FR40-Ansicht;BITFIELD;3;;rw;23983;23984;;;;;;;;;;;;;;;;;;;;;;;;;;
Heizkreis A Raumkorr. Fernbedienung;FLOAT;3;;rw;20662;20663;;°C;-6.00;6.00;0.50;;;;;;;;;;;;;;;;;;;;;
"Heizkreis A Pumpenabschaltung bei
Überschreitung der Raumtemp. Raumregler";WAHL;3;;rw;21032;21033;;;;;;Deaktiviert;Aktiviert;;;;;;;;;;;;;;;;;;;
Heizkreis A Eingang externer Kontakt FR25;WAHL;3;;rw;21033;21034;;;;;;Öffner;Schließer;;;;;;;;;;;;;;;;;;;
Heizkreis A Raumkorrektur über App/Web;WAHL;3;;rw;23837;23838;;;;;;Nein;Ja;;;;;;;;;;;;;;;;;;;
Heizkreis A Fernleitungspumpe;WAHL;3;;rw;20664;20665;;;;;;keine Fernleitung;mit Fernleitung 1;geregelte Fernleitung 1;geregelte Fernleitung 2;;;;;;;;;;;;;;;;;
Heizkreis A Sommer-Badheizen;WAHL;3;;rw;20665;20666;;;;;;Sommer-Badheizen Aus;Sommer-Badheizen Ein;Sommer-Badheizen Auto;;;;;;;;;;;;;;;;;;
Heizkreis A Sommer-Badheizen Puffer-Mindesttemperatur;INT;3;;rw;20666;20667;;°C;20;100;1;;;;;;;;;;;;;;;;;;;;;
Heizkreis A Sommer-Badheizen Tagesuhr Mo-So;TPROG;3;;rw;20667;20668;;;;;;;;;;;;;;;;;;;;;;;;;;
Heizkreis A Sommer-Badheizen Vorlauf-Soll;INT;3;;rw;20671;20672;;°C;20;100;1;;;;;;;;;;;;;;;;;;;;;
Heizkreis A Boilervorrang bei Sommer-Badheizen;WAHL;3;;rw;21034;21035;;;;;;Inaktiv;Aktiv;;;;;;;;;;;;;;;;;;;
Heizkreis A Fühler Sommer- Badheizen Puffer- Mindesttemperatur;WAHL;3;;rw;24115;24116;;;;;;Puffer unten;Puffer oben;Puffer Mitte oben;Puffer Mitte;Puffer Mitte unten;;;;;;;;;;;;;;;;
Heizkreis A Estrich;WAHL;3;;rw;20672;20673;;;;;;Aus;Ein;;;;;;;;;;;;;;;;;;;
Heizkreis A Estrich pausiert;WAHL;3;;rw;21035;21036;;;;;;Nein;Ja;;;;;;;;;;;;;;;;;;;
"Heizkreis A Loxone Verbindungsausfall Notbetrieb 
Solltemperatur";INT;3;;rw;21036;21037;;°C;1;90;1;;;;;;;;;;;;;;;;;;;;;
Heizkreis B ;WAHL;3;;rw;20793;20794;;;;;;Nicht vorhanden;Pumpe;Mischer Radiatoren;Loxone/Modbus;Mischer FBH;;;;;;;;;;;;;;;;
Heizkreis B Steilheit;FLOAT;3;;rw;20794;20795;;;0.20;Mrz 50;0.05;;;;;;;;;;;;;;;;;;;;;
Heizkreis B Steilheit FBH;FLOAT;3;;rw;21103;21104;;;0.20;Mrz 50;0.05;;;;;;;;;;;;;;;;;;;;;
Heizkreis B Vorlauftemperatur Minimum;INT;3;;rw;20796;20797;;°C;1;80;1;;;;;;;;;;;;;;;;;;;;;
Heizkreis B Vorlauftemperatur Minimum FBH;INT;3;;rw;21105;21106;;°C;1;55;1;;;;;;;;;;;;;;;;;;;;;
Heizkreis B Vorlauftemperatur Maximum;INT;3;;rw;20797;20798;;°C;1;95;1;;;;;;;;;;;;;;;;;;;;;
Heizkreis B Vorlauftemperatur Maximum FBH;INT;3;;rw;21106;21107;;°C;1;55;1;;;;;;;;;;;;;;;;;;;;;
Heizkreis B Mischerlaufzeit;INT;3;;rw;20798;20799;;Sek;10;300;5;;;;;;;;;;;;;;;;;;;;;
Heizkreis B Fernbedienung;WAHL;3;;rw;20799;20800;;;;;;Nicht vorhanden;FR25 (analog);FR35 (digital);FR40 (digital);ext. Schaltkontakt;KNX;Modbus;;;;;;;;;;;;;;
Heizkreis B Fernbedienung;WAHL;3;;rw;20800;20801;;;;;;mit Raumfühler;ohne Raumfühler;;;;;;;;;;;;;;;;;;;
Heizkreis B Anzeige Fernbedienung;WAHL;3;;rw;20801;20802;;;;;;Boiler A;Boiler 1;Boiler 2;Boiler 3;Zentralpuffer;Boiler B;Fühler FWS;Zusatzpuffer HKM1;Zusatzpuffer HKM2;;;;;;;;;;;;
Heizkreis B FR40-Ansicht;BITFIELD;3;;rw;21107;21108;;;;;;;;;;;;;;;;;;;;;;;;;;
Heizkreis B FR40-Ansicht;BITFIELD;3;;rw;23997;23998;;;;;;;;;;;;;;;;;;;;;;;;;;
Heizkreis B Raumkorr. Fernbedienung;FLOAT;3;;rw;20802;20803;;°C;-6.00;6.00;0.50;;;;;;;;;;;;;;;;;;;;;
"Heizkreis B Pumpenabschaltung bei
Überschreitung der Raumtemp. Raumregler";WAHL;3;;rw;20804;20805;;;;;;Deaktiviert;Aktiviert;;;;;;;;;;;;;;;;;;;
Heizkreis B Eingang externer Kontakt FR25;WAHL;3;;rw;21109;21110;;;;;;Öffner;Schließer;;;;;;;;;;;;;;;;;;;
Heizkreis B Raumkorrektur über App/Web;WAHL;3;;rw;23844;23845;;;;;;Nein;Ja;;;;;;;;;;;;;;;;;;;
Heizkreis B Fernleitungspumpe;WAHL;3;;rw;20805;20806;;;;;;keine Fernleitung;mit Fernleitung 1;geregelte Fernleitung 1;geregelte Fernleitung 2;;;;;;;;;;;;;;;;;
Heizkreis B Sommer-Badheizen;WAHL;3;;rw;20806;20807;;;;;;Sommer-Badheizen Aus;Sommer-Badheizen Ein;Sommer-Badheizen Auto;;;;;;;;;;;;;;;;;;
Heizkreis B Sommer-Badheizen Puffer-Mindesttemperatur;INT;3;;rw;20807;20808;;°C;20;100;1;;;;;;;;;;;;;;;;;;;;;
Heizkreis B Sommer-Badheizen Tagesuhr Mo-So;TPROG;3;;rw;20808;20809;;;;;;;;;;;;;;;;;;;;;;;;;;
Heizkreis B Sommer-Badheizen Vorlauf-Soll;INT;3;;rw;20812;20813;;°C;20;100;1;;;;;;;;;;;;;;;;;;;;;
Heizkreis B Boilervorrang bei Sommer-Badheizen;WAHL;3;;rw;21110;21111;;;;;;Inaktiv;Aktiv;;;;;;;;;;;;;;;;;;;
Heizkreis B Fühler Sommer- Badheizen Puffer- Mindesttemperatur;WAHL;3;;rw;24116;24117;;;;;;Puffer unten;Puffer oben;Puffer Mitte oben;Puffer Mitte;Puffer Mitte unten;;;;;;;;;;;;;;;;
Heizkreis B Estrich;WAHL;3;;rw;20813;20814;;;;;;Aus;Ein;;;;;;;;;;;;;;;;;;;
Heizkreis B Estrich pausiert;WAHL;3;;rw;21111;21112;;;;;;Nein;Ja;;;;;;;;;;;;;;;;;;;
"Heizkreis B Loxone Verbindungsausfall Notbetrieb 
Solltemperatur";INT;3;;rw;21112;21113;;°C;1;90;1;;;;;;;;;;;;;;;;;;;;;
Alle Heizkreise Heizkreispuffern;WAHL;3;;rw;21863;21864;;;;;;Aus;Ein;;;;;;;;;;;;;;;;;;;
Alle Heizkreise Estrich Estrich Anzahl Temperaturphasen (alle HK);INT;3;;rw;21113;21114;;;1;18;1;;;;;;;;;;;;;;;;;;;;;
Alle Heizkreise Estrich Vorlauf-Solltemperatur (alle HK);INT;3;;rw;21114;21115;;°C;10;60;1;;;;;;;;;;;;;;;;;;;;;
Alle Heizkreise Estrich Vorlauf-Solltemperatur (alle HK);INT;3;;rw;21115;21116;;°C;10;60;1;;;;;;;;;;;;;;;;;;;;;
Alle Heizkreise Estrich Vorlauf-Solltemperatur (alle HK);INT;3;;rw;21116;21117;;°C;10;60;1;;;;;;;;;;;;;;;;;;;;;
Alle Heizkreise Estrich Vorlauf-Solltemperatur (alle HK);INT;3;;rw;21117;21118;;°C;10;60;1;;;;;;;;;;;;;;;;;;;;;
Alle Heizkreise Estrich Vorlauf-Solltemperatur (alle HK);INT;3;;rw;21118;21119;;°C;10;60;1;;;;;;;;;;;;;;;;;;;;;
Alle Heizkreise Estrich Vorlauf-Solltemperatur (alle HK);INT;3;;rw;21119;21120;;°C;10;60;1;;;;;;;;;;;;;;;;;;;;;
Alle Heizkreise Estrich Vorlauf-Solltemperatur (alle HK);INT;3;;rw;21120;21121;;°C;10;60;1;;;;;;;;;;;;;;;;;;;;;
Alle Heizkreise Estrich Vorlauf-Solltemperatur (alle HK);INT;3;;rw;21121;21122;;°C;10;60;1;;;;;;;;;;;;;;;;;;;;;
Alle Heizkreise Estrich Vorlauf-Solltemperatur (alle HK);INT;3;;rw;21122;21123;;°C;10;60;1;;;;;;;;;;;;;;;;;;;;;
Alle Heizkreise Estrich Vorlauf-Solltemperatur (alle HK);INT;3;;rw;21123;21124;;°C;10;60;1;;;;;;;;;;;;;;;;;;;;;
Alle Heizkreise Estrich Vorlauf-Solltemperatur (alle HK);INT;3;;rw;21124;21125;;°C;10;60;1;;;;;;;;;;;;;;;;;;;;;
Alle Heizkreise Estrich Vorlauf-Solltemperatur (alle HK);INT;3;;rw;21125;21126;;°C;10;60;1;;;;;;;;;;;;;;;;;;;;;
Alle Heizkreise Estrich Vorlauf-Solltemperatur (alle HK);INT;3;;rw;21126;21127;;°C;10;60;1;;;;;;;;;;;;;;;;;;;;;
Alle Heizkreise Estrich Vorlauf-Solltemperatur (alle HK);INT;3;;rw;21127;21128;;°C;10;60;1;;;;;;;;;;;;;;;;;;;;;
Alle Heizkreise Estrich Vorlauf-Solltemperatur (alle HK);INT;3;;rw;21128;21129;;°C;10;60;1;;;;;;;;;;;;;;;;;;;;;
Alle Heizkreise Estrich Vorlauf-Solltemperatur (alle HK);INT;3;;rw;21129;21130;;°C;10;60;1;;;;;;;;;;;;;;;;;;;;;
Alle Heizkreise Estrich Vorlauf-Solltemperatur (alle HK);INT;3;;rw;21130;21131;;°C;10;60;1;;;;;;;;;;;;;;;;;;;;;
Alle Heizkreise Estrich Vorlauf-Solltemperatur (alle HK);INT;3;;rw;21131;21132;;°C;10;60;1;;;;;;;;;;;;;;;;;;;;;
Alle Heizkreise Estrich Anzahl Tage (alle HK);INT;3;;rw;21132;21133;;Tage;1;10;1;;;;;;;;;;;;;;;;;;;;;
Alle Heizkreise Estrich Anzahl Tage (alle HK);INT;3;;rw;21133;21134;;Tage;0;10;1;;;;;;;;;;;;;;;;;;;;;
Alle Heizkreise Estrich Anzahl Tage (alle HK);INT;3;;rw;21134;21135;;Tage;0;10;1;;;;;;;;;;;;;;;;;;;;;
Alle Heizkreise Estrich Anzahl Tage (alle HK);INT;3;;rw;21135;21136;;Tage;0;10;1;;;;;;;;;;;;;;;;;;;;;
Alle Heizkreise Estrich Anzahl Tage (alle HK);INT;3;;rw;21136;21137;;Tage;0;10;1;;;;;;;;;;;;;;;;;;;;;
Alle Heizkreise Estrich Anzahl Tage (alle HK);INT;3;;rw;21137;21138;;Tage;0;10;1;;;;;;;;;;;;;;;;;;;;;
Alle Heizkreise Estrich Anzahl Tage (alle HK);INT;3;;rw;21138;21139;;Tage;0;10;1;;;;;;;;;;;;;;;;;;;;;
Alle Heizkreise Estrich Anzahl Tage (alle HK);INT;3;;rw;21139;21140;;Tage;0;10;1;;;;;;;;;;;;;;;;;;;;;
Alle Heizkreise Estrich Anzahl Tage (alle HK);INT;3;;rw;21140;21141;;Tage;0;10;1;;;;;;;;;;;;;;;;;;;;;
Alle Heizkreise Estrich Anzahl Tage (alle HK);INT;3;;rw;21141;21142;;Tage;0;10;1;;;;;;;;;;;;;;;;;;;;;
Alle Heizkreise Estrich Anzahl Tage (alle HK);INT;3;;rw;21142;21143;;Tage;0;10;1;;;;;;;;;;;;;;;;;;;;;
Alle Heizkreise Estrich Anzahl Tage (alle HK);INT;3;;rw;21143;21144;;Tage;0;10;1;;;;;;;;;;;;;;;;;;;;;
Alle Heizkreise Estrich Anzahl Tage (alle HK);INT;3;;rw;21144;21145;;Tage;0;10;1;;;;;;;;;;;;;;;;;;;;;
Alle Heizkreise Estrich Anzahl Tage (alle HK);INT;3;;rw;21145;21146;;Tage;0;10;1;;;;;;;;;;;;;;;;;;;;;
Alle Heizkreise Estrich Anzahl Tage (alle HK);INT;3;;rw;21146;21147;;Tage;0;10;1;;;;;;;;;;;;;;;;;;;;;
Alle Heizkreise Estrich Anzahl Tage (alle HK);INT;3;;rw;21147;21148;;Tage;0;10;1;;;;;;;;;;;;;;;;;;;;;
Alle Heizkreise Estrich Anzahl Tage (alle HK);INT;3;;rw;21148;21149;;Tage;0;10;1;;;;;;;;;;;;;;;;;;;;;
Alle Heizkreise Estrich Anzahl Tage (alle HK);INT;3;;rw;21149;21150;;Tage;0;10;1;;;;;;;;;;;;;;;;;;;;;
Alle Heizkreise Estrich Estrich Hysterese (alle HK);INT;3;;rw;21150;21151;;K;0;10;1;;;;;;;;;;;;;;;;;;;;;
Alle Heizkreise Estrich Infomeldung Temperatur nicht erreicht ausgeben (0=inaktiv);INT;3;;rw;24108;24109;;h;0;96;1;;;;;;;;;;;;;;;;;;;;;
Boiler 1 ;WAHL;3;;rw;20829;20830;;;;;;Nicht vorhanden;Vorhanden;Loxone/Modbus;;;;;;;;;;;;;;;;;;
Boiler 1 Boilertemperatur Schaltdifferenz;INT;3;;rw;20830;20831;;°C;1;40;1;;;;;;;;;;;;;;;;;;;;;
Boiler 1 Boilertemperatur Minimum;INT;3;;rw;20831;20832;;°C;1;80;1;;;;;;;;;;;;;;;;;;;;;
Boiler 1 Legionellenschutz;WAHL;3;;rw;20832;20833;;(0) Aus;(1) Ein;;;;;;;;;;;;;;;;;;;;;;;
Boiler 1 Legionellenschutz Solltemperatur;INT;3;;rw;20833;20834;;°C;10;75;1;;;;;;;;;;;;;;;;;;;;;
Boiler 1 Legionellenschutz Wochenprogramm;WPROG;3;;rw;20834;20835;;;;;;;;;;;;;;;;;;;;;;;;;;
Boiler 1 Fernleitungspumpe;WAHL;3;;rw;20839;20840;;;;;;keine Fernleitung;mit Fernleitung 1;geregelte Fernleitung 1;geregelte Fernleitung 2;;;;;;;;;;;;;;;;;
Boiler 1 Zirkulationspumpe;WAHL;3;;rw;20840;20841;;;;;;Nicht vorhanden;Vorhanden;"Dauerphase
(selbstlernende Pumpe)";;;;;;;;;;;;;;;;;;
Boiler 1 Zirkulationspumpe Laufzeit;INT;3;;rw;20841;20842;;Sek;10;900;10;;;;;;;;;;;;;;;;;;;;;
Boiler 1 Zirkulationspumpe Stillstandszeit;INT;3;;rw;20842;20843;;Min;1;60;1;;;;;;;;;;;;;;;;;;;;;
Boiler 1 Zirkulationspumpe starten;WAHL;3;;rw;23442;23443;;;;;;Nein;Ja;;;;;;;;;;;;;;;;;;;
Boiler 1 Energiesparmodus;WAHL;3;;rw;21770;21771;;;;;;Deaktiviert;Aktiviert;;;;;;;;;;;;;;;;;;;
Boiler 1 Energiesparmodus nach der Dauer;INT;3;;rw;21775;21776;;Min;0;60;1;;;;;;;;;;;;;;;;;;;;;
"Boiler 1 maximale Pumpenlaufzeit bei Boilerladung
(0=deaktiviert)";INT;3;;rw;20843;20844;;h;0;20;1;;;;;;;;;;;;;;;;;;;;;
Boiler 2 ;WAHL;3;;rw;20844;20845;;;;;;Nicht vorhanden;Vorhanden;Loxone/Modbus;;;;;;;;;;;;;;;;;;
Boiler 2 Boilertemperatur Schaltdifferenz;INT;3;;rw;20845;20846;;°C;1;40;1;;;;;;;;;;;;;;;;;;;;;
Boiler 2 Boilertemperatur Minimum;INT;3;;rw;20846;20847;;°C;1;80;1;;;;;;;;;;;;;;;;;;;;;
Boiler 2 Legionellenschutz;WAHL;3;;rw;20847;20848;;(0) Aus;(1) Ein;;;;;;;;;;;;;;;;;;;;;;;
Boiler 2 Legionellenschutz Solltemperatur;INT;3;;rw;20848;20849;;°C;10;75;1;;;;;;;;;;;;;;;;;;;;;
Boiler 2 Legionellenschutz Wochenprogramm;WPROG;3;;rw;20849;20850;;;;;;;;;;;;;;;;;;;;;;;;;;
Boiler 2 Fernleitungspumpe;WAHL;3;;rw;20854;20855;;;;;;keine Fernleitung;mit Fernleitung 1;geregelte Fernleitung 1;geregelte Fernleitung 2;;;;;;;;;;;;;;;;;
Boiler 2 Zirkulationspumpe;WAHL;3;;rw;20855;20856;;;;;;Nicht vorhanden;Vorhanden;"Dauerphase
(selbstlernende Pumpe)";;;;;;;;;;;;;;;;;;
Boiler 2 Zirkulationspumpe Laufzeit;INT;3;;rw;20856;20857;;Sek;10;900;10;;;;;;;;;;;;;;;;;;;;;
Boiler 2 Zirkulationspumpe Stillstandszeit;INT;3;;rw;20857;20858;;Min;1;60;1;;;;;;;;;;;;;;;;;;;;;
Boiler 2 Zirkulationspumpe starten;WAHL;3;;rw;23443;23444;;;;;;Nein;Ja;;;;;;;;;;;;;;;;;;;
Boiler 2 Energiesparmodus;WAHL;3;;rw;21771;21772;;;;;;Deaktiviert;Aktiviert;;;;;;;;;;;;;;;;;;;
Boiler 2 Energiesparmodus nach der Dauer;INT;3;;rw;21776;21777;;Min;0;60;1;;;;;;;;;;;;;;;;;;;;;
"Boiler 2 maximale Pumpenlaufzeit bei Boilerladung
(0=deaktiviert)";INT;3;;rw;20858;20859;;h;0;20;1;;;;;;;;;;;;;;;;;;;;;
Boiler 3 ;WAHL;3;;rw;20859;20860;;;;;;Nicht vorhanden;Vorhanden;Loxone/Modbus;;;;;;;;;;;;;;;;;;
Boiler 3 Boilertemperatur Schaltdifferenz;INT;3;;rw;20860;20861;;°C;1;40;1;;;;;;;;;;;;;;;;;;;;;
Boiler 3 Boilertemperatur Minimum;INT;3;;rw;20861;20862;;°C;1;80;1;;;;;;;;;;;;;;;;;;;;;
Boiler 3 Legionellenschutz;WAHL;3;;rw;20862;20863;;;;;;Aus;Ein;;;;;;;;;;;;;;;;;;;
Boiler 3 Legionellenschutz Solltemperatur;INT;3;;rw;20863;20864;;°C;10;75;1;;;;;;;;;;;;;;;;;;;;;
Boiler 3 Legionellenschutz Wochenprogramm;WPROG;3;;rw;20864;20865;;;;;;;;;;;;;;;;;;;;;;;;;;
Boiler 3 Fernleitungspumpe;WAHL;3;;rw;20869;20870;;;;;;keine Fernleitung;mit Fernleitung 1;geregelte Fernleitung 1;geregelte Fernleitung 2;;;;;;;;;;;;;;;;;
Boiler 3 Zirkulationspumpe;WAHL;3;;rw;20870;20871;;;;;;Nicht vorhanden;Vorhanden;"Dauerphase
(selbstlernende Pumpe)";;;;;;;;;;;;;;;;;;
Boiler 3 Zirkulationspumpe Laufzeit;INT;3;;rw;20871;20872;;Sek;10;900;10;;;;;;;;;;;;;;;;;;;;;
Boiler 3 Zirkulationspumpe Stillstandszeit;INT;3;;rw;20872;20873;;Min;1;60;1;;;;;;;;;;;;;;;;;;;;;
Boiler 3 Zirkulationspumpe starten;WAHL;3;;rw;23444;23445;;;;;;Nein;Ja;;;;;;;;;;;;;;;;;;;
Boiler 3 Energiesparmodus;WAHL;3;;rw;21772;21773;;;;;;Deaktiviert;Aktiviert;;;;;;;;;;;;;;;;;;;
Boiler 3 Energiesparmodus nach der Dauer;INT;3;;rw;21777;21778;;Min;0;60;1;;;;;;;;;;;;;;;;;;;;;
"Boiler 3 maximale Pumpenlaufzeit bei Boilerladung
(0=deaktiviert)";INT;3;;rw;20873;20874;;h;0;20;1;;;;;;;;;;;;;;;;;;;;;
Boiler A ;WAHL;3;;rw;20814;20815;;;;;;Nicht vorhanden;Vorhanden;Loxone/Modbus;;;;;;;;;;;;;;;;;;
Boiler A Boilertemperatur Schaltdifferenz;INT;3;;rw;20815;20816;;°C;1;40;1;;;;;;;;;;;;;;;;;;;;;
Boiler A Boilertemperatur Minimum;INT;3;;rw;20816;20817;;°C;1;80;1;;;;;;;;;;;;;;;;;;;;;
Boiler A Legionellenschutz;WAHL;3;;rw;20817;20818;;;;;;Aus;Ein;;;;;;;;;;;;;;;;;;;
Boiler A Legionellenschutz Solltemperatur;INT;3;;rw;20818;20819;;°C;10;75;1;;;;;;;;;;;;;;;;;;;;;
Boiler A Legionellenschutz Wochenprogramm;WPROG;3;;rw;20819;20820;;;;;;;;;;;;;;;;;;;;;;;;;;
Boiler A Fernleitungspumpe;WAHL;3;;rw;20824;20825;;;;;;keine Fernleitung;mit Fernleitung 1;geregelte Fernleitung 1;geregelte Fernleitung 2;;;;;;;;;;;;;;;;;
Boiler A Zirkulationspumpe;WAHL;3;;rw;20825;20826;;;;;;Nicht vorhanden;Vorhanden;"Dauerphase
(selbstlernende Pumpe)";;;;;;;;;;;;;;;;;;
Boiler A Zirkulationspumpe Laufzeit;INT;3;;rw;20826;20827;;Sek;10;900;10;;;;;;;;;;;;;;;;;;;;;
Boiler A Zirkulationspumpe Stillstandszeit;INT;3;;rw;20827;20828;;Min;1;60;1;;;;;;;;;;;;;;;;;;;;;
Boiler A Zirkulationspumpe starten;WAHL;3;;rw;23441;23442;;;;;;Nein;Ja;;;;;;;;;;;;;;;;;;;
Boiler A Energiesparmodus;WAHL;3;;rw;21769;21770;;;;;;Deaktiviert;Aktiviert;;;;;;;;;;;;;;;;;;;
Boiler A Energiesparmodus nach der Dauer;INT;3;;rw;21774;21775;;Min;0;60;1;;;;;;;;;;;;;;;;;;;;;
"Boiler A maximale Pumpenlaufzeit bei Boilerladung
(0=deaktiviert)";INT;3;;rw;20828;20829;;h;0;20;1;;;;;;;;;;;;;;;;;;;;;
Boiler B ;WAHL;3;;rw;20874;20875;;;;;;Nicht vorhanden;Vorhanden;Loxone/Modbus;;;;;;;;;;;;;;;;;;
Boiler B Boilertemperatur Schaltdifferenz;INT;3;;rw;20875;20876;;°C;1;40;1;;;;;;;;;;;;;;;;;;;;;
Boiler B Boilertemperatur Minimum;INT;3;;rw;20876;20877;;°C;1;80;1;;;;;;;;;;;;;;;;;;;;;
Boiler B Legionellenschutz;WAHL;3;;rw;20877;20878;;;;;;Aus;Ein;;;;;;;;;;;;;;;;;;;
Boiler B Legionellenschutz Solltemperatur;INT;3;;rw;20878;20879;;°C;10;75;1;;;;;;;;;;;;;;;;;;;;;
Boiler B Legionellenschutz Wochenprogramm;WPROG;3;;rw;20879;20880;;;;;;;;;;;;;;;;;;;;;;;;;;
Boiler B Fernleitungspumpe;WAHL;3;;rw;20884;20885;;;;;;keine Fernleitung;mit Fernleitung 1;geregelte Fernleitung 1;geregelte Fernleitung 2;;;;;;;;;;;;;;;;;
Boiler B Zirkulationspumpe;WAHL;3;;rw;20885;20886;;;;;;Nicht vorhanden;Vorhanden;"Dauerphase
(selbstlernende Pumpe)";;;;;;;;;;;;;;;;;;
Boiler B Zirkulationspumpe Laufzeit;INT;3;;rw;20886;20887;;Sek;10;900;10;;;;;;;;;;;;;;;;;;;;;
Boiler B Zirkulationspumpe Stillstandszeit;INT;3;;rw;20887;20888;;Min;1;60;1;;;;;;;;;;;;;;;;;;;;;
Boiler B Zirkulationspumpe starten;WAHL;3;;rw;23445;23446;;;;;;Nein;Ja;;;;;;;;;;;;;;;;;;;
Boiler B Energiesparmodus;WAHL;3;;rw;21773;21774;;;;;;Deaktiviert;Aktiviert;;;;;;;;;;;;;;;;;;;
Boiler B Energiesparmodus nach der Dauer;INT;3;;rw;21778;21779;;Min;0;60;1;;;;;;;;;;;;;;;;;;;;;
"Boiler B maximale Pumpenlaufzeit bei Boilerladung
(0=deaktiviert)";INT;3;;rw;20888;20889;;h;0;20;1;;;;;;;;;;;;;;;;;;;;;
 Boilervorrangautomatik;WAHL;3;;rw;20889;20890;;;;;;Ein;Aus;;;;;;;;;;;;;;;;;;;
Freigabe Boilertemperatur Minimum ;TPROG;3;;rw;20890;20891;;;;;;;;;;;;;;;;;;;;;;;;;;
 Hydraulikschema Nano;WAHL;3;;rw;21882;21883;;;;;;alt;neu;;;;;;;;;;;;;;;;;;;
Frischwasserstation Info Puffertemperatur unterschritten;WAHL;3;;rw;21156;21157;;;;;;Deaktiviert;Aktiviert;;;;;;;;;;;;;;;;;;;
 Puffervorrangautomatik (für FWS);WAHL;3;;rw;23300;23301;;;;;;Aus;Ein;;;;;;;;;;;;;;;;;;;
 Kaskade FWS;BITFIELD;3;;rw;23385;23386;;;;;;;;;;;;;;;;;;;;;;;;;;
 Zuschaltung ab;INT;3;;rw;21158;21159;;%;50;100;5;;;;;;;;;;;;;;;;;;;;;
 Zeitverzögerung Zuschaltung;FLOAT;3;;rw;21159;21160;;Sek;0.00;5.00;0.10;;;;;;;;;;;;;;;;;;;;;
 Abschaltung ab;INT;3;;rw;21161;21162;;%;5;50;5;;;;;;;;;;;;;;;;;;;;;
 Frischwasserstation Kaskade Master;INT;3;;rw;21162;21163;;;0;3;1;;;;;;;;;;;;;;;;;;;;;
Frischwasserstation 1 ;WAHL;3;;rw;21151;21152;;;;;;Nicht vorhanden;Vorhanden;;;;;;;;;;;;;;;;;;;
Frischwasserstation 1 Pufferladung Starten;WAHL;3;;rw;21154;21155;;;;;;Fühler FWS;Puffer oben;Puffer Mitte oben;Puffer Mitte;Puffer Mitte unten;;;;;;;;;;;;;;;;
Frischwasserstation 1 Puffer-Mindesttemperatur;INT;3;;rw;21155;21156;;°C;0;100;1;;;;;;;;;;;;;;;;;;;;;
Frischwasserstation 1 Zirkulationspumpe;WAHL;3;;rw;21163;21164;;;;;;Nicht vorhanden;Vorhanden;"Dauerphase
(selbstlernende Pumpe)";;;;;;;;;;;;;;;;;;
Frischwasserstation 1 FWS Zirkulationspumpe Laufzeit;INT;3;;rw;21164;21165;;Min;5;60;1;;;;;;;;;;;;;;;;;;;;;
Frischwasserstation 1 FWS Zirkulationspumpe Stillstandszeit;INT;3;;rw;21165;21166;;Min;1;60;1;;;;;;;;;;;;;;;;;;;;;
Frischwasserstation 1 Durchfluss Zirkulationspumpe;FLOAT;3;;rw;21166;21167;;l/min;0.00;50.00;0.00;;;;;;;;;;;;;;;;;;;;;
Frischwasserstation 1 FWS Zirkulationspumpe starten;WAHL;3;;rw;23452;23453;;;;;;Nein;Ja;;;;;;;;;;;;;;;;;;;
Frischwasserstation 1 FWS Zirkulationspumpe Unterschreitung Auslauf-Solltemperatur;INT;3;;rw;24073;24074;;°C;0;10;1;;;;;;;;;;;;;;;;;;;;;
Frischwasserstation 1 Schüttleistung;WAHL;3;;rw;21168;21169;;;;;;FWS 35 / HWS320;FWS 50;;;;;;;;;;;;;;;;;;;
Frischwasserstation 1 Position Vorlauffühler;WAHL;3;;rw;21169;21170;;;;;;Puffer;Wärmetauscher;;;;;;;;;;;;;;;;;;;
Frischwasserstation 2 ;WAHL;3;;rw;23382;23383;;;;;;Nicht vorhanden;Vorhanden;;;;;;;;;;;;;;;;;;;
Frischwasserstation 2 Pufferladung Starten;WAHL;3;;rw;23967;23968;;;;;;Fühler FWS;Puffer oben;Puffer Mitte oben;Puffer Mitte;Puffer Mitte unten;;;;;;;;;;;;;;;;
Frischwasserstation 2 Puffer-Mindesttemperatur;INT;3;;rw;23968;23969;;°C;0;100;1;;;;;;;;;;;;;;;;;;;;;
Frischwasserstation 2 Zirkulationspumpe;WAHL;3;;rw;21172;21173;;;;;;Nicht vorhanden;Vorhanden;"Dauerphase
(selbstlernende Pumpe)";;;;;;;;;;;;;;;;;;
Frischwasserstation 2 FWS Zirkulationspumpe Laufzeit;INT;3;;rw;21173;21174;;Min;5;60;1;;;;;;;;;;;;;;;;;;;;;
Frischwasserstation 2 FWS Zirkulationspumpe Stillstandszeit;INT;3;;rw;21174;21175;;Min;1;60;1;;;;;;;;;;;;;;;;;;;;;
Frischwasserstation 2 Durchfluss Zirkulationspumpe;FLOAT;3;;rw;21175;21176;;l/min;0.00;50.00;0.00;;;;;;;;;;;;;;;;;;;;;
Frischwasserstation 2 FWS Zirkulationspumpe starten;WAHL;3;;rw;23453;23454;;;;;;Nein;Ja;;;;;;;;;;;;;;;;;;;
Frischwasserstation 2 FWS Zirkulationspumpe Unterschreitung Auslauf-Solltemperatur;INT;3;;rw;24074;24075;;°C;0;10;1;;;;;;;;;;;;;;;;;;;;;
Frischwasserstation 2 Schüttleistung;WAHL;3;;rw;21177;21178;;;;;;FWS 35 / HWS320;FWS 50;;;;;;;;;;;;;;;;;;;
Frischwasserstation 2 Position Vorlauffühler;WAHL;3;;rw;21178;21179;;;;;;Puffer;Wärmetauscher;;;;;;;;;;;;;;;;;;;
Frischwasserstation 3 ;WAHL;3;;rw;23383;23384;;;;;;Nicht vorhanden;Vorhanden;;;;;;;;;;;;;;;;;;;
Frischwasserstation 3 Pufferladung Starten;WAHL;3;;rw;23969;23970;;;;;;Fühler FWS;Puffer oben;Puffer Mitte oben;Puffer Mitte;Puffer Mitte unten;;;;;;;;;;;;;;;;
Frischwasserstation 3 Puffer-Mindesttemperatur;INT;3;;rw;23970;23971;;°C;0;100;1;;;;;;;;;;;;;;;;;;;;;
Frischwasserstation 3 Zirkulationspumpe;WAHL;3;;rw;21181;21182;;;;;;Nicht vorhanden;Vorhanden;"Dauerphase
(selbstlernende Pumpe)";;;;;;;;;;;;;;;;;;
Frischwasserstation 3 FWS Zirkulationspumpe Laufzeit;INT;3;;rw;21182;21183;;Min;5;60;1;;;;;;;;;;;;;;;;;;;;;
Frischwasserstation 3 FWS Zirkulationspumpe Stillstandszeit;INT;3;;rw;21183;21184;;Min;1;60;1;;;;;;;;;;;;;;;;;;;;;
Frischwasserstation 3 Durchfluss Zirkulationspumpe;FLOAT;3;;rw;21184;21185;;l/min;0.00;50.00;0.00;;;;;;;;;;;;;;;;;;;;;
Frischwasserstation 3 FWS Zirkulationspumpe starten;WAHL;3;;rw;23454;23455;;;;;;Nein;Ja;;;;;;;;;;;;;;;;;;;
Frischwasserstation 3 FWS Zirkulationspumpe Unterschreitung Auslauf-Solltemperatur;INT;3;;rw;24075;24076;;°C;0;10;1;;;;;;;;;;;;;;;;;;;;;
Frischwasserstation 3 Schüttleistung;WAHL;3;;rw;21186;21187;;;;;;FWS 35 / HWS320;FWS 50;;;;;;;;;;;;;;;;;;;
Frischwasserstation 3 Position Vorlauffühler;WAHL;3;;rw;21187;21188;;;;;;Puffer;Wärmetauscher;;;;;;;;;;;;;;;;;;;
Frischwasserstation 4 ;WAHL;3;;rw;23384;23385;;;;;;Nicht vorhanden;Vorhanden;;;;;;;;;;;;;;;;;;;
Frischwasserstation 4 Pufferladung Starten;WAHL;3;;rw;23971;23972;;;;;;Fühler FWS;Puffer oben;Puffer Mitte oben;Puffer Mitte;Puffer Mitte unten;;;;;;;;;;;;;;;;
Frischwasserstation 4 Puffer-Mindesttemperatur;INT;3;;rw;23972;23973;;°C;0;100;1;;;;;;;;;;;;;;;;;;;;;
Frischwasserstation 4 Zirkulationspumpe;WAHL;3;;rw;21190;21191;;;;;;Nicht vorhanden;Vorhanden;"Dauerphase
(selbstlernende Pumpe)";;;;;;;;;;;;;;;;;;
Frischwasserstation 4 FWS Zirkulationspumpe Laufzeit;INT;3;;rw;21191;21192;;Min;5;60;1;;;;;;;;;;;;;;;;;;;;;
Frischwasserstation 4 FWS Zirkulationspumpe Stillstandszeit;INT;3;;rw;21192;21193;;Min;1;60;1;;;;;;;;;;;;;;;;;;;;;
Frischwasserstation 4 Durchfluss Zirkulationspumpe;FLOAT;3;;rw;21193;21194;;l/min;0.00;50.00;0.00;;;;;;;;;;;;;;;;;;;;;
Frischwasserstation 4 FWS Zirkulationspumpe starten;WAHL;3;;rw;23455;23456;;;;;;Nein;Ja;;;;;;;;;;;;;;;;;;;
Frischwasserstation 4 FWS Zirkulationspumpe Unterschreitung Auslauf-Solltemperatur;INT;3;;rw;24076;24077;;°C;0;10;1;;;;;;;;;;;;;;;;;;;;;
Frischwasserstation 4 Schüttleistung;WAHL;3;;rw;21195;21196;;;;;;FWS 35 / HWS320;FWS 50;;;;;;;;;;;;;;;;;;;
Frischwasserstation 4 Position Vorlauffühler;WAHL;3;;rw;21196;21197;;;;;;Puffer;Wärmetauscher;;;;;;;;;;;;;;;;;;;
Rücklaufanhebung Rücklaufanhebung;WAHL;3;;rw;21593;21594;;;;;;Nicht vorhanden;Bypasspumpe;Kesselzirkulationspumpe;RL-Mischer+FLP 1;RL-Mischer+Pufferp.;RL-Mischer+RL-Pumpe;;;;;;;;;;;;;;;
Rücklaufmischer Mischerlaufzeit;INT;3;;rw;21594;21595;;;;;;Sek;10;300;5;;;;;;;;;;;;;;;;;
Bypasspumpe Bypasspumpe;WAHL;3;;rw;21864;21865;;;;;;Standard;Hocheffizienz;;;;;;;;;;;;;;;;;;;
Zentralpuffer Zentralpuffer;WAHL;3;;rw;20894;20895;;;;;;Nicht vorhanden;Puffer mit HKV;Puffer mit 1F;Puffer mit 2F;Puffer mit 3F;Puffer mit 5F;;;;;;;;;;;;;;;
Zentralpuffer Zentralpuffer Ladung automatisch;WAHL;3;;rw;21779;21780;;;;;;Nein;Ja;;;;;;;;;;;;;;;;;;;
Zentralpuffer Zentralpuffer Volumen;INT32;3;;rw;21199;21200;;l;0;100000;1;;;;;;;;;;;;;;;;;;;;;
Pufferladung Zentralpuffer Anzeige Füllgrad;WAHL;3;;rw;21201;21202;;;;;;Nein;Ja;;;;;;;;;;;;;;;;;;;
Zentralpuffer Auswahl Boiler am Zentralpuffer;WAHL;3;;rw;20895;20896;;;;;;"Puffer/Boiler
intern";"Puffer/Boiler
extern";"Puffer/
Frischwasserstation";;;;;;;;;;;;;;;;;;
Zentralpuffer Fühlerauswahl Zentralpuffer;WAHL;3;;rw;20896;20897;;;;;;Pufferfühler Kessel;Pufferfühler HKM 1;Pufferfühler HKM 2;;;;;;;;;;;;;;;;;;
Pufferladung Zentralpuffer interner Boiler;WAHL;3;;rw;21202;21203;;;;;;Boiler A;Boiler 1;Boiler 2;Boiler 3;Boiler B;;;;;;;;;;;;;;;;
Zentralpuffer Auswahl Ausgang für Pumpen / Zonenventil Zentralpuffer;WAHL;3;;rw;23973;23974;;;;;;Störungslampe;;;;;;;;;;;;;;;;;;;;
Zentralpuffer Zentralpufferladung beenden bei Temperatur;INT;3;;rw;20899;20900;;°C;20;80;1;;;;;;;;;;;;;;;;;;;;;
Zentralpuffer Zentralpufferladung beenden bei Temperatur;INT;3;;rw;21865;21866;;°C;20;80;1;;;;;;;;;;;;;;;;;;;;;
"Zentralpuffer minimale Kessel-Solltemperatur
bei Pufferladung";INT;3;;rw;20900;20901;;°C;48;85;1;;;;;;;;;;;;;;;;;;;;;
Zentralpuffer Fühler für Beenden der Zentralpufferladung (auf Grund Warmwasserbereitung, Solar, Fremdwärmebetrieb):;WAHL;3;;rw;20901;20902;;;;;;Puffer unten;Puffer oben;Puffer Mitte oben;Puffer Mitte;Puffer Mitte unten;Boilerfühler;;;;;;;;;;;;;;;
Zentralpuffer Puffer-Mindesttemperatur (Fühler oben);INT;3;;rw;20902;20903;;°C;0;60;1;;;;;;;;;;;;;;;;;;;;;
Zentralpuffer Tagesuhr Zentralpuffer Mindesttemp.;TPROG;3;;rw;21204;21205;;;;;;;;;;;;;;;;;;;;;;;;;;
Zentralpuffer Leistungsreduktion bei Füllgrad über;INT;3;;rw;21597;21598;;%;65;100;1;;;;;;;;;;;;;;;;;;;;;
Zentralpuffer Fehlererkennung Pufferfühler unten nach (0=deaktiviert);INT;3;;rw;21598;21599;;Min;0;60;1;;;;;;;;;;;;;;;;;;;;;
Zentralpuffer Wiederaufnahme Leistungsbrand bei Pufferbefüllgrad unter (100=inaktiv);INT;3;;rw;24350;24351;;%;0;100;1;;;;;;;;;;;;;;;;;;;;;
Wochenuhr Zwangsladung Zentralpuffer ;WPROG;3;;rw;21208;21209;;;;;;;;;;;;;;;;;;;;;;;;;;
Pufferzwangsladung Wochenuhr Keine Pufferzwangsladung bei Außentemperatur über;INT;3;;rw;21213;21214;;°C;-20;85;1;;;;;;;;;;;;;;;;;;;;;
Kesselleistung bei Pufferladung Kesselleistung bei Pufferladung;INT;3;;rw;23299;23300;;%;30;100;1;;;;;;;;;;;;;;;;;;;;;
Externer Heizkreis Solltemperatur;WAHL;3;;rw;20904;20905;;;;;;Einstellwert;Analog;;;;;;;;;;;;;;;;;;;
Externer Heizkreis Solltemperatur;INT;3;;rw;20905;20906;;°C;1;84;1;;;;;;;;;;;;;;;;;;;;;
Funktion Klemme 83 ;WAHL;3;;rw;21866;21867;;;;;;Störlampe;Externe Pumpe;Fernleitung 1;;;;;;;;;;;;;;;;;;
Externe Heizkreise an FLP ;WAHL;3;;rw;20906;20907;;;;;;keine Fernleitung;mit Fernleitung 1;geregelte Fernleitung 1;geregelte Fernleitung 2;;;;;;;;;;;;;;;;;
Fremdwärme ;WAHL;3;;rw;20908;20909;;;;;;Nicht vorhanden;Öl/Gas;Festbrennstoff;;;;;;;;;;;;;;;;;;
Zusatzpuffer HKM1 Zusatzpuffer HKM1;WAHL;3;;rw;23869;23870;;;;;;Nicht vorhanden;Puffer mit HKV;Puffer mit 1F;Puffer mit 2F;Puffer mit 3F;Puffer mit 5F;;;;;;;;;;;;;;;
Zusatzpuffer HKM1 Zusatzpuffer HKM1 Volumen;INT32;3;;rw;23876;23877;;l;0;100000;1;;;;;;;;;;;;;;;;;;;;;
Zusatzpuffer HKM1 Zusatzpuffer HKM1 Anzeige Füllgrad;WAHL;3;;rw;23881;23882;;;;;;Nein;Ja;;;;;;;;;;;;;;;;;;;
Zusatzpuffer HKM1 Auswahl Boiler am Zusatzpuffer HKM1;WAHL;3;;rw;23884;23885;;;;;;"Puffer/Boiler
intern";"Puffer/Boiler
extern";;;;;;;;;;;;;;;;;;;
Zusatzpuffer HKM1 Zusatzpuffer HKM1 Ladung beenden bei Temperatur;INT;3;;rw;23887;23888;;°C;20;80;1;;;;;;;;;;;;;;;;;;;;;
"Zusatzpuffer HKM1 minimale Wärmequelle-
Solltemperatur bei Pufferladung";INT;3;;rw;23890;23891;;°C;20;80;1;;;;;;;;;;;;;;;;;;;;;
Zusatzpuffer HKM1 Zusatzpuffer HKM1 Ladung bei jedem Kesselstart;WAHL;3;;rw;23894;23895;;;;;;Nein;Ja;Ja, wenn Anf. vorh.;;;;;;;;;;;;;;;;;;
Zusatzpuffer HKM1 Zusatzpuffer HKM1 Fühler für Beenden der Ladung (auf Grund Warmwasserbereitung);WAHL;3;;rw;23897;23898;;;;;;Puffer unten;Puffer oben;Puffer Mitte oben;Puffer Mitte;Puffer Mitte unten;Boilerfühler;;;;;;;;;;;;;;;
Zusatzpuffer HKM1 Puffer-Mindesttemperatur (Fühler oben);INT;3;;rw;23900;23901;;°C;0;90;1;;;;;;;;;;;;;;;;;;;;;
Zusatzpuffer HKM1 Zusatzpuffer HKM1 Tagesuhr Mindesttemp.;TPROG;3;;rw;23906;23907;;;;;;;;;;;;;;;;;;;;;;;;;;
Zusatzpuffer HKM1 Leistungsreduktion bei Füllgrad über;INT;3;;rw;23915;23916;;%;65;100;1;;;;;;;;;;;;;;;;;;;;;
Zusatzpuffer HKM1 Zusatzpuffer HKM1 Differenzregelung;WAHL;3;;rw;23872;23873;;;;;;Nein;Ja;;;;;;;;;;;;;;;;;;;
Zusatzpuffer HKM1 Wochenuhr Zwangsladung Puffer HKM1;WPROG;3;;rw;23925;23926;;;;;;;;;;;;;;;;;;;;;;;;;;
Zusatzpuffer HKM1 Keine Pufferzwangsladung bei Außentemperatur über;INT;3;;rw;23936;23937;;°C;-20;85;1;;;;;;;;;;;;;;;;;;;;;
Zusatzpuffer HKM1 Kesselleistung bei Pufferladung;INT;3;;rw;23939;23940;;%;30;100;1;;;;;;;;;;;;;;;;;;;;;
Zusatzpuffer HKM1 Auswahl Ausgang für Pumpen / Zonenventil Zusatzpuffer HKM1;WAHL;3;;rw;23942;23943;;;;;;Nicht vorhanden;"Störungslampe
(Klemme-Nr. 35)";"Externe Pumpe 2
(Klemme-Nr. 36)";;;;;;;;;;;;;;;;;;
Zusatzpuffer HKM1 Zusatzpuffer HKM1 an Fernleitung;WAHL;3;;rw;23945;23946;;;;;;Nein;Fernleitung 1;"geregelte 
Fernleitung 1";"geregelte 
Fernleitung 2";;;;;;;;;;;;;;;;;
Zusatzpuffer HKM2 Zusatzpuffer HKM2;WAHL;3;;rw;23870;23871;;;;;;Nicht vorhanden;Puffer mit HKV;Puffer mit 1F;Puffer mit 2F;Puffer mit 3F;Puffer mit 5F;;;;;;;;;;;;;;;
Zusatzpuffer HKM2 Zusatzpuffer HKM2 Volumen;INT32;3;;rw;23878;23879;;l;0;100000;1;;;;;;;;;;;;;;;;;;;;;
Zusatzpuffer HKM2 Zusatzpuffer HKM2 Anzeige Füllgrad;WAHL;3;;rw;23882;23883;;;;;;Nein;Ja;;;;;;;;;;;;;;;;;;;
Zusatzpuffer HKM2 Auswahl Boiler am Zusatzpuffer HKM2;WAHL;3;;rw;23885;23886;;;;;;"Puffer/Boiler
intern";"Puffer/Boiler
extern";;;;;;;;;;;;;;;;;;;
Zusatzpuffer HKM2 Zusatzpuffer HKM2 Ladung beenden bei Temperatur;INT;3;;rw;23888;23889;;°C;20;80;1;;;;;;;;;;;;;;;;;;;;;
"Zusatzpuffer HKM2 minimale Wärmequelle-
Solltemperatur bei Pufferladung";INT;3;;rw;23891;23892;;°C;20;80;1;;;;;;;;;;;;;;;;;;;;;
Zusatzpuffer HKM2 Zusatzpuffer HKM2 Ladung bei jedem Kesselstart;WAHL;3;;rw;23895;23896;;;;;;Nein;Ja;Ja, wenn Anf. vorh.;;;;;;;;;;;;;;;;;;
Zusatzpuffer HKM2 Zusatzpuffer HKM2 Fühler für Beenden der Ladung (auf Grund Warmwasserbereitung);WAHL;3;;rw;23898;23899;;;;;;Puffer unten;Puffer oben;Puffer Mitte oben;Puffer Mitte;Puffer Mitte unten;Boilerfühler;;;;;;;;;;;;;;;
Zusatzpuffer HKM2 Puffer-Mindesttemperatur (Fühler oben);INT;3;;rw;23901;23902;;°C;0;90;1;;;;;;;;;;;;;;;;;;;;;
Zusatzpuffer HKM2 Zusatzpuffer HKM2 Tagesuhr Mindesttemp.;TPROG;3;;rw;23910;23911;;;;;;;;;;;;;;;;;;;;;;;;;;
Zusatzpuffer HKM2 Leistungsreduktion bei Füllgrad über;INT;3;;rw;23916;23917;;%;65;100;1;;;;;;;;;;;;;;;;;;;;;
Zusatzpuffer HKM2 Zusatzpuffer HKM2 Differenzregelung;WAHL;3;;rw;23873;23874;;;;;;Nein;Ja;;;;;;;;;;;;;;;;;;;
Zusatzpuffer HKM2 Wochenuhr Zwangsladung Puffer HKM2;WPROG;3;;rw;23930;23931;;;;;;;;;;;;;;;;;;;;;;;;;;
Zusatzpuffer HKM2 Keine Pufferzwangsladung bei Außentemperatur über;INT;3;;rw;23937;23938;;°C;-20;85;1;;;;;;;;;;;;;;;;;;;;;
Zusatzpuffer HKM2 Kesselleistung bei Pufferladung;INT;3;;rw;23940;23941;;%;30;100;1;;;;;;;;;;;;;;;;;;;;;
Zusatzpuffer HKM2 Auswahl Ausgang für Pumpen / Zonenventil Zusatzpuffer HKM2;WAHL;3;;rw;23943;23944;;;;;;Nicht vorhanden;"Störungslampe
(Klemme-Nr. 35)";"Externe Pumpe 3
(Klemme-Nr. 36)";;;;;;;;;;;;;;;;;;
Zusatzpuffer HKM2 Zusatzpuffer HKM2 an Fernleitung;WAHL;3;;rw;23946;23947;;;;;;Nein;Fernleitung 1;"geregelte 
Fernleitung 1";"geregelte 
Fernleitung 2";;;;;;;;;;;;;;;;;
 Verbraucher am Kessel;BITFIELD;3;;rw;23963;23964;;;;;;;;;;;;;;;;;;;;;;;;;;
 Verbraucher am Kessel;BITFIELD;3;;rw;23965;23966;;;;;;;;;;;;;;;;;;;;;;;;;;
 Verbraucher am Zentralpuffer;BITFIELD;3;;rw;23959;23960;;;;;;;;;;;;;;;;;;;;;;;;;;
 Verbraucher am Zentralpuffer;BITFIELD;3;;rw;23961;23962;;;;;;;;;;;;;;;;;;;;;;;;;;
 Verbraucher am Zusatzpuffer HKM1;BITFIELD;3;;rw;23951;23952;;;;;;;;;;;;;;;;;;;;;;;;;;
 Verbraucher am Zusatzpuffer HKM1;BITFIELD;3;;rw;23953;23954;;;;;;;;;;;;;;;;;;;;;;;;;;
 Verbraucher am Zusatzpuffer HKM2;BITFIELD;3;;rw;23955;23956;;;;;;;;;;;;;;;;;;;;;;;;;;
 Verbraucher am Zusatzpuffer HKM2;BITFIELD;3;;rw;23957;23958;;;;;;;;;;;;;;;;;;;;;;;;;;
 Betriebsart;WAHL;3;;rw;21651;21652;;;;;;Handbefüllung;"Saugen + Schnecke
(RAS)";Direktschnecke (RAD);Punktabsaugung;"Schnecke +
Behälter";"Maulwurf Schellinger
Classic";"Maulwurf Schellinger
E3";;;;;;;;;;;;;;
Umschalteinheit Umschalteinheit;WAHL;3;;rw;21652;21653;;;;;;Nicht vorhanden;2-fach;3-fach;4-fach;6-fach;8-fach;;;;;;;;;;;;;;;
Umschalteinheit Positionswechsel nach:;INT;3;;rw;21653;21654;;Tage;0;990;1;;;;;;;;;;;;;;;;;;;;;
 Handbefüllung;WAHL;3;;rw;21867;21868;;;;;;"mit
Füllstandsüberwachung";"ohne
Füllstandsüberwachung";;;;;;;;;;;;;;;;;;;
Umschalteinheit Umschalteinheit;WAHL;3;;rw;21787;21788;;;;;;Belimo (AUE);Schrittmotor (AUP);;;;;;;;;;;;;;;;;;;
 Erster Saugvorgang nach Lagerraum füllen;WAHL;3;;rw;21788;21789;;;;;;aktuelle Position;Position 1;;;;;;;;;;;;;;;;;;;
 Verbrauchsanzeige;WAHL;3;;rw;21595;21596;;;;;;Nicht vorhanden;Vorhanden;;;;;;;;;;;;;;;;;;;
 Raumluftunabhängiger Betrieb;WAHL;3;;rw;21868;21869;;;;;;Aus;Ein;;;;;;;;;;;;;;;;;;;
HKM 1 Anzeige HKM-Ansicht;BITFIELD;3;;rw;21215;21216;;;;;;;;;;;;;;;;;;;;;;;;;;
HKM 1 Anzeige HKM-Ansicht;BITFIELD;3;;rw;23974;23975;;;;;;;;;;;;;;;;;;;;;;;;;;
HKM 2 Anzeige HKM-Ansicht;BITFIELD;3;;rw;21217;21218;;;;;;;;;;;;;;;;;;;;;;;;;;
HKM 2 Anzeige HKM-Ansicht;BITFIELD;3;;rw;23976;23977;;;;;;;;;;;;;;;;;;;;;;;;;;
 AUP Positionen Sperre;BITFIELD;3;;rw;21789;21790;;;;;;;;;;;;;;;;;;;;;;;;;;
 AUP Positionen Leer;BITFIELD;3;;rw;21791;21792;;;;;;;;;;;;;;;;;;;;;;;;;;
Frostschutz Frostschutz Ein unter Außentemperatur;INT;3;;rw;20909;20910;;°C;-30;20;1;;;;;;;;;;;;;;;;;;;;;
Frostschutz Vorlauf-Solltemperatur HK;INT;3;;rw;20910;20911;;°C;1;30;1;;;;;;;;;;;;;;;;;;;;;
 Lambdasonde;WAHL;3;;rw;21869;21870;;;;;;Nicht vorhanden;Vorhanden;;;;;;;;;;;;;;;;;;;
Umschaltung Tagabsenkung ;TPROG;3;;rw;20911;20912;;;;;;;;;;;;;;;;;;;;;;;;;;
 Freigabe Putzeinrichtung;TPROG;3;;rw;21870;21871;;;;;;;;;;;;;;;;;;;;;;;;;;
Alle Heizkreise Sommerabschaltung Sperrzeit;INT;3;;rw;20915;20916;;Min;0;240;10;;;;;;;;;;;;;;;;;;;;;
Sommerzeit ;WAHL;3;;rw;20916;20917;;;;;;keine  Umschaltung;autom. Umschaltung;;;;;;;;;;;;;;;;;;;
 Tagesuhr/Wochenuhr;WAHL;3;;rw;20917;20918;;;;;;Tagesuhr;Wochenuhr;HK+Boiler Wochenuhr;;;;;;;;;;;;;;;;;;
 Anzahl der Blöcke für Wochenuhr;INT;3;;rw;20918;20919;;;1;7;1;;;;;;;;;;;;;;;;;;;;;
Urlaubsschaltung ;WAHL;3;;rw;20919;20920;;;;;;getrennt;alle HK gemeinsam;;;;;;;;;;;;;;;;;;;
Außentemperatur-Abschaltung ;WAHL;3;;rw;20920;20921;;;;;;getrennt;alle HK gemeinsam;;;;;;;;;;;;;;;;;;;
 Außenfühler;WAHL;3;;rw;20921;20922;;;;;;"Nicht vorhanden
(ohne Kesselfrostschutz)";Vorhanden;"Nicht vorhanden
(mit Kesselfrostschutz)";Modbus;KNX;;;;;;;;;;;;;;;;
" Datenaufzeichnung
(SD)";WAHL;3;;rw;20922;20923;;;;;;Nein;Ja;;;;;;;;;;;;;;;;;;;
 Fühlertype;WAHL;3;;rw;21874;21875;;;;;;KTY;PT1000;;;;;;;;;;;;;;;;;;;
 Info / Verlauf;WAHL;3;;rw;21580;21581;;;;;;Nicht anzeigen;Anzeigen;;;;;;;;;;;;;;;;;;;
 Wärmemenge;WAHL;3;;rw;21784;21785;;;;;;Nicht anzeigen;Anzeigen;;;;;;;;;;;;;;;;;;;
 Pumpenstärke;FLOAT;3;;rw;21785;21786;;l/h;0.00;10000.00;0.10;;;;;;;;;;;;;;;;;;;;;
 Modbus aktiviert;WAHL;3;;rw;20926;20927;;;;;;Nein;Ja;;;;;;;;;;;;;;;;;;;
 Fühler über Modbus;BITFIELD;3;;rw;24297;24298;;;;;;;;;;;;;;;;;;;;;;;;;;
 KNX aktiviert;WAHL;3;;rw;21222;21223;;;;;;Nein;Ja;;;;;;;;;;;;;;;;;;;
 KNX geänderte Daten senden nach;INT;3;;rw;21223;21224;;Sek;0;300;1;;;;;;;;;;;;;;;;;;;;;
 KNX alle Daten senden nach;INT;3;;rw;21224;21225;;Min;0;60;1;;;;;;;;;;;;;;;;;;;;;
 KNX geänderte Daten senden bei Wertänderung größer;FLOAT;3;;rw;23314;23315;;;0.10;5.00;0.10;;;;;;;;;;;;;;;;;;;;;
geregelte Fernleitung 1 Geregelte Fernleitung Überhöhung;INT;3;;rw;20927;20928;;°C;0;20;1;;;;;;;;;;;;;;;;;;;;;
geregelte Fernleitung 1 Mischerlaufzeit;INT;3;;rw;20928;20929;;Sek;10;300;5;;;;;;;;;;;;;;;;;;;;;
geregelte Fernleitung 2 Geregelte Fernleitung Überhöhung;INT;3;;rw;21847;21848;;°C;0;20;1;;;;;;;;;;;;;;;;;;;;;
geregelte Fernleitung 2 Mischerlaufzeit;INT;3;;rw;21848;21849;;Sek;10;300;5;;;;;;;;;;;;;;;;;;;;;
Lagerstand ;INT;3;;rw;21654;21655;;;0;32000;1;;;;;;;;;;;;;;;;;;;;;
 Funktion Klemme 41/42;WAHL;3;;rw;21875;21876;;;;;;Lagerraumschalter;externe Störung;externe Info;;;;;;;;;;;;;;;;;;
 Lagerraumschalter Startverhalten;WAHL;3;;rw;21793;21794;;;;;;Automatisch;Manuell;;;;;;;;;;;;;;;;;;;
Eingang externe Störung Eingang externe Störung;WAHL;3;;rw;21226;21227;;;;;;Öffner;Schließer;;;;;;;;;;;;;;;;;;;
Eingang externe Info Eingang externe Info;WAHL;3;;rw;21227;21228;;;;;;Öffner;Schließer;;;;;;;;;;;;;;;;;;;
 Betriebsmeldeausgang;WAHL;3;;rw;21876;21877;;;;;;Inaktiv;Klemme 78;Klemme 81;;;;;;;;;;;;;;;;;;
 Ausgang Heizkreisventil;WAHL;3;;rw;21877;21878;;;;;;Inaktiv;Klemme 78;Klemme 81;;;;;;;;;;;;;;;;;;
 Manuelle Entaschung Kunde;WAHL;3;;rw;21803;21804;;;;;;Nicht vorhanden;Vorhanden;;;;;;;;;;;;;;;;;;;
Kessel geplante Entaschung Kunde;WAHL;3;;rw;21804;21805;;;;;;Nicht vorhanden;Vorhanden;;;;;;;;;;;;;;;;;;;
 Störausgang;WAHL;3;;rw;21238;21239;;;;;;Störung & Info;Störung;;;;;;;;;;;;;;;;;;;
 HK/Boiler auf Standardseite;BITFIELD;3;;rw;21239;21240;;;;;;;;;;;;;;;;;;;;;;;;;;
 Pumpe Ein bei Frostschutz;BITFIELD;3;;rw;21241;21242;;;;;;;;;;;;;;;;;;;;;;;;;;
 Pumpe Ein bei Frostschutz;BITFIELD;3;;rw;21243;21244;;;;;;;;;;;;;;;;;;;;;;;;;;
Frostschutz Kesselfrostschutz wenn TK oder RL kleiner;INT;3;;rw;21245;21246;;°C;-10;50;1;;;;;;;;;;;;;;;;;;;;;
 Funktion Klemme 62/63;WAHL;3;;rw;21246;21247;;;;;;ATW;externe Sperre;;;;;;;;;;;;;;;;;;;
Kessel Systemdrucküberwachung;WAHL;3;;rw;21794;21795;;;;;;Deaktiviert;Aktiviert;;;;;;;;;;;;;;;;;;;
Kessel Info wenn Wasserdruck unter (0=deaktiviert);FLOAT;3;;rw;21795;21796;;bar;0.00;4.00;0.10;;;;;;;;;;;;;;;;;;;;;
Kessel Störung wenn Wasserdruck unter (0=deaktiviert);FLOAT;3;;rw;21797;21798;;bar;0.00;4.00;0.10;;;;;;;;;;;;;;;;;;;;;
Kessel Info wenn Wasserdruck über (0=deaktiviert);FLOAT;3;;rw;21799;21800;;bar;0.00;10.00;0.10;;;;;;;;;;;;;;;;;;;;;
Kessel Störung wenn Wasserdruck über (0=deaktiviert);FLOAT;3;;rw;21801;21802;;bar;0.00;10.00;0.10;;;;;;;;;;;;;;;;;;;;;
Zentralpuffer Solar/Fremdwärmebetrieb;WAHL;3;;rw;22873;22874;;;;;;Nicht vorhanden;Vorhanden;;;;;;;;;;;;;;;;;;;
Zentralpuffer Solar/Fremdwärmebetrieb;TPROG;3;;rw;23387;23388;;;;;;;;;;;;;;;;;;;;;;;;;;
Zentralpuffer Heizkreisunterschreitung;INT;3;;rw;23324;23325;;°C;0;20;1;;;;;;;;;;;;;;;;;;;;;
Zentralpuffer Max. Anzahl der Leistungsbrände (<30 Min) bis zur Puffer Durchladung (0=deaktiviert);INT;3;;rw;23406;23407;;;0;20;1;;;;;;;;;;;;;;;;;;;;;
Zentralpuffer Solar/Fremdwärmebetrieb aktivieren;WAHL;3;;rw;23405;23406;;;;;;Deaktiviert;Aktiviert;;;;;;;;;;;;;;;;;;;
Zusatzpuffer HKM1 Solar/Fremdwärmebetrieb;WAHL;3;;rw;24274;24275;;;;;;Nicht vorhanden;Vorhanden;;;;;;;;;;;;;;;;;;;
Zusatzpuffer HKM1 Solar/Fremdwärmebetrieb;TPROG;3;;rw;24280;24281;;;;;;;;;;;;;;;;;;;;;;;;;;
Zusatzpuffer HKM1 Heizkreisunterschreitung;INT;3;;rw;24289;24290;;°C;0;20;1;;;;;;;;;;;;;;;;;;;;;
Zusatzpuffer HKM1 Max. Anzahl der Leistungsbrände (<30 Min) bis zur Puffer Durchladung (0=deaktiviert);INT;3;;rw;24292;24293;;;0;20;1;;;;;;;;;;;;;;;;;;;;;
Zusatzpuffer HKM1 Solar/Fremdwärmebetrieb aktivieren;WAHL;3;;rw;24295;24296;;;;;;Deaktiviert;Aktiviert;;;;;;;;;;;;;;;;;;;
Zusatzpuffer HKM2 Solar/Fremdwärmebetrieb;WAHL;3;;rw;24275;24276;;;;;;Nicht vorhanden;Vorhanden;;;;;;;;;;;;;;;;;;;
Zusatzpuffer HKM2 Solar/Fremdwärmebetrieb;TPROG;3;;rw;24284;24285;;;;;;;;;;;;;;;;;;;;;;;;;;
Zusatzpuffer HKM2 Heizkreisunterschreitung;INT;3;;rw;24290;24291;;°C;0;20;1;;;;;;;;;;;;;;;;;;;;;
Zusatzpuffer HKM2 Max. Anzahl der Leistungsbrände (<30 Min) bis zur Puffer Durchladung (0=deaktiviert);INT;3;;rw;24293;24294;;;0;20;1;;;;;;;;;;;;;;;;;;;;;
Zusatzpuffer HKM2 Solar/Fremdwärmebetrieb aktivieren;WAHL;3;;rw;24296;24297;;;;;;Deaktiviert;Aktiviert;;;;;;;;;;;;;;;;;;;
eCleaner eCleaner;WAHL;3;;rw;24023;24024;;;;;;Deaktiviert;Aktiviert;;;;;;;;;;;;;;;;;;;
 Kaskade;WAHL;3;;rw;21657;21658;;;;;;Nicht vorhanden;Vorhanden;;;;;;;;;;;;;;;;;;;
Kaskade Kaskade - Adresse;WAHL;3;;rw;21658;21659;;;;;;A;B;C;D;;;;;;;;;;;;;;;;;
Kaskade Kaskade - Priorität;WAHL;3;;rw;21659;21660;;;;;;P 1;P 2;P 3;P 4;P 5;P 6;;;;;;;;;;;;;;;
Kaskade Kaskade - Puffer;WAHL;3;;rw;21660;21661;;;;;;hydraulische Weiche;Puffer (Boiler intern);Puffer (Boiler extern);;;;;;;;;;;;;;;;;;
Kaskade Puffer;WAHL;3;;rw;21661;21662;;;;;;Nicht vorhanden;Puffer mit HKV;Puffer mit 1F;Puffer mit 2F;Puffer mit 3F;Puffer mit 5F;;;;;;;;;;;;;;;
Kaskade Anzahl Folgekessel (Fremdkessel ausgeschlossen);INT;3;;rw;21662;21663;;;0;3;1;;;;;;;;;;;;;;;;;;;;;
Kaskade gleichzeitige Modulation;INT;3;;rw;21808;21809;;;1;4;1;;;;;;;;;;;;;;;;;;;;;
"Kaskade Systemdrucküberwachung für
folgende Kessel";BITFIELD;3;;rw;21809;21810;;;;;;;;;;;;;;;;;;;;;;;;;;
Kaskade Minimale Laufzeitüberhöhung;INT;3;;rw;21663;21664;;h;0;999;1;;;;;;;;;;;;;;;;;;;;;
Kaskade Maximale Laufzeitüberhöhung;INT;3;;rw;21664;21665;;h;0;999;1;;;;;;;;;;;;;;;;;;;;;
Kaskade Kaskade maximale Leistung;INT;3;;rw;21665;21666;;%;0;100;1;;;;;;;;;;;;;;;;;;;;;
Kaskade maximale Laufzeit Volllast;INT;3;;rw;21666;21667;;Min;0;600;1;;;;;;;;;;;;;;;;;;;;;
Kaskade maximale Laufzeit Mindestleistung (Parameter oder < 51%);INT;3;;rw;21667;21668;;Min;0;600;1;;;;;;;;;;;;;;;;;;;;;
Kaskade Reset Laufzeit Volllast;INT;3;;rw;21668;21669;;Min;1;100;1;;;;;;;;;;;;;;;;;;;;;
Kaskade maximale Abweichung Kessel/Weiche;INT;3;;rw;21669;21670;;°C;0;100;1;;;;;;;;;;;;;;;;;;;;;
Kaskade minimale Anzahl Kessel;INT;3;;rw;21811;21812;;;1;4;1;;;;;;;;;;;;;;;;;;;;;
Kaskade bei Füllgrad kleiner (0=deaktiviert);INT;3;;rw;21812;21813;;%;0;100;1;;;;;;;;;;;;;;;;;;;;;
Kaskade maximale Anzahl Kessel;INT;3;;rw;23310;23311;;;1;6;1;;;;;;;;;;;;;;;;;;;;;
Kaskade bei Füllgrad größer (100=deaktiviert);INT;3;;rw;23311;23312;;%;0;100;1;;;;;;;;;;;;;;;;;;;;;
Kaskade minimale Anzahl Kessel;INT;3;;rw;21813;21814;;;1;4;1;;;;;;;;;;;;;;;;;;;;;
Kaskade bei Füllgrad kleiner (0=deaktiviert);INT;3;;rw;21814;21815;;%;0;100;1;;;;;;;;;;;;;;;;;;;;;
Kaskade maximale Anzahl Kessel;INT;3;;rw;23312;23313;;;1;6;1;;;;;;;;;;;;;;;;;;;;;
Kaskade bei Füllgrad größer (100=deaktiviert);INT;3;;rw;23313;23314;;%;0;100;1;;;;;;;;;;;;;;;;;;;;;
Kaskade minimale Anzahl Kessel;INT;3;;rw;21815;21816;;;1;4;1;;;;;;;;;;;;;;;;;;;;;
Kaskade bei Füllgrad kleiner (0=deaktiviert);INT;3;;rw;21816;21817;;%;0;100;1;;;;;;;;;;;;;;;;;;;;;
"Kaskade Anzahl Kessel Ein externer
Anforderung";INT;3;;rw;21670;21671;;;0;4;1;;;;;;;;;;;;;;;;;;;;;
Kaskade Start nächster Kessel bei Info;WAHL;3;;rw;21817;21818;;;;;;Nein;Ja;;;;;;;;;;;;;;;;;;;
"Kaskade Zwangszuschaltung ab
(0=deaktiviert)";INT;3;;rw;21818;21819;;Min;0;999;1;;;;;;;;;;;;;;;;;;;;;
Kaskade Eingang Fremdwärme/KWK;WAHL;3;;rw;21878;21879;;;;;;Öffner;Schließer;;;;;;;;;;;;;;;;;;;
Kaskade Verzögerung Kesselstart wenn KWK/Fremdwärme nicht ok (0=inaktiv);INT;3;;rw;21879;21880;;Min;0;120;1;;;;;;;;;;;;;;;;;;;;;
Kaskade Freien Kessel starten bei Entaschung wenn Pufferfüllgrad <;INT;3;;rw;21819;21820;;%;0;100;1;;;;;;;;;;;;;;;;;;;;;
"Kaskade Kessel-Solltemperatur
bei Kommunikations Störung";INT;3;;rw;21671;21672;;°C;0;100;1;;;;;;;;;;;;;;;;;;;;;
Kaskade Fremdkessel;WAHL;3;;rw;21672;21673;;;;;;Nicht vorhanden;Vorhanden;;;;;;;;;;;;;;;;;;;
Kaskade FW Kaskade-Priorität;WAHL;3;;rw;21820;21821;;;;;;P 1;P 2;P 3;P 4;P 5;P 6;;;;;;;;;;;;;;;
Kaskade Verzögerung Kesselstart wenn Fremdwärme nicht ok (0=inaktiv);INT;3;;rw;21821;21822;;Min;0;120;1;;;;;;;;;;;;;;;;;;;;;
Kaskade Infomeldung wenn FW nicht Ok;WAHL;3;;rw;21822;21823;;;;;;nicht anzeigen;Aktiviert;Deaktiviert;;;;;;;;;;;;;;;;;;
Kaskade Eingang Fremdwärme;WAHL;3;;rw;21880;21881;;;;;;Öffner;Schließer;;;;;;;;;;;;;;;;;;;
Kaskade Kaskade KWK;WAHL;3;;rw;21823;21824;;;;;;Nicht vorhanden;Vorhanden;;;;;;;;;;;;;;;;;;;
Kaskade KWK Kaskade-Priorität;WAHL;3;;rw;21824;21825;;;;;;P 1;P 2;P 3;P 4;P 5;P 6;;;;;;;;;;;;;;;
Kaskade KWK Abschalttemperatur;INT;3;;rw;21825;21826;;°C;30;75;1;;;;;;;;;;;;;;;;;;;;;
Kaskade Verzögerung Kesselstart wenn KWK nicht ok (0=inaktiv);INT;3;;rw;21826;21827;;Min;0;120;1;;;;;;;;;;;;;;;;;;;;;
Kaskade KWK anfordern bis Pufferfüllgrad größer;INT;3;;rw;21827;21828;;%;0;100;1;;;;;;;;;;;;;;;;;;;;;
Kaskade Infomeldung wenn KWK nicht Ok;WAHL;3;;rw;21828;21829;;;;;;nicht anzeigen;Aktiviert;Deaktiviert;;;;;;;;;;;;;;;;;;
Kaskade Eingang KWK;WAHL;3;;rw;21881;21882;;;;;;Öffner;Schließer;;;;;;;;;;;;;;;;;;;
Kaskade KWK sperren bei durchmischtem Puffer;WAHL;3;;rw;21829;21830;;;;;;Nein;Ja;;;;;;;;;;;;;;;;;;;
Kaskade Reset Kaskade;WAHL;3;;rw;21673;21674;;;;;;Nein;Ja;;;;;;;;;;;;;;;;;;;
Kaskade Kessel A deaktiviert;WAHL;3;;rw;21830;21831;;;;;;Nein;Ja;;;;;;;;;;;;;;;;;;;
Kaskade Kessel B deaktiviert;WAHL;3;;rw;21831;21832;;;;;;Nein;Ja;;;;;;;;;;;;;;;;;;;
Kaskade Kessel C deaktiviert;WAHL;3;;rw;21832;21833;;;;;;Nein;Ja;;;;;;;;;;;;;;;;;;;
Kaskade Kessel D deaktiviert;WAHL;3;;rw;21833;21834;;;;;;Nein;Ja;;;;;;;;;;;;;;;;;;;
Kaskade KWK deaktiviert;WAHL;3;;rw;21836;21837;;;;;;Nein;Ja;;;;;;;;;;;;;;;;;;;
Kaskade Fremdkessel deaktiviert;WAHL;3;;rw;21837;21838;;;;;;Nein;Ja;;;;;;;;;;;;;;;;;;;
Kaskade Kessel A;WAHL;3;;rw;21838;21839;;;;;;keine Wahl;Starten;Stoppen;;;;;;;;;;;;;;;;;;
Kaskade Kessel B;WAHL;3;;rw;21839;21840;;;;;;keine Wahl;Starten;Stoppen;;;;;;;;;;;;;;;;;;
Kaskade Kessel C;WAHL;3;;rw;21840;21841;;;;;;keine Wahl;Starten;Stoppen;;;;;;;;;;;;;;;;;;
Kaskade Kessel D;WAHL;3;;rw;21841;21842;;;;;;keine Wahl;Starten;Stoppen;;;;;;;;;;;;;;;;;;
Kaskade KWK;WAHL;3;;rw;21844;21845;;;;;;keine Wahl;Starten;Stoppen;;;;;;;;;;;;;;;;;;
Kaskade Fremdkessel;WAHL;3;;rw;21845;21846;;;;;;keine Wahl;Starten;Stoppen;;;;;;;;;;;;;;;;;;
Kaskade Kaskade Entaschung immer freigegeben;WAHL;3;;rw;23693;23694;;;;;;Nein;Ja;;;;;;;;;;;;;;;;;;;
Differenzregler Differenzregler Funktion;WAHL;3;;rw;21263;21264;;;;;;Nicht vorhanden;1 Kreis;2 Kreise;Fremdwärmekessel;;;;;;;;;;;;;;;;;
Differenzregler Differenzregler aktiv ab Wärmequelle;INT;3;;rw;21264;21265;;°C;10;95;1;;;;;;;;;;;;;;;;;;;;;
Differenzregler Differenzregler Abschaltung ab Wärmequelle;INT;3;;rw;21265;21266;;°C;10;140;1;;;;;;;;;;;;;;;;;;;;;
Differenzregler Differenzregler aktiv ab Wärmequelle;INT;3;;rw;21266;21267;;°C;10;95;1;;;;;;;;;;;;;;;;;;;;;
Differenzregler Differenzregler Freigabezeit;TPROG;3;;rw;21562;21563;;;;;;;;;;;;;;;;;;;;;;;;;;
;;3;;rw;21267;21268;;;;;;IO36 Klemme 209/210;Zentralpufferfühler oben;Zentralpufferfühler Mitte;Zentralpufferfühler unten;Zentralpufferfühler TPMO;Zentralpufferfühler TPMU;Boilerfühler A;Boilerfühler 1;Boilerfühler 2;Boilerfühler 3;Boilerfühler B;Platine S Klemme S2;Zusatzpufferfühler HKM0 oben;Zusatzpufferfühler HKM0 Mitte;Zusatzpufferfühler HKM0 unten;Zusatzpufferfühler HKM1 oben;Zusatzpufferfühler HKM1 Mitte;Zusatzpufferfühler HKM1 unten;Zusatzpufferfühler HKM2 oben;Zusatzpufferfühler HKM2 Mitte;Zusatzpufferfühler HKM2 unten
Differenzregler Überhöhung der Wärmequelle (Kreis 1);INT;3;;rw;21268;21269;;°C;1;50;1;;;;;;;;;;;;;;;;;;;;;
Differenzregler Schaltdifferenz (Kreis 1);INT;3;;rw;21269;21270;;°C;1;50;1;;;;;;;;;;;;;;;;;;;;;
Differenzregler Abschaltung Kreis 1;INT;3;;rw;21270;21271;;°C;10;95;1;;;;;;;;;;;;;;;;;;;;;
;;3;;rw;21271;21272;;;;;;IO36 Klemme 209/210;Zentralpufferfühler oben;Zentralpufferfühler Mitte;Zentralpufferfühler unten;Zentralpufferfühler TPMO;Zentralpufferfühler TPMU;Boilerfühler A;Boilerfühler 1;Boilerfühler 2;Boilerfühler 3;Boilerfühler B;Platine S Klemme S2;Zusatzpufferfühler HKM0 oben;Zusatzpufferfühler HKM0 Mitte;Zusatzpufferfühler HKM0 unten;Zusatzpufferfühler HKM1 oben;Zusatzpufferfühler HKM1 Mitte;Zusatzpufferfühler HKM1 unten;Zusatzpufferfühler HKM2 oben;Zusatzpufferfühler HKM2 Mitte;Zusatzpufferfühler HKM2 unten
Differenzregler Überhöhung der Wärmequelle (Kreis 2);INT;3;;rw;21272;21273;;°C;1;50;1;;;;;;;;;;;;;;;;;;;;;
Differenzregler Schaltdifferenz (Kreis 2);INT;3;;rw;21273;21274;;°C;1;50;1;;;;;;;;;;;;;;;;;;;;;
Differenzregler Abschaltung Kreis 2;INT;3;;rw;21274;21275;;°C;10;95;1;;;;;;;;;;;;;;;;;;;;;
Differenzregler Parallelbetrieb Kreis 1 + 2;WAHL;3;;rw;21275;21276;;;;;;Nein (ohne Ventil);Nein (Ventil vorhanden);Ja;;;;;;;;;;;;;;;;;;
Differenzregler Umschaltung auf Kreis 2 wenn Differenz bei Kreis 1 kleiner;INT;3;;rw;21276;21277;;°C;1;20;1;;;;;;;;;;;;;;;;;;;;;
Differenzregler Umschaltung auf Kreis 2 wenn Kreis 1 über;INT;3;;rw;21277;21278;;°C;20;90;1;;;;;;;;;;;;;;;;;;;;;
Differenzregler Zeitverzögerung für Umschaltung zwischen den Kreisen;INT;3;;rw;21278;21279;;Min;0;60;1;;;;;;;;;;;;;;;;;;;;;
Differenzregler Fremdwärmekessel;WAHL;3;;rw;21279;21280;;;;;;mit Rücklaufmischer;nur Pumpe;;;;;;;;;;;;;;;;;;;
Differenzregler Mischerlaufzeit;INT;3;;rw;21280;21281;;Sek;10;300;1;;;;;;;;;;;;;;;;;;;;;
Differenzregler Rücklauftemperatur Sollwert;INT;3;;rw;21281;21282;;°C;10;90;1;;;;;;;;;;;;;;;;;;;;;
Differenzregler Info bei nicht erreichter Rücklauftemperatur;INT;3;;rw;21282;21283;;°C;10;90;1;;;;;;;;;;;;;;;;;;;;;
Differenzregler Zeit für Info;INT;3;;rw;21283;21284;;Min;1;120;1;;;;;;;;;;;;;;;;;;;;;
;;3;;rw;21284;21285;;;;;;IO36 Klemme 209/210;Zentralpufferfühler oben;Zentralpufferfühler Mitte;Zentralpufferfühler unten;Zentralpufferfühler TPMO;Zentralpufferfühler TPMU;Boilerfühler A;Boilerfühler 1;Boilerfühler 2;Boilerfühler 3;Boilerfühler B;Platine S Klemme S2;Zusatzpufferfühler HKM0 oben;Zusatzpufferfühler HKM0 Mitte;Zusatzpufferfühler HKM0 unten;Zusatzpufferfühler HKM1 oben;Zusatzpufferfühler HKM1 Mitte;Zusatzpufferfühler HKM1 unten;Zusatzpufferfühler HKM2 oben;Zusatzpufferfühler HKM2 Mitte;Zusatzpufferfühler HKM2 unten
Differenzregler Überhöhung der Wärmequelle (Fremdwärmekessel);INT;3;;rw;21285;21286;;°C;1;50;1;;;;;;;;;;;;;;;;;;;;;
Differenzregler Schaltdifferenz (Fremdwärmekessel);INT;3;;rw;21286;21287;;°C;1;50;1;;;;;;;;;;;;;;;;;;;;;
Differenzregler Sicherheitsschaltung ab Wärmequelle (IO36 Klemme 207/208);INT;3;;rw;21287;21288;;°C;80;105;1;;;;;;;;;;;;;;;;;;;;;
Differenzregler Wärmemengenzähler Differenzregler;WAHL;3;;rw;21288;21289;;;;;;Inaktiv;Aktiv;;;;;;;;;;;;;;;;;;;
Differenzregler Durchfluss Pumpe 1 Maximum;FLOAT;3;;rw;21289;21290;;l/min;0.00;999.00;0.10;;;;;;;;;;;;;;;;;;;;;
Differenzregler Durchfluss Pumpe 2 Maximum;FLOAT;3;;rw;21291;21292;;l/min;0.00;999.00;0.10;;;;;;;;;;;;;;;;;;;;;
Differenzregler Durchfluss Pumpe 3 Maximum;FLOAT;3;;rw;21293;21294;;l/min;0.00;999.00;0.10;;;;;;;;;;;;;;;;;;;;;
Differenzregler Wärmekapazität Trägermedium;FLOAT;3;;rw;21295;21296;;Wh/kgK;0.10;3.00;0.00;;;;;;;;;;;;;;;;;;;;;
Differenzregler Abtaufunktion;WAHL;3;;rw;24307;24308;;;;;;Nicht vorhanden;Vorhanden;;;;;;;;;;;;;;;;;;;
Differenzregler Dauer Abtaufunktion;INT;3;;rw;24308;24309;;Min;1;30;1;;;;;;;;;;;;;;;;;;;;;
Fremdwärmeregler 2 Fremdwärmeregler 2;WAHL;3;;rw;21297;21298;;;;;;Nicht vorhanden;1 Kreis;2 Kreise;Fremdwärmekessel;;;;;;;;;;;;;;;;;
Fremdwärmeregler 2 Differenzregler aktiv ab Wärmequelle;INT;3;;rw;21298;21299;;°C;10;95;1;;;;;;;;;;;;;;;;;;;;;
Fremdwärmeregler 2 Differenzregler Abschaltung ab Wärmequelle;INT;3;;rw;21299;21300;;°C;10;140;1;;;;;;;;;;;;;;;;;;;;;
Fremdwärmeregler 2 Fremdwärmeregler 2 aktiv ab Wärmequelle;INT;3;;rw;21300;21301;;°C;10;95;1;;;;;;;;;;;;;;;;;;;;;
Fremdwärmeregler 2 Fremdwärmeregler Freigabezeit;TPROG;3;;rw;21566;21567;;;;;;;;;;;;;;;;;;;;;;;;;;
;;3;;rw;21301;21302;;;;;;IO36 Klemme 209/210;Zentralpufferfühler oben;Zentralpufferfühler Mitte;Zentralpufferfühler unten;Zentralpufferfühler TPMO;Zentralpufferfühler TPMU;Boilerfühler A;Boilerfühler 1;Boilerfühler 2;Boilerfühler 3;Boilerfühler B;Platine S Klemme S2;Zusatzpufferfühler HKM0 oben;Zusatzpufferfühler HKM0 Mitte;Zusatzpufferfühler HKM0 unten;Zusatzpufferfühler HKM1 oben;Zusatzpufferfühler HKM1 Mitte;Zusatzpufferfühler HKM1 unten;Zusatzpufferfühler HKM2 oben;Zusatzpufferfühler HKM2 Mitte;Zusatzpufferfühler HKM2 unten
Fremdwärmeregler 2 Überhöhung der Wärmequelle (Kreis 1);INT;3;;rw;21302;21303;;°C;1;50;1;;;;;;;;;;;;;;;;;;;;;
Fremdwärmeregler 2 Schaltdifferenz (Kreis 1);INT;3;;rw;21303;21304;;°C;1;50;1;;;;;;;;;;;;;;;;;;;;;
Fremdwärmeregler 2 Abschaltung Kreis 1;INT;3;;rw;21304;21305;;°C;10;95;1;;;;;;;;;;;;;;;;;;;;;
;;3;;rw;21305;21306;;;;;;IO36 Klemme 209/210;Zentralpufferfühler oben;Zentralpufferfühler Mitte;Zentralpufferfühler unten;Zentralpufferfühler TPMO;Zentralpufferfühler TPMU;Boilerfühler A;Boilerfühler 1;Boilerfühler 2;Boilerfühler 3;Boilerfühler B;Platine S Klemme S2;Zusatzpufferfühler HKM0 oben;Zusatzpufferfühler HKM0 Mitte;Zusatzpufferfühler HKM0 unten;Zusatzpufferfühler HKM1 oben;Zusatzpufferfühler HKM1 Mitte;Zusatzpufferfühler HKM1 unten;Zusatzpufferfühler HKM2 oben;Zusatzpufferfühler HKM2 Mitte;Zusatzpufferfühler HKM2 unten
Fremdwärmeregler 2 Überhöhung der Wärmequelle (Kreis 2);INT;3;;rw;21306;21307;;°C;1;50;1;;;;;;;;;;;;;;;;;;;;;
Fremdwärmeregler 2 Schaltdifferenz (Kreis 2);INT;3;;rw;21307;21308;;°C;1;50;1;;;;;;;;;;;;;;;;;;;;;
Fremdwärmeregler 2 Abschaltung Kreis 2;INT;3;;rw;21308;21309;;°C;10;95;1;;;;;;;;;;;;;;;;;;;;;
Fremdwärmeregler 2 Parallelbetrieb Kreis 1 + 2;WAHL;3;;rw;21309;21310;;;;;;Nein (ohne Ventil);Nein (Ventil vorhanden);Ja;;;;;;;;;;;;;;;;;;
Fremdwärmeregler 2 Umschaltung auf Kreis 2 wenn Differenz bei Kreis 1 kleiner;INT;3;;rw;21310;21311;;°C;1;20;1;;;;;;;;;;;;;;;;;;;;;
Fremdwärmeregler 2 Umschaltung auf Kreis 2 wenn Kreis 1 über;INT;3;;rw;21311;21312;;°C;20;90;1;;;;;;;;;;;;;;;;;;;;;
Fremdwärmeregler 2 Zeitverzögerung für Umschaltung zwischen den Kreisen;INT;3;;rw;21312;21313;;Min;0;60;1;;;;;;;;;;;;;;;;;;;;;
Fremdwärmeregler 2 Fremdwärmekessel 2;WAHL;3;;rw;21313;21314;;;;;;mit Rücklaufmischer;nur Pumpe;;;;;;;;;;;;;;;;;;;
Fremdwärmeregler 2 Mischerlaufzeit;INT;3;;rw;21314;21315;;Sek;10;300;1;;;;;;;;;;;;;;;;;;;;;
Fremdwärmeregler 2 Rücklauftemperatur Sollwert;INT;3;;rw;21315;21316;;°C;10;90;1;;;;;;;;;;;;;;;;;;;;;
Fremdwärmeregler 2 Info bei nicht erreichter Rücklauftemperatur;INT;3;;rw;21316;21317;;°C;10;90;1;;;;;;;;;;;;;;;;;;;;;
Fremdwärmeregler 2 Zeit für Info;INT;3;;rw;21317;21318;;Min;1;120;1;;;;;;;;;;;;;;;;;;;;;
;;3;;rw;21318;21319;;;;;;IO36 Klemme 209/210;Zentralpufferfühler oben;Zentralpufferfühler Mitte;Zentralpufferfühler unten;Zentralpufferfühler TPMO;Zentralpufferfühler TPMU;Boilerfühler A;Boilerfühler 1;Boilerfühler 2;Boilerfühler 3;Boilerfühler B;Platine S Klemme S2;Zusatzpufferfühler HKM0 oben;Zusatzpufferfühler HKM0 Mitte;Zusatzpufferfühler HKM0 unten;Zusatzpufferfühler HKM1 oben;Zusatzpufferfühler HKM1 Mitte;Zusatzpufferfühler HKM1 unten;Zusatzpufferfühler HKM2 oben;Zusatzpufferfühler HKM2 Mitte;Zusatzpufferfühler HKM2 unten
Fremdwärmeregler 2 Überhöhung der Wärmequelle (Fremdwärmekessel 2);INT;3;;rw;21319;21320;;°C;1;50;1;;;;;;;;;;;;;;;;;;;;;
Fremdwärmeregler 2 Schaltdifferenz (Fremdwärmekessel 2);INT;3;;rw;21320;21321;;°C;1;50;1;;;;;;;;;;;;;;;;;;;;;
Fremdwärmeregler 2 Sicherheitsschaltung ab Wärmequelle (IO36 Klemme 207/208);INT;3;;rw;21321;21322;;°C;80;105;1;;;;;;;;;;;;;;;;;;;;;
Fremdwärmeregler 2 Abtaufunktion;WAHL;3;;rw;24309;24310;;;;;;Nicht vorhanden;Vorhanden;;;;;;;;;;;;;;;;;;;
Fremdwärmeregler 2 Dauer Abtaufunktion;INT;3;;rw;24310;24311;;Min;1;30;1;;;;;;;;;;;;;;;;;;;;;
PWM Differenzregler 3 PWM Differenzregler Funktion;WAHL;3;;rw;21322;21323;;;;;;Nicht vorhanden;1 Kreis;2 Kreise;Fremdwärmekessel;;;;;;;;;;;;;;;;;
PWM Differenzregler 3 Pumpe 1;WAHL;3;;rw;21323;21324;;;;;;Nicht vorhanden;PWM;PWM invertiert;0-10V;230V;;;;;;;;;;;;;;;;
PWM Differenzregler 3 Drehzahl-Minimum Pumpe 1;INT;3;;rw;21324;21325;;%;16;100;1;;;;;;;;;;;;;;;;;;;;;
PWM Differenzregler 3 Drehzahl-Maximum Pumpe 1;INT;3;;rw;21325;21326;;%;0;100;1;;;;;;;;;;;;;;;;;;;;;
PWM Differenzregler 3 Pumpe 2;WAHL;3;;rw;21326;21327;;;;;;Nicht vorhanden;PWM;PWM invertiert;0-10V;230V;;;;;;;;;;;;;;;;
PWM Differenzregler 3 Drehzahl-Minimum Pumpe 2;INT;3;;rw;21327;21328;;%;16;100;1;;;;;;;;;;;;;;;;;;;;;
PWM Differenzregler 3 Drehzahl-Maximum Pumpe 2;INT;3;;rw;21328;21329;;%;0;100;1;;;;;;;;;;;;;;;;;;;;;
PWM Differenzregler 3 Pumpe 3;WAHL;3;;rw;21329;21330;;;;;;Nicht vorhanden;PWM;PWM invertiert;0-10V;230V;;;;;;;;;;;;;;;;
PWM Differenzregler 3 Drehzahl-Minimum Pumpe 3;INT;3;;rw;21330;21331;;%;16;100;1;;;;;;;;;;;;;;;;;;;;;
PWM Differenzregler 3 Drehzahl-Maximum Pumpe 3;INT;3;;rw;21331;21332;;%;0;100;1;;;;;;;;;;;;;;;;;;;;;
PWM Differenzregler 3 Differenzregler 3 aktiv ab Wärmequelle;INT;3;;rw;21332;21333;;°C;10;95;1;;;;;;;;;;;;;;;;;;;;;
PWM Differenzregler 3 PWM Differenzregler Abschaltung ab Wärmequelle;INT;3;;rw;21333;21334;;°C;10;140;1;;;;;;;;;;;;;;;;;;;;;
PWM Differenzregler 3 Differenzregler 3 aktiv ab Wärmequelle;INT;3;;rw;21334;21335;;°C;10;95;1;;;;;;;;;;;;;;;;;;;;;
PWM Differenzregler 3 PWM Differenzregler Freigabezeit;TPROG;3;;rw;21570;21571;;;;;;;;;;;;;;;;;;;;;;;;;;
PWM Differenzregler 3 Parallelbetrieb Kreis 1 + 2;WAHL;3;;rw;21335;21336;;;;;;Nein (ohne Ventil);Nein (Ventil vorhanden);Ja;;;;;;;;;;;;;;;;;;
PWM Differenzregler 3 Grundstellung Ventil;WAHL;3;;rw;21336;21337;;;;;;Kreis 2;Kreis 1;;;;;;;;;;;;;;;;;;;
;;3;;rw;21337;21338;;;;;;Platine S Klemme S3;Zentralpufferfühler oben;Zentralpufferfühler Mitte;Zentralpufferfühler unten;Zentralpufferfühler TPMO;Zentralpufferfühler TPMU;Boilerfühler A;Boilerfühler 1;Boilerfühler 2;Boilerfühler 3;Boilerfühler B;Platine S Klemme S2;Zusatzpufferfühler HKM0 oben;Zusatzpufferfühler HKM0 Mitte;Zusatzpufferfühler HKM0 unten;Zusatzpufferfühler HKM1 oben;Zusatzpufferfühler HKM1 Mitte;Zusatzpufferfühler HKM1 unten;Zusatzpufferfühler HKM2 oben;Zusatzpufferfühler HKM2 Mitte;Zusatzpufferfühler HKM2 unten
PWM Differenzregler 3 Überhöhung der Wärmequelle (Kreis 1);INT;3;;rw;21338;21339;;K;1;50;1;;;;;;;;;;;;;;;;;;;;;
PWM Differenzregler 3 Schaltdifferenz (Kreis 1);INT;3;;rw;21339;21340;;K;1;50;1;;;;;;;;;;;;;;;;;;;;;
PWM Differenzregler 3 Abschaltung Kreis 1;INT;3;;rw;21340;21341;;°C;10;95;1;;;;;;;;;;;;;;;;;;;;;
;;3;;rw;21341;21342;;;;;;Platine S Klemme S3;Zentralpufferfühler oben;Zentralpufferfühler Mitte;Zentralpufferfühler unten;Zentralpufferfühler TPMO;Zentralpufferfühler TPMU;Boilerfühler A;Boilerfühler 1;Boilerfühler 2;Boilerfühler 3;Boilerfühler B;Platine S Klemme S2;Zusatzpufferfühler HKM0 oben;Zusatzpufferfühler HKM0 Mitte;Zusatzpufferfühler HKM0 unten;Zusatzpufferfühler HKM1 oben;Zusatzpufferfühler HKM1 Mitte;Zusatzpufferfühler HKM1 unten;Zusatzpufferfühler HKM2 oben;Zusatzpufferfühler HKM2 Mitte;Zusatzpufferfühler HKM2 unten
PWM Differenzregler 3 Überhöhung der Wärmequelle (Kreis 2);INT;3;;rw;21342;21343;;K;1;50;1;;;;;;;;;;;;;;;;;;;;;
PWM Differenzregler 3 Schaltdifferenz (Kreis 2);INT;3;;rw;21343;21344;;K;1;50;1;;;;;;;;;;;;;;;;;;;;;
PWM Differenzregler 3 Abschaltung Kreis 2;INT;3;;rw;21344;21345;;°C;10;95;1;;;;;;;;;;;;;;;;;;;;;
PWM Differenzregler 3 Umschaltung auf Kreis 2 wenn Differenz bei Kreis 1 kleiner;INT;3;;rw;21345;21346;;K;1;20;1;;;;;;;;;;;;;;;;;;;;;
PWM Differenzregler 3 Umschaltung auf Kreis 2 wenn Kreis 1 über;INT;3;;rw;21346;21347;;°C;20;90;1;;;;;;;;;;;;;;;;;;;;;
PWM Differenzregler 3 Zeitverzögerung für Umschaltung zwischen den Kreisen;INT;3;;rw;21347;21348;;Min;0;60;1;;;;;;;;;;;;;;;;;;;;;
PWM Differenzregler 3 Vorspüldauer;INT;3;;rw;21348;21349;;Sek;0;60;1;;;;;;;;;;;;;;;;;;;;;
PWM Differenzregler 3 Sperrzeit für wiederholtes Einschalten;INT;3;;rw;21349;21350;;Min;0;60;1;;;;;;;;;;;;;;;;;;;;;
PWM Differenzregler 3 Startdrehzahl Regler;INT;3;;rw;21350;21351;;%;10;100;1;;;;;;;;;;;;;;;;;;;;;
PWM Differenzregler 3 Differenzdrehzahl Pumpe 2 (basierend auf Pumpe 1);INT;3;;rw;21351;21352;;%;-40;40;1;;;;;;;;;;;;;;;;;;;;;
PWM Differenzregler 3 Differenzdrehzahl Pumpe 3 (basierend auf Pumpe 1);INT;3;;rw;21352;21353;;%;-40;40;1;;;;;;;;;;;;;;;;;;;;;
PWM Differenzregler 3 Fremdwärmekessel;WAHL;3;;rw;21353;21354;;;;;;mit Rücklaufmischer;nur Pumpe;;;;;;;;;;;;;;;;;;;
PWM Differenzregler 3 Mischerlaufzeit;INT;3;;rw;21354;21355;;Sek;10;300;1;;;;;;;;;;;;;;;;;;;;;
PWM Differenzregler 3 Rücklauftemperatur Sollwert;INT;3;;rw;21355;21356;;°C;10;90;1;;;;;;;;;;;;;;;;;;;;;
PWM Differenzregler 3 Info bei nicht erreichter Rücklauftemperatur;INT;3;;rw;21356;21357;;°C;10;90;1;;;;;;;;;;;;;;;;;;;;;
PWM Differenzregler 3 Zeit für Info;INT;3;;rw;21357;21358;;Min;1;120;1;;;;;;;;;;;;;;;;;;;;;
;;3;;rw;21358;21359;;;;;;Platine S Klemme S3;Zentralpufferfühler oben;Zentralpufferfühler Mitte;Zentralpufferfühler unten;Zentralpufferfühler TPMO;Zentralpufferfühler TPMU;Boilerfühler A;Boilerfühler 1;Boilerfühler 2;Boilerfühler 3;Boilerfühler B;Platine S Klemme S2;Zusatzpufferfühler HKM0 oben;Zusatzpufferfühler HKM0 Mitte;Zusatzpufferfühler HKM0 unten;Zusatzpufferfühler HKM1 oben;Zusatzpufferfühler HKM1 Mitte;Zusatzpufferfühler HKM1 unten;Zusatzpufferfühler HKM2 oben;Zusatzpufferfühler HKM2 Mitte;Zusatzpufferfühler HKM2 unten
PWM Differenzregler 3 Überhöhung der Wärmequelle (Fremdwärmekessel);INT;3;;rw;21359;21360;;°C;1;50;1;;;;;;;;;;;;;;;;;;;;;
PWM Differenzregler 3 Schaltdifferenz (Fremdwärmekessel);INT;3;;rw;21360;21361;;°C;1;50;1;;;;;;;;;;;;;;;;;;;;;
PWM Differenzregler 3 Sicherheitsschaltung ab Wärmequelle (Platine S, Klemme S4);INT;3;;rw;21361;21362;;°C;80;105;1;;;;;;;;;;;;;;;;;;;;;
PWM Differenzregler 3 Wärmemengenzähler PWM Differenzregler;WAHL;3;;rw;21362;21363;;;;;;Inaktiv;Aktiv;;;;;;;;;;;;;;;;;;;
PWM Differenzregler 3 Durchfluss Pumpe 1 Minimum;FLOAT;3;;rw;21363;21364;;l/min;0.00;999.00;0.10;;;;;;;;;;;;;;;;;;;;;
PWM Differenzregler 3 Durchfluss Pumpe 1 Maximum;FLOAT;3;;rw;21365;21366;;l/min;0.00;999.00;0.10;;;;;;;;;;;;;;;;;;;;;
PWM Differenzregler 3 Durchfluss Pumpe 2 Minimum;FLOAT;3;;rw;21367;21368;;l/min;0.00;999.00;0.10;;;;;;;;;;;;;;;;;;;;;
PWM Differenzregler 3 Durchfluss Pumpe 2 Maximum;FLOAT;3;;rw;21369;21370;;l/min;0.00;999.00;0.10;;;;;;;;;;;;;;;;;;;;;
PWM Differenzregler 3 Durchfluss Pumpe 3 Minimum;FLOAT;3;;rw;21371;21372;;l/min;0.00;999.00;0.10;;;;;;;;;;;;;;;;;;;;;
PWM Differenzregler 3 Durchfluss Pumpe 3 Maximum;FLOAT;3;;rw;21373;21374;;l/min;0.00;999.00;0.10;;;;;;;;;;;;;;;;;;;;;
PWM Differenzregler 3 Wärmekapazität Trägermedium;FLOAT;3;;rw;21375;21376;;Wh/kgK;0.10;3.00;0.00;;;;;;;;;;;;;;;;;;;;;
PWM Differenzregler 3 Abtaufunktion;WAHL;3;;rw;24311;24312;;;;;;Nicht vorhanden;Vorhanden;;;;;;;;;;;;;;;;;;;
PWM Differenzregler 3 Dauer Abtaufunktion;INT;3;;rw;24312;24313;;Min;1;30;1;;;;;;;;;;;;;;;;;;;;;
